solid 120fanductv1
facet normal 0.0 0.0 -1.0
  outer loop
    vertex 4.656253246142802 112.28188457537823 0.0
    vertex 4.5710858552968645 7.06156955774271 0.0
    vertex 4.571067811865472 112.92893218813451 0.0
  endloop
endfacet
facet normal 0.0 0.0 -1.0
  outer loop
    vertex 4.5710858552968645 7.06156955774271 0.0
    vertex 4.656253246142802 112.28188457537823 0.0
    vertex 4.653812345696982 7.708936145676259 0.0
  endloop
endfacet
facet normal 0.0 0.0 -1.0
  outer loop
    vertex 4.653812345696982 7.708936145676259 0.0
    vertex 4.656253246142802 112.28188457537823 0.0
    vertex 4.90127080141295 8.312833060787867 0.0
  endloop
endfacet
facet normal 0.0 0.0 -1.0
  outer loop
    vertex 4.90127080141295 8.312833060787867 0.0
    vertex 4.656253246142802 112.28188457537823 0.0
    vertex 4.906004302404376 111.67893218813451 0.0
  endloop
endfacet
facet normal 0.0 0.0 -1.0
  outer loop
    vertex 4.90127080141295 8.312833060787867 0.0
    vertex 4.906004302404376 111.67893218813451 0.0
    vertex 5.296597337632156 8.832105726299513 0.0
  endloop
endfacet
facet normal 0.0 0.0 -1.0
  outer loop
    vertex 5.296597337632156 8.832105726299513 0.0
    vertex 4.906004302404376 111.67893218813451 0.0
    vertex 5.303300858899101 111.16116523516814 0.0
  endloop
endfacet
facet normal 0.0 0.0 -1.0
  outer loop
    vertex 5.296597337632156 8.832105726299513 0.0
    vertex 5.303300858899101 111.16116523516814 0.0
    vertex 5.812851104219255 9.231366568195236 0.0
  endloop
endfacet
facet normal 0.0 0.0 -1.0
  outer loop
    vertex 5.812851104219255 9.231366568195236 0.0
    vertex 5.303300858899101 111.16116523516814 0.0
    vertex 5.82106781186547 110.76386867867343 0.0
  endloop
endfacet
facet normal 0.0 0.0 -1.0
  outer loop
    vertex 5.812851104219255 9.231366568195236 0.0
    vertex 5.82106781186547 110.76386867867343 0.0
    vertex 6.4148502601310184 9.483406619909577 0.0
  endloop
endfacet
facet normal 0.0 0.0 -1.0
  outer loop
    vertex 6.4148502601310184 9.483406619909577 0.0
    vertex 5.82106781186547 110.76386867867343 0.0
    vertex 6.424020199109166 110.51411762241185 0.0
  endloop
endfacet
facet normal 0.0 0.0 -1.0
  outer loop
    vertex 6.4148502601310184 9.483406619909577 0.0
    vertex 6.424020199109166 110.51411762241185 0.0
    vertex 7.0615695577427084 9.571049768434088 0.0
  endloop
endfacet
facet normal 0.0 0.0 -1.0
  outer loop
    vertex 7.0615695577427084 9.571049768434088 0.0
    vertex 6.424020199109166 110.51411762241185 0.0
    vertex 7.0710678118654675 110.42893218813452 0.0
  endloop
endfacet
facet normal 0.0 0.0 -1.0
  outer loop
    vertex 7.0615695577427084 9.571049768434088 0.0
    vertex 7.0710678118654675 110.42893218813452 0.0
    vertex 7.708936145676257 9.488323278033969 0.0
  endloop
endfacet
facet normal 0.0 0.0 -1.0
  outer loop
    vertex 7.708936145676257 9.488323278033969 0.0
    vertex 7.0710678118654675 110.42893218813452 0.0
    vertex 7.71811542462177 110.51411762241185 0.0
  endloop
endfacet
facet normal 0.0 0.0 -1.0
  outer loop
    vertex 7.708936145676257 9.488323278033969 0.0
    vertex 7.71811542462177 110.51411762241185 0.0
    vertex 8.312833060787865 9.240864822318002 0.0
  endloop
endfacet
facet normal 0.0 0.0 -1.0
  outer loop
    vertex 8.312833060787865 9.240864822318002 0.0
    vertex 7.71811542462177 110.51411762241185 0.0
    vertex 8.321067811865467 110.76386867867343 0.0
  endloop
endfacet
facet normal 0.0 0.0 -1.0
  outer loop
    vertex 8.312833060787865 9.240864822318002 0.0
    vertex 8.321067811865467 110.76386867867343 0.0
    vertex 8.832105726299512 8.845538286098797 0.0
  endloop
endfacet
facet normal 0.0 0.0 -1.0
  outer loop
    vertex 8.832105726299512 8.845538286098797 0.0
    vertex 8.321067811865467 110.76386867867343 0.0
    vertex 8.838834764831834 111.16116523516814 0.0
  endloop
endfacet
facet normal 0.0 0.0 -1.0
  outer loop
    vertex 8.832105726299512 8.845538286098797 0.0
    vertex 8.838834764831834 111.16116523516814 0.0
    vertex 9.231366568195236 8.329284519511697 0.0
  endloop
endfacet
facet normal 0.0 0.0 -1.0
  outer loop
    vertex 9.231366568195236 8.329284519511697 0.0
    vertex 8.838834764831834 111.16116523516814 0.0
    vertex 9.23613132132656 111.67893218813452 0.0
  endloop
endfacet
facet normal 0.0 0.0 -1.0
  outer loop
    vertex 9.231366568195236 8.329284519511697 0.0
    vertex 9.23613132132656 111.67893218813452 0.0
    vertex 9.483406619909577 7.7272853635999335 0.0
  endloop
endfacet
facet normal 0.0 0.0 -1.0
  outer loop
    vertex 9.483406619909577 7.7272853635999335 0.0
    vertex 9.23613132132656 111.67893218813452 0.0
    vertex 9.485882377588133 112.28188457537823 0.0
  endloop
endfacet
facet normal 0.0 0.0 -1.0
  outer loop
    vertex 9.483406619909577 7.7272853635999335 0.0
    vertex 9.485882377588133 112.28188457537823 0.0
    vertex 9.571049768434088 7.080566065988244 0.0
  endloop
endfacet
facet normal 0.0 0.0 -1.0
  outer loop
    vertex 9.571049768434088 7.080566065988244 0.0
    vertex 9.485882377588133 112.28188457537823 0.0
    vertex 9.571067811865463 112.92893218813451 0.0
  endloop
endfacet
facet normal 0.0 0.0 -1.0
  outer loop
    vertex 110.42893218813454 112.92893218813454 0.0
    vertex 110.51411762241185 7.718115424621766 0.0
    vertex 110.42893218813452 7.071067811865466 0.0
  endloop
endfacet
facet normal 0.0 0.0 -1.0
  outer loop
    vertex 110.51411762241185 7.718115424621766 0.0
    vertex 110.42893218813454 112.92893218813454 0.0
    vertex 110.51411762241185 112.28188457537823 0.0
  endloop
endfacet
facet normal 0.0 0.0 -1.0
  outer loop
    vertex 110.51411762241185 7.718115424621766 0.0
    vertex 110.51411762241185 112.28188457537823 0.0
    vertex 110.76386867867343 111.67893218813452 0.0
  endloop
endfacet
facet normal 0.0 0.0 -1.0
  outer loop
    vertex 110.51411762241185 7.718115424621766 0.0
    vertex 110.76386867867343 111.67893218813452 0.0
    vertex 110.7638686786734 8.321067811865463 0.0
  endloop
endfacet
facet normal 0.0 0.0 -1.0
  outer loop
    vertex 110.7638686786734 8.321067811865463 0.0
    vertex 110.76386867867343 111.67893218813452 0.0
    vertex 111.16116523516814 8.838834764831834 0.0
  endloop
endfacet
facet normal 0.0 0.0 -1.0
  outer loop
    vertex 111.16116523516814 8.838834764831834 0.0
    vertex 110.76386867867343 111.67893218813452 0.0
    vertex 111.16116523516816 111.16116523516816 0.0
  endloop
endfacet
facet normal 0.0 0.0 -1.0
  outer loop
    vertex 111.16116523516814 8.838834764831834 0.0
    vertex 111.16116523516816 111.16116523516816 0.0
    vertex 111.67893218813451 9.23613132132656 0.0
  endloop
endfacet
facet normal 0.0 0.0 -1.0
  outer loop
    vertex 111.67893218813451 9.23613132132656 0.0
    vertex 111.16116523516816 111.16116523516816 0.0
    vertex 111.67893218813452 110.76386867867343 0.0
  endloop
endfacet
facet normal 0.0 0.0 -1.0
  outer loop
    vertex 111.67893218813451 9.23613132132656 0.0
    vertex 111.67893218813452 110.76386867867343 0.0
    vertex 112.2818845753782 9.485882377588137 0.0
  endloop
endfacet
facet normal 0.0 0.0 -1.0
  outer loop
    vertex 112.2818845753782 9.485882377588137 0.0
    vertex 111.67893218813452 110.76386867867343 0.0
    vertex 112.28188457537823 110.51411762241185 0.0
  endloop
endfacet
facet normal 0.0 0.0 -1.0
  outer loop
    vertex 112.2818845753782 9.485882377588137 0.0
    vertex 112.28188457537823 110.51411762241185 0.0
    vertex 112.92893218813451 9.571067811865465 0.0
  endloop
endfacet
facet normal 0.0 0.0 -1.0
  outer loop
    vertex 112.92893218813451 9.571067811865465 0.0
    vertex 112.28188457537823 110.51411762241185 0.0
    vertex 112.92893218813454 110.42893218813454 0.0
  endloop
endfacet
facet normal 0.0 0.0 -1.0
  outer loop
    vertex 112.92893218813451 9.571067811865465 0.0
    vertex 112.92893218813454 110.42893218813454 0.0
    vertex 113.57597980089082 9.485882377588137 0.0
  endloop
endfacet
facet normal 0.0 0.0 -1.0
  outer loop
    vertex 113.57597980089082 9.485882377588137 0.0
    vertex 112.92893218813454 110.42893218813454 0.0
    vertex 113.57597980089085 110.51411762241185 0.0
  endloop
endfacet
facet normal 0.0 0.0 -1.0
  outer loop
    vertex 113.57597980089082 9.485882377588137 0.0
    vertex 113.57597980089085 110.51411762241185 0.0
    vertex 114.17893218813452 9.236131321326562 0.0
  endloop
endfacet
facet normal 0.0 0.0 -1.0
  outer loop
    vertex 114.17893218813452 9.236131321326562 0.0
    vertex 113.57597980089085 110.51411762241185 0.0
    vertex 114.17893218813454 110.76386867867343 0.0
  endloop
endfacet
facet normal 0.0 0.0 -1.0
  outer loop
    vertex 114.17893218813452 9.236131321326562 0.0
    vertex 114.17893218813454 110.76386867867343 0.0
    vertex 114.69669914110088 8.838834764831835 0.0
  endloop
endfacet
facet normal 0.0 0.0 -1.0
  outer loop
    vertex 114.69669914110088 8.838834764831835 0.0
    vertex 114.17893218813454 110.76386867867343 0.0
    vertex 114.69669914110091 111.16116523516816 0.0
  endloop
endfacet
facet normal 0.0 0.0 -1.0
  outer loop
    vertex 114.69669914110088 8.838834764831835 0.0
    vertex 114.69669914110091 111.16116523516816 0.0
    vertex 115.09399569759562 8.321067811865467 0.0
  endloop
endfacet
facet normal 0.0 0.0 -1.0
  outer loop
    vertex 115.09399569759562 8.321067811865467 0.0
    vertex 114.69669914110091 111.16116523516816 0.0
    vertex 115.09399569759564 111.67893218813452 0.0
  endloop
endfacet
facet normal 0.0 0.0 -1.0
  outer loop
    vertex 115.09399569759562 8.321067811865467 0.0
    vertex 115.09399569759564 111.67893218813452 0.0
    vertex 115.34374675385718 7.718115424621769 0.0
  endloop
endfacet
facet normal 0.0 0.0 -1.0
  outer loop
    vertex 115.34374675385718 7.718115424621769 0.0
    vertex 115.09399569759564 111.67893218813452 0.0
    vertex 115.34374675385722 112.28188457537823 0.0
  endloop
endfacet
facet normal 0.0 0.0 -1.0
  outer loop
    vertex 115.34374675385718 7.718115424621769 0.0
    vertex 115.34374675385722 112.28188457537823 0.0
    vertex 115.42893218813451 7.071067811865466 0.0
  endloop
endfacet
facet normal 0.0 0.0 -1.0
  outer loop
    vertex 115.42893218813451 7.071067811865466 0.0
    vertex 115.34374675385722 112.28188457537823 0.0
    vertex 115.42893218813452 112.92893218813454 0.0
  endloop
endfacet
facet normal 0.0 0.0 -1.0
  outer loop
    vertex 0.0 120.0 0.0
    vertex 4.571067811865472 112.92893218813451 0.0
    vertex 0.0 0.0 0.0
  endloop
endfacet
facet normal 0.0 0.0 -1.0
  outer loop
    vertex 4.571067811865472 112.92893218813451 0.0
    vertex 0.0 120.0 0.0
    vertex 4.656253246142802 113.5759798008908 0.0
  endloop
endfacet
facet normal 0.0 0.0 -1.0
  outer loop
    vertex 4.656253246142802 113.5759798008908 0.0
    vertex 0.0 120.0 0.0
    vertex 4.906004302404376 114.1789321881345 0.0
  endloop
endfacet
facet normal 0.0 0.0 -1.0
  outer loop
    vertex 4.906004302404376 114.1789321881345 0.0
    vertex 0.0 120.0 0.0
    vertex 5.303300858899101 114.69669914110088 0.0
  endloop
endfacet
facet normal 0.0 0.0 -1.0
  outer loop
    vertex 5.303300858899101 114.69669914110088 0.0
    vertex 0.0 120.0 0.0
    vertex 5.821067811865469 115.0939956975956 0.0
  endloop
endfacet
facet normal 0.0 0.0 -1.0
  outer loop
    vertex 5.821067811865469 115.0939956975956 0.0
    vertex 0.0 120.0 0.0
    vertex 6.424020199109166 115.34374675385718 0.0
  endloop
endfacet
facet normal 0.0 0.0 -1.0
  outer loop
    vertex 6.424020199109166 115.34374675385718 0.0
    vertex 0.0 120.0 0.0
    vertex 7.0710678118654675 115.42893218813451 0.0
  endloop
endfacet
facet normal 0.0 0.0 -1.0
  outer loop
    vertex 7.0710678118654675 115.42893218813451 0.0
    vertex 0.0 120.0 0.0
    vertex 120.0 120.0 0.0
  endloop
endfacet
facet normal 0.0 0.0 -1.0
  outer loop
    vertex 7.0710678118654675 115.42893218813451 0.0
    vertex 120.0 120.0 0.0
    vertex 7.718115424621767 115.34374675385718 0.0
  endloop
endfacet
facet normal 0.0 0.0 -1.0
  outer loop
    vertex 7.718115424621767 115.34374675385718 0.0
    vertex 120.0 120.0 0.0
    vertex 8.321067811865465 115.0939956975956 0.0
  endloop
endfacet
facet normal 0.0 0.0 -1.0
  outer loop
    vertex 8.321067811865465 115.0939956975956 0.0
    vertex 120.0 120.0 0.0
    vertex 8.838834764831832 114.69669914110088 0.0
  endloop
endfacet
facet normal 0.0 0.0 -1.0
  outer loop
    vertex 8.838834764831832 114.69669914110088 0.0
    vertex 120.0 120.0 0.0
    vertex 9.23613132132656 114.17893218813452 0.0
  endloop
endfacet
facet normal 0.0 0.0 -1.0
  outer loop
    vertex 9.23613132132656 114.17893218813452 0.0
    vertex 120.0 120.0 0.0
    vertex 9.485882377588133 113.57597980089082 0.0
  endloop
endfacet
facet normal 0.0 0.0 -1.0
  outer loop
    vertex 9.485882377588133 113.57597980089082 0.0
    vertex 120.0 120.0 0.0
    vertex 9.571067811865463 112.92893218813451 0.0
  endloop
endfacet
facet normal 0.0 0.0 -1.0
  outer loop
    vertex 9.571067811865463 112.92893218813451 0.0
    vertex 120.0 120.0 0.0
    vertex 53.558674321614404 109.58335732385386 0.0
  endloop
endfacet
facet normal 0.0 0.0 -1.0
  outer loop
    vertex 9.571067811865463 112.92893218813451 0.0
    vertex 53.558674321614404 109.58335732385386 0.0
    vertex 40.945039976171465 106.22670763195555 0.0
  endloop
endfacet
facet normal 0.0 0.0 -1.0
  outer loop
    vertex 9.571067811865463 112.92893218813451 0.0
    vertex 40.945039976171465 106.22670763195555 0.0
    vertex 29.629969666542127 99.71978420818584 0.0
  endloop
endfacet
facet normal 0.0 0.0 -1.0
  outer loop
    vertex 9.571067811865463 112.92893218813451 0.0
    vertex 29.629969666542127 99.71978420818584 0.0
    vertex 20.38456673528979 90.50602313067523 0.0
  endloop
endfacet
facet normal 0.0 0.0 -1.0
  outer loop
    vertex 9.571067811865463 112.92893218813451 0.0
    vertex 20.38456673528979 90.50602313067523 0.0
    vertex 13.838890113428574 79.21332699039597 0.0
  endloop
endfacet
facet normal 0.0 0.0 -1.0
  outer loop
    vertex 9.571067811865463 112.92893218813451 0.0
    vertex 13.838890113428574 79.21332699039597 0.0
    vertex 10.439016845496244 66.61127436724534 0.0
  endloop
endfacet
facet normal 0.0 0.0 -1.0
  outer loop
    vertex 9.571067811865463 112.92893218813451 0.0
    vertex 10.439016845496244 66.61127436724534 0.0
    vertex 10.416642676146157 53.558674321614404 0.0
  endloop
endfacet
facet normal 0.0 0.0 -1.0
  outer loop
    vertex 10.416642676146157 53.558674321614404 0.0
    vertex 10.439016845496244 66.61127436724534 0.0
    vertex 10.427684101690756 60.0 0.0
  endloop
endfacet
facet normal 0.0 0.0 -1.0
  outer loop
    vertex 53.558674321614404 109.58335732385386 0.0
    vertex 120.0 120.0 0.0
    vertex 66.61127436724534 109.56098315450376 0.0
  endloop
endfacet
facet normal 0.0 0.0 -1.0
  outer loop
    vertex 66.61127436724534 109.56098315450376 0.0
    vertex 120.0 120.0 0.0
    vertex 79.21332699039597 106.16110988657144 0.0
  endloop
endfacet
facet normal 0.0 0.0 -1.0
  outer loop
    vertex 79.21332699039597 106.16110988657144 0.0
    vertex 120.0 120.0 0.0
    vertex 111.67893218813452 115.09399569759564 0.0
  endloop
endfacet
facet normal 0.0 0.0 -1.0
  outer loop
    vertex 79.21332699039597 106.16110988657144 0.0
    vertex 111.67893218813452 115.09399569759564 0.0
    vertex 90.50602313067523 99.61543326471022 0.0
  endloop
endfacet
facet normal 0.0 0.0 -1.0
  outer loop
    vertex 90.50602313067523 99.61543326471022 0.0
    vertex 111.67893218813452 115.09399569759564 0.0
    vertex 111.16116523516816 114.69669914110091 0.0
  endloop
endfacet
facet normal 0.0 0.0 -1.0
  outer loop
    vertex 90.50602313067523 99.61543326471022 0.0
    vertex 111.16116523516816 114.69669914110091 0.0
    vertex 110.76386867867343 114.17893218813454 0.0
  endloop
endfacet
facet normal 0.0 0.0 -1.0
  outer loop
    vertex 90.50602313067523 99.61543326471022 0.0
    vertex 110.76386867867343 114.17893218813454 0.0
    vertex 99.71978420818581 90.3700303334579 0.0
  endloop
endfacet
facet normal 0.0 0.0 -1.0
  outer loop
    vertex 99.71978420818581 90.3700303334579 0.0
    vertex 110.76386867867343 114.17893218813454 0.0
    vertex 110.51411762241185 113.57597980089085 0.0
  endloop
endfacet
facet normal 0.0 0.0 -1.0
  outer loop
    vertex 99.71978420818581 90.3700303334579 0.0
    vertex 110.51411762241185 113.57597980089085 0.0
    vertex 110.42893218813454 112.92893218813454 0.0
  endloop
endfacet
facet normal 0.0 0.0 -1.0
  outer loop
    vertex 99.71978420818581 90.3700303334579 0.0
    vertex 110.42893218813454 112.92893218813454 0.0
    vertex 106.22670763195555 79.05496002382854 0.0
  endloop
endfacet
facet normal 0.0 0.0 -1.0
  outer loop
    vertex 106.22670763195555 79.05496002382854 0.0
    vertex 110.42893218813454 112.92893218813454 0.0
    vertex 109.58335732385383 66.44132567838562 0.0
  endloop
endfacet
facet normal 0.0 0.0 -1.0
  outer loop
    vertex 109.58335732385383 66.44132567838562 0.0
    vertex 110.42893218813454 112.92893218813454 0.0
    vertex 110.42893218813452 7.071067811865466 0.0
  endloop
endfacet
facet normal 0.0 0.0 -1.0
  outer loop
    vertex 111.67893218813452 115.09399569759564 0.0
    vertex 120.0 120.0 0.0
    vertex 112.28188457537823 115.34374675385722 0.0
  endloop
endfacet
facet normal 0.0 0.0 -1.0
  outer loop
    vertex 112.28188457537823 115.34374675385722 0.0
    vertex 120.0 120.0 0.0
    vertex 112.92893218813454 115.42893218813452 0.0
  endloop
endfacet
facet normal 0.0 0.0 -1.0
  outer loop
    vertex 112.92893218813454 115.42893218813452 0.0
    vertex 120.0 120.0 0.0
    vertex 113.57597980089085 115.34374675385722 0.0
  endloop
endfacet
facet normal 0.0 0.0 -1.0
  outer loop
    vertex 113.57597980089085 115.34374675385722 0.0
    vertex 120.0 120.0 0.0
    vertex 114.17893218813454 115.09399569759564 0.0
  endloop
endfacet
facet normal 0.0 0.0 -1.0
  outer loop
    vertex 114.17893218813454 115.09399569759564 0.0
    vertex 120.0 120.0 0.0
    vertex 114.69669914110091 114.69669914110091 0.0
  endloop
endfacet
facet normal 0.0 0.0 -1.0
  outer loop
    vertex 114.69669914110091 114.69669914110091 0.0
    vertex 120.0 120.0 0.0
    vertex 115.09399569759564 114.17893218813454 0.0
  endloop
endfacet
facet normal 0.0 0.0 -1.0
  outer loop
    vertex 115.09399569759564 114.17893218813454 0.0
    vertex 120.0 120.0 0.0
    vertex 115.34374675385722 113.57597980089085 0.0
  endloop
endfacet
facet normal 0.0 0.0 -1.0
  outer loop
    vertex 115.34374675385722 113.57597980089085 0.0
    vertex 120.0 120.0 0.0
    vertex 115.42893218813452 112.92893218813454 0.0
  endloop
endfacet
facet normal 0.0 0.0 -1.0
  outer loop
    vertex 0.0 0.0 0.0
    vertex 7.080566065988242 4.5710858552968645 0.0
    vertex 120.0 0.0 0.0
  endloop
endfacet
facet normal 0.0 0.0 -1.0
  outer loop
    vertex 7.080566065988242 4.5710858552968645 0.0
    vertex 0.0 0.0 0.0
    vertex 6.433199478054693 4.653812345696982 0.0
  endloop
endfacet
facet normal 0.0 0.0 -1.0
  outer loop
    vertex 6.433199478054693 4.653812345696982 0.0
    vertex 0.0 0.0 0.0
    vertex 5.829302562943086 4.90127080141295 0.0
  endloop
endfacet
facet normal 0.0 0.0 -1.0
  outer loop
    vertex 5.829302562943086 4.90127080141295 0.0
    vertex 0.0 0.0 0.0
    vertex 5.310029897431439 5.296597337632156 0.0
  endloop
endfacet
facet normal 0.0 0.0 -1.0
  outer loop
    vertex 5.310029897431439 5.296597337632156 0.0
    vertex 0.0 0.0 0.0
    vertex 4.910769055535717 5.812851104219255 0.0
  endloop
endfacet
facet normal 0.0 0.0 -1.0
  outer loop
    vertex 4.910769055535717 5.812851104219255 0.0
    vertex 0.0 0.0 0.0
    vertex 4.658729003821374 6.414850260131019 0.0
  endloop
endfacet
facet normal 0.0 0.0 -1.0
  outer loop
    vertex 4.658729003821374 6.414850260131019 0.0
    vertex 0.0 0.0 0.0
    vertex 4.5710858552968645 7.06156955774271 0.0
  endloop
endfacet
facet normal 0.0 0.0 -1.0
  outer loop
    vertex 4.5710858552968645 7.06156955774271 0.0
    vertex 0.0 0.0 0.0
    vertex 4.571067811865472 112.92893218813451 0.0
  endloop
endfacet
facet normal 0.0 0.0 -1.0
  outer loop
    vertex 120.0 0.0 0.0
    vertex 7.080566065988242 4.5710858552968645 0.0
    vertex 7.727285363599933 4.658729003821374 0.0
  endloop
endfacet
facet normal 0.0 0.0 -1.0
  outer loop
    vertex 120.0 0.0 0.0
    vertex 7.727285363599933 4.658729003821374 0.0
    vertex 8.329284519511697 4.910769055535717 0.0
  endloop
endfacet
facet normal 0.0 0.0 -1.0
  outer loop
    vertex 120.0 0.0 0.0
    vertex 8.329284519511697 4.910769055535717 0.0
    vertex 8.845538286098797 5.31002989743144 0.0
  endloop
endfacet
facet normal 0.0 0.0 -1.0
  outer loop
    vertex 120.0 0.0 0.0
    vertex 8.845538286098797 5.31002989743144 0.0
    vertex 9.240864822318002 5.829302562943087 0.0
  endloop
endfacet
facet normal 0.0 0.0 -1.0
  outer loop
    vertex 120.0 0.0 0.0
    vertex 9.240864822318002 5.829302562943087 0.0
    vertex 9.488323278033969 6.433199478054693 0.0
  endloop
endfacet
facet normal 0.0 0.0 -1.0
  outer loop
    vertex 120.0 0.0 0.0
    vertex 9.488323278033969 6.433199478054693 0.0
    vertex 9.571049768434088 7.080566065988244 0.0
  endloop
endfacet
facet normal 0.0 0.0 -1.0
  outer loop
    vertex 120.0 0.0 0.0
    vertex 9.571049768434088 7.080566065988244 0.0
    vertex 53.388725632754664 10.439016845496244 0.0
  endloop
endfacet
facet normal 0.0 0.0 -1.0
  outer loop
    vertex 53.388725632754664 10.439016845496244 0.0
    vertex 9.571049768434088 7.080566065988244 0.0
    vertex 40.78667300960403 13.838890113428574 0.0
  endloop
endfacet
facet normal 0.0 0.0 -1.0
  outer loop
    vertex 40.78667300960403 13.838890113428574 0.0
    vertex 9.571049768434088 7.080566065988244 0.0
    vertex 29.49397686932477 20.38456673528979 0.0
  endloop
endfacet
facet normal 0.0 0.0 -1.0
  outer loop
    vertex 29.49397686932477 20.38456673528979 0.0
    vertex 9.571049768434088 7.080566065988244 0.0
    vertex 20.280215791814165 29.629969666542134 0.0
  endloop
endfacet
facet normal 0.0 0.0 -1.0
  outer loop
    vertex 20.280215791814165 29.629969666542134 0.0
    vertex 9.571049768434088 7.080566065988244 0.0
    vertex 13.773292368044453 40.94503997617147 0.0
  endloop
endfacet
facet normal 0.0 0.0 -1.0
  outer loop
    vertex 13.773292368044453 40.94503997617147 0.0
    vertex 9.571049768434088 7.080566065988244 0.0
    vertex 10.416642676146157 53.558674321614404 0.0
  endloop
endfacet
facet normal 0.0 0.0 -1.0
  outer loop
    vertex 10.416642676146157 53.558674321614404 0.0
    vertex 9.571049768434088 7.080566065988244 0.0
    vertex 9.571067811865463 112.92893218813451 0.0
  endloop
endfacet
facet normal 0.0 0.0 -1.0
  outer loop
    vertex 120.0 0.0 0.0
    vertex 53.388725632754664 10.439016845496244 0.0
    vertex 66.44132567838562 10.416642676146157 0.0
  endloop
endfacet
facet normal 0.0 0.0 -1.0
  outer loop
    vertex 120.0 0.0 0.0
    vertex 66.44132567838562 10.416642676146157 0.0
    vertex 79.05496002382854 13.773292368044466 0.0
  endloop
endfacet
facet normal 0.0 0.0 -1.0
  outer loop
    vertex 120.0 0.0 0.0
    vertex 79.05496002382854 13.773292368044466 0.0
    vertex 111.67893218813451 4.906004302404369 0.0
  endloop
endfacet
facet normal 0.0 0.0 -1.0
  outer loop
    vertex 111.67893218813451 4.906004302404369 0.0
    vertex 79.05496002382854 13.773292368044466 0.0
    vertex 90.37003033345788 20.280215791814175 0.0
  endloop
endfacet
facet normal 0.0 0.0 -1.0
  outer loop
    vertex 111.67893218813451 4.906004302404369 0.0
    vertex 90.37003033345788 20.280215791814175 0.0
    vertex 111.16116523516814 5.303300858899097 0.0
  endloop
endfacet
facet normal 0.0 0.0 -1.0
  outer loop
    vertex 111.16116523516814 5.303300858899097 0.0
    vertex 90.37003033345788 20.280215791814175 0.0
    vertex 110.7638686786734 5.821067811865466 0.0
  endloop
endfacet
facet normal 0.0 0.0 -1.0
  outer loop
    vertex 110.7638686786734 5.821067811865466 0.0
    vertex 90.37003033345788 20.280215791814175 0.0
    vertex 99.61543326471023 29.493976869324797 0.0
  endloop
endfacet
facet normal 0.0 0.0 -1.0
  outer loop
    vertex 110.7638686786734 5.821067811865466 0.0
    vertex 99.61543326471023 29.493976869324797 0.0
    vertex 110.51411762241185 6.424020199109162 0.0
  endloop
endfacet
facet normal 0.0 0.0 -1.0
  outer loop
    vertex 110.51411762241185 6.424020199109162 0.0
    vertex 99.61543326471023 29.493976869324797 0.0
    vertex 110.42893218813452 7.071067811865466 0.0
  endloop
endfacet
facet normal 0.0 0.0 -1.0
  outer loop
    vertex 110.42893218813452 7.071067811865466 0.0
    vertex 99.61543326471023 29.493976869324797 0.0
    vertex 106.16110988657144 40.78667300960405 0.0
  endloop
endfacet
facet normal 0.0 0.0 -1.0
  outer loop
    vertex 110.42893218813452 7.071067811865466 0.0
    vertex 106.16110988657144 40.78667300960405 0.0
    vertex 109.56098315450376 53.38872563275467 0.0
  endloop
endfacet
facet normal 0.0 0.0 -1.0
  outer loop
    vertex 110.42893218813452 7.071067811865466 0.0
    vertex 109.56098315450376 53.38872563275467 0.0
    vertex 109.57231589830924 60.0 0.0
  endloop
endfacet
facet normal 0.0 0.0 -1.0
  outer loop
    vertex 110.42893218813452 7.071067811865466 0.0
    vertex 109.57231589830924 60.0 0.0
    vertex 109.58335732385383 66.44132567838562 0.0
  endloop
endfacet
facet normal 0.0 0.0 -1.0
  outer loop
    vertex 120.0 0.0 0.0
    vertex 111.67893218813451 4.906004302404369 0.0
    vertex 112.28188457537823 4.6562532461427955 0.0
  endloop
endfacet
facet normal 0.0 0.0 -1.0
  outer loop
    vertex 120.0 0.0 0.0
    vertex 112.28188457537823 4.6562532461427955 0.0
    vertex 112.92893218813451 4.571067811865467 0.0
  endloop
endfacet
facet normal 0.0 0.0 -1.0
  outer loop
    vertex 120.0 0.0 0.0
    vertex 112.92893218813451 4.571067811865467 0.0
    vertex 113.57597980089082 4.6562532461427955 0.0
  endloop
endfacet
facet normal 0.0 0.0 -1.0
  outer loop
    vertex 120.0 0.0 0.0
    vertex 113.57597980089082 4.6562532461427955 0.0
    vertex 114.17893218813452 4.906004302404371 0.0
  endloop
endfacet
facet normal 0.0 0.0 -1.0
  outer loop
    vertex 120.0 0.0 0.0
    vertex 114.17893218813452 4.906004302404371 0.0
    vertex 114.69669914110088 5.303300858899099 0.0
  endloop
endfacet
facet normal 0.0 0.0 -1.0
  outer loop
    vertex 120.0 0.0 0.0
    vertex 114.69669914110088 5.303300858899099 0.0
    vertex 115.09399569759562 5.821067811865467 0.0
  endloop
endfacet
facet normal 0.0 0.0 -1.0
  outer loop
    vertex 120.0 0.0 0.0
    vertex 115.09399569759562 5.821067811865467 0.0
    vertex 115.34374675385718 6.424020199109165 0.0
  endloop
endfacet
facet normal 0.0 0.0 -1.0
  outer loop
    vertex 120.0 0.0 0.0
    vertex 115.34374675385718 6.424020199109165 0.0
    vertex 115.42893218813451 7.071067811865466 0.0
  endloop
endfacet
facet normal 0.0 0.0 -1.0
  outer loop
    vertex 120.0 0.0 0.0
    vertex 115.42893218813451 7.071067811865466 0.0
    vertex 115.42893218813452 112.92893218813454 0.0
  endloop
endfacet
facet normal 0.0 0.0 -1.0
  outer loop
    vertex 120.0 0.0 0.0
    vertex 115.42893218813452 112.92893218813454 0.0
    vertex 120.0 120.0 0.0
  endloop
endfacet
facet normal -0.0 -0.0 1.0
  outer loop
    vertex 7.71811542462177 110.51411762241185 0.9999999999999999
    vertex 8.000000000000004 100.82842712474618 0.9999999999999999
    vertex 8.321067811865467 110.76386867867343 0.9999999999999999
  endloop
endfacet
facet normal -0.0 -0.0 1.0
  outer loop
    vertex 8.000000000000004 100.82842712474618 0.9999999999999999
    vertex 7.71811542462177 110.51411762241185 0.9999999999999999
    vertex 8.000000000000004 19.171572875253812 0.9999999999999999
  endloop
endfacet
facet normal -0.0 -0.0 1.0
  outer loop
    vertex 8.321067811865467 110.76386867867343 0.9999999999999999
    vertex 8.000000000000004 100.82842712474618 0.9999999999999999
    vertex 19.171572875253812 112.0 0.9999999999999999
  endloop
endfacet
facet normal -0.0 -0.0 1.0
  outer loop
    vertex 8.321067811865467 110.76386867867343 0.9999999999999999
    vertex 19.171572875253812 112.0 0.9999999999999999
    vertex 8.838834764831834 111.16116523516814 0.9999999999999999
  endloop
endfacet
facet normal -0.0 -0.0 1.0
  outer loop
    vertex 8.838834764831834 111.16116523516814 0.9999999999999999
    vertex 19.171572875253812 112.0 0.9999999999999999
    vertex 9.23613132132656 111.67893218813452 0.9999999999999999
  endloop
endfacet
facet normal -0.0 -0.0 1.0
  outer loop
    vertex 9.23613132132656 111.67893218813452 0.9999999999999999
    vertex 19.171572875253812 112.0 0.9999999999999999
    vertex 9.485882377588133 112.28188457537823 0.9999999999999999
  endloop
endfacet
facet normal -0.0 -0.0 1.0
  outer loop
    vertex 9.485882377588133 112.28188457537823 0.9999999999999999
    vertex 19.171572875253812 112.0 0.9999999999999999
    vertex 9.571067811865463 112.92893218813451 0.9999999999999999
  endloop
endfacet
facet normal -0.0 -0.0 1.0
  outer loop
    vertex 4.5710858552968645 7.06156955774271 0.9999999999999999
    vertex 4.656253246142802 112.28188457537823 0.9999999999999999
    vertex 4.571067811865472 112.92893218813451 0.9999999999999999
  endloop
endfacet
facet normal -0.0 -0.0 1.0
  outer loop
    vertex 4.656253246142802 112.28188457537823 0.9999999999999999
    vertex 4.5710858552968645 7.06156955774271 0.9999999999999999
    vertex 4.653812345696982 7.708936145676259 0.9999999999999999
  endloop
endfacet
facet normal -0.0 -0.0 1.0
  outer loop
    vertex 4.656253246142802 112.28188457537823 0.9999999999999999
    vertex 4.653812345696982 7.708936145676259 0.9999999999999999
    vertex 4.90127080141295 8.312833060787867 0.9999999999999999
  endloop
endfacet
facet normal -0.0 -0.0 1.0
  outer loop
    vertex 4.656253246142802 112.28188457537823 0.9999999999999999
    vertex 4.90127080141295 8.312833060787867 0.9999999999999999
    vertex 4.906004302404376 111.67893218813451 0.9999999999999999
  endloop
endfacet
facet normal -0.0 -0.0 1.0
  outer loop
    vertex 4.906004302404376 111.67893218813451 0.9999999999999999
    vertex 4.90127080141295 8.312833060787867 0.9999999999999999
    vertex 5.296597337632156 8.832105726299513 0.9999999999999999
  endloop
endfacet
facet normal -0.0 -0.0 1.0
  outer loop
    vertex 4.906004302404376 111.67893218813451 0.9999999999999999
    vertex 5.296597337632156 8.832105726299513 0.9999999999999999
    vertex 5.303300858899101 111.16116523516814 0.9999999999999999
  endloop
endfacet
facet normal -0.0 -0.0 1.0
  outer loop
    vertex 5.303300858899101 111.16116523516814 0.9999999999999999
    vertex 5.296597337632156 8.832105726299513 0.9999999999999999
    vertex 5.812851104219255 9.231366568195236 0.9999999999999999
  endloop
endfacet
facet normal -0.0 -0.0 1.0
  outer loop
    vertex 5.303300858899101 111.16116523516814 0.9999999999999999
    vertex 5.812851104219255 9.231366568195236 0.9999999999999999
    vertex 5.82106781186547 110.76386867867343 0.9999999999999999
  endloop
endfacet
facet normal -0.0 -0.0 1.0
  outer loop
    vertex 5.82106781186547 110.76386867867343 0.9999999999999999
    vertex 5.812851104219255 9.231366568195236 0.9999999999999999
    vertex 6.4148502601310184 9.483406619909577 0.9999999999999999
  endloop
endfacet
facet normal -0.0 -0.0 1.0
  outer loop
    vertex 5.82106781186547 110.76386867867343 0.9999999999999999
    vertex 6.4148502601310184 9.483406619909577 0.9999999999999999
    vertex 6.424020199109166 110.51411762241185 0.9999999999999999
  endloop
endfacet
facet normal -0.0 -0.0 1.0
  outer loop
    vertex 6.424020199109166 110.51411762241185 0.9999999999999999
    vertex 6.4148502601310184 9.483406619909577 0.9999999999999999
    vertex 7.0615695577427084 9.571049768434088 0.9999999999999999
  endloop
endfacet
facet normal -0.0 -0.0 1.0
  outer loop
    vertex 6.424020199109166 110.51411762241185 0.9999999999999999
    vertex 7.0615695577427084 9.571049768434088 0.9999999999999999
    vertex 7.0710678118654675 110.42893218813452 0.9999999999999999
  endloop
endfacet
facet normal -0.0 -0.0 1.0
  outer loop
    vertex 7.0710678118654675 110.42893218813452 0.9999999999999999
    vertex 7.0615695577427084 9.571049768434088 0.9999999999999999
    vertex 7.708936145676257 9.488323278033969 0.9999999999999999
  endloop
endfacet
facet normal -0.0 -0.0 1.0
  outer loop
    vertex 7.0710678118654675 110.42893218813452 0.9999999999999999
    vertex 7.708936145676257 9.488323278033969 0.9999999999999999
    vertex 7.71811542462177 110.51411762241185 0.9999999999999999
  endloop
endfacet
facet normal -0.0 -0.0 1.0
  outer loop
    vertex 7.71811542462177 110.51411762241185 0.9999999999999999
    vertex 7.708936145676257 9.488323278033969 0.9999999999999999
    vertex 8.000000000000004 19.171572875253812 0.9999999999999999
  endloop
endfacet
facet normal -0.0 -0.0 1.0
  outer loop
    vertex 8.000000000000004 19.171572875253812 0.9999999999999999
    vertex 7.708936145676257 9.488323278033969 0.9999999999999999
    vertex 8.312833060787865 9.240864822318002 0.9999999999999999
  endloop
endfacet
facet normal -0.0 -0.0 1.0
  outer loop
    vertex 8.000000000000004 19.171572875253812 0.9999999999999999
    vertex 8.312833060787865 9.240864822318002 0.9999999999999999
    vertex 19.171572875253812 8.000000000000004 0.9999999999999999
  endloop
endfacet
facet normal -0.0 -0.0 1.0
  outer loop
    vertex 19.171572875253812 8.000000000000004 0.9999999999999999
    vertex 8.312833060787865 9.240864822318002 0.9999999999999999
    vertex 8.832105726299512 8.845538286098797 0.9999999999999999
  endloop
endfacet
facet normal -0.0 -0.0 1.0
  outer loop
    vertex 19.171572875253812 8.000000000000004 0.9999999999999999
    vertex 8.832105726299512 8.845538286098797 0.9999999999999999
    vertex 9.231366568195236 8.329284519511697 0.9999999999999999
  endloop
endfacet
facet normal -0.0 -0.0 1.0
  outer loop
    vertex 19.171572875253812 8.000000000000004 0.9999999999999999
    vertex 9.231366568195236 8.329284519511697 0.9999999999999999
    vertex 9.483406619909577 7.7272853635999335 0.9999999999999999
  endloop
endfacet
facet normal -0.0 -0.0 1.0
  outer loop
    vertex 19.171572875253812 8.000000000000004 0.9999999999999999
    vertex 9.483406619909577 7.7272853635999335 0.9999999999999999
    vertex 9.571049768434088 7.080566065988244 0.9999999999999999
  endloop
endfacet
facet normal -0.0 -0.0 1.0
  outer loop
    vertex 110.42893218813452 7.071067811865466 0.9999999999999999
    vertex 112.0 19.171572875253812 0.9999999999999999
    vertex 100.8284271247462 8.000000000000004 0.9999999999999999
  endloop
endfacet
facet normal -0.0 -0.0 1.0
  outer loop
    vertex 112.0 19.171572875253812 0.9999999999999999
    vertex 110.42893218813452 7.071067811865466 0.9999999999999999
    vertex 110.51411762241185 7.718115424621766 0.9999999999999999
  endloop
endfacet
facet normal -0.0 -0.0 1.0
  outer loop
    vertex 112.0 19.171572875253812 0.9999999999999999
    vertex 110.51411762241185 7.718115424621766 0.9999999999999999
    vertex 110.7638686786734 8.321067811865463 0.9999999999999999
  endloop
endfacet
facet normal -0.0 -0.0 1.0
  outer loop
    vertex 112.0 19.171572875253812 0.9999999999999999
    vertex 110.7638686786734 8.321067811865463 0.9999999999999999
    vertex 111.16116523516814 8.838834764831834 0.9999999999999999
  endloop
endfacet
facet normal -0.0 -0.0 1.0
  outer loop
    vertex 112.0 19.171572875253812 0.9999999999999999
    vertex 111.16116523516814 8.838834764831834 0.9999999999999999
    vertex 111.67893218813451 9.23613132132656 0.9999999999999999
  endloop
endfacet
facet normal -0.0 -0.0 1.0
  outer loop
    vertex 112.0 19.171572875253812 0.9999999999999999
    vertex 111.67893218813451 9.23613132132656 0.9999999999999999
    vertex 112.2818845753782 9.485882377588137 0.9999999999999999
  endloop
endfacet
facet normal -0.0 -0.0 1.0
  outer loop
    vertex 112.0 19.171572875253812 0.9999999999999999
    vertex 112.2818845753782 9.485882377588137 0.9999999999999999
    vertex 112.0 100.8284271247462 0.9999999999999999
  endloop
endfacet
facet normal -0.0 -0.0 1.0
  outer loop
    vertex 0.0 0.0 0.9999999999999999
    vertex 4.5710858552968645 7.06156955774271 0.9999999999999999
    vertex 0.0 120.0 0.9999999999999999
  endloop
endfacet
facet normal -0.0 -0.0 1.0
  outer loop
    vertex 4.5710858552968645 7.06156955774271 0.9999999999999999
    vertex 0.0 0.0 0.9999999999999999
    vertex 4.658729003821374 6.414850260131019 0.9999999999999999
  endloop
endfacet
facet normal -0.0 -0.0 1.0
  outer loop
    vertex 4.658729003821374 6.414850260131019 0.9999999999999999
    vertex 0.0 0.0 0.9999999999999999
    vertex 4.910769055535717 5.812851104219255 0.9999999999999999
  endloop
endfacet
facet normal -0.0 -0.0 1.0
  outer loop
    vertex 4.910769055535717 5.812851104219255 0.9999999999999999
    vertex 0.0 0.0 0.9999999999999999
    vertex 5.310029897431439 5.296597337632156 0.9999999999999999
  endloop
endfacet
facet normal -0.0 -0.0 1.0
  outer loop
    vertex 5.310029897431439 5.296597337632156 0.9999999999999999
    vertex 0.0 0.0 0.9999999999999999
    vertex 5.829302562943086 4.90127080141295 0.9999999999999999
  endloop
endfacet
facet normal -0.0 -0.0 1.0
  outer loop
    vertex 5.829302562943086 4.90127080141295 0.9999999999999999
    vertex 0.0 0.0 0.9999999999999999
    vertex 6.433199478054693 4.653812345696982 0.9999999999999999
  endloop
endfacet
facet normal -0.0 -0.0 1.0
  outer loop
    vertex 6.433199478054693 4.653812345696982 0.9999999999999999
    vertex 0.0 0.0 0.9999999999999999
    vertex 7.080566065988242 4.5710858552968645 0.9999999999999999
  endloop
endfacet
facet normal -0.0 -0.0 1.0
  outer loop
    vertex 7.080566065988242 4.5710858552968645 0.9999999999999999
    vertex 0.0 0.0 0.9999999999999999
    vertex 120.0 0.0 0.9999999999999999
  endloop
endfacet
facet normal -0.0 -0.0 1.0
  outer loop
    vertex 0.0 120.0 0.9999999999999999
    vertex 4.5710858552968645 7.06156955774271 0.9999999999999999
    vertex 4.571067811865472 112.92893218813451 0.9999999999999999
  endloop
endfacet
facet normal -0.0 -0.0 1.0
  outer loop
    vertex 7.080566065988242 4.5710858552968645 0.9999999999999999
    vertex 120.0 0.0 0.9999999999999999
    vertex 7.727285363599933 4.658729003821374 0.9999999999999999
  endloop
endfacet
facet normal -0.0 -0.0 1.0
  outer loop
    vertex 7.727285363599933 4.658729003821374 0.9999999999999999
    vertex 120.0 0.0 0.9999999999999999
    vertex 8.329284519511697 4.910769055535717 0.9999999999999999
  endloop
endfacet
facet normal -0.0 -0.0 1.0
  outer loop
    vertex 8.329284519511697 4.910769055535717 0.9999999999999999
    vertex 120.0 0.0 0.9999999999999999
    vertex 8.845538286098797 5.31002989743144 0.9999999999999999
  endloop
endfacet
facet normal -0.0 -0.0 1.0
  outer loop
    vertex 8.845538286098797 5.31002989743144 0.9999999999999999
    vertex 120.0 0.0 0.9999999999999999
    vertex 9.240864822318002 5.829302562943087 0.9999999999999999
  endloop
endfacet
facet normal -0.0 -0.0 1.0
  outer loop
    vertex 9.240864822318002 5.829302562943087 0.9999999999999999
    vertex 120.0 0.0 0.9999999999999999
    vertex 9.488323278033969 6.433199478054693 0.9999999999999999
  endloop
endfacet
facet normal -0.0 -0.0 1.0
  outer loop
    vertex 9.488323278033969 6.433199478054693 0.9999999999999999
    vertex 120.0 0.0 0.9999999999999999
    vertex 9.571049768434088 7.080566065988244 0.9999999999999999
  endloop
endfacet
facet normal -0.0 -0.0 1.0
  outer loop
    vertex 9.571049768434088 7.080566065988244 0.9999999999999999
    vertex 120.0 0.0 0.9999999999999999
    vertex 19.171572875253812 8.000000000000004 0.9999999999999999
  endloop
endfacet
facet normal -0.0 -0.0 1.0
  outer loop
    vertex 19.171572875253812 8.000000000000004 0.9999999999999999
    vertex 120.0 0.0 0.9999999999999999
    vertex 100.8284271247462 8.000000000000004 0.9999999999999999
  endloop
endfacet
facet normal -0.0 -0.0 1.0
  outer loop
    vertex 100.8284271247462 8.000000000000004 0.9999999999999999
    vertex 120.0 0.0 0.9999999999999999
    vertex 111.67893218813451 4.906004302404369 0.9999999999999999
  endloop
endfacet
facet normal -0.0 -0.0 1.0
  outer loop
    vertex 100.8284271247462 8.000000000000004 0.9999999999999999
    vertex 111.67893218813451 4.906004302404369 0.9999999999999999
    vertex 111.16116523516814 5.303300858899097 0.9999999999999999
  endloop
endfacet
facet normal -0.0 -0.0 1.0
  outer loop
    vertex 100.8284271247462 8.000000000000004 0.9999999999999999
    vertex 111.16116523516814 5.303300858899097 0.9999999999999999
    vertex 110.7638686786734 5.821067811865466 0.9999999999999999
  endloop
endfacet
facet normal -0.0 -0.0 1.0
  outer loop
    vertex 100.8284271247462 8.000000000000004 0.9999999999999999
    vertex 110.7638686786734 5.821067811865466 0.9999999999999999
    vertex 110.51411762241185 6.424020199109162 0.9999999999999999
  endloop
endfacet
facet normal -0.0 -0.0 1.0
  outer loop
    vertex 100.8284271247462 8.000000000000004 0.9999999999999999
    vertex 110.51411762241185 6.424020199109162 0.9999999999999999
    vertex 110.42893218813452 7.071067811865466 0.9999999999999999
  endloop
endfacet
facet normal -0.0 -0.0 1.0
  outer loop
    vertex 111.67893218813451 4.906004302404369 0.9999999999999999
    vertex 120.0 0.0 0.9999999999999999
    vertex 112.28188457537823 4.6562532461427955 0.9999999999999999
  endloop
endfacet
facet normal -0.0 -0.0 1.0
  outer loop
    vertex 112.28188457537823 4.6562532461427955 0.9999999999999999
    vertex 120.0 0.0 0.9999999999999999
    vertex 112.92893218813451 4.571067811865467 0.9999999999999999
  endloop
endfacet
facet normal -0.0 -0.0 1.0
  outer loop
    vertex 112.92893218813451 4.571067811865467 0.9999999999999999
    vertex 120.0 0.0 0.9999999999999999
    vertex 113.57597980089082 4.6562532461427955 0.9999999999999999
  endloop
endfacet
facet normal -0.0 -0.0 1.0
  outer loop
    vertex 113.57597980089082 4.6562532461427955 0.9999999999999999
    vertex 120.0 0.0 0.9999999999999999
    vertex 114.17893218813452 4.906004302404371 0.9999999999999999
  endloop
endfacet
facet normal -0.0 -0.0 1.0
  outer loop
    vertex 114.17893218813452 4.906004302404371 0.9999999999999999
    vertex 120.0 0.0 0.9999999999999999
    vertex 114.69669914110088 5.303300858899099 0.9999999999999999
  endloop
endfacet
facet normal -0.0 -0.0 1.0
  outer loop
    vertex 114.69669914110088 5.303300858899099 0.9999999999999999
    vertex 120.0 0.0 0.9999999999999999
    vertex 115.09399569759562 5.821067811865467 0.9999999999999999
  endloop
endfacet
facet normal -0.0 -0.0 1.0
  outer loop
    vertex 115.09399569759562 5.821067811865467 0.9999999999999999
    vertex 120.0 0.0 0.9999999999999999
    vertex 115.34374675385718 6.424020199109165 0.9999999999999999
  endloop
endfacet
facet normal -0.0 -0.0 1.0
  outer loop
    vertex 115.34374675385718 6.424020199109165 0.9999999999999999
    vertex 120.0 0.0 0.9999999999999999
    vertex 115.42893218813451 7.071067811865466 0.9999999999999999
  endloop
endfacet
facet normal -0.0 -0.0 1.0
  outer loop
    vertex 115.42893218813451 7.071067811865466 0.9999999999999999
    vertex 120.0 0.0 0.9999999999999999
    vertex 115.42893218813452 112.92893218813454 0.9999999999999999
  endloop
endfacet
facet normal -0.0 -0.0 1.0
  outer loop
    vertex 0.0 120.0 0.9999999999999999
    vertex 7.0710678118654675 115.42893218813451 0.9999999999999999
    vertex 120.0 120.0 0.9999999999999999
  endloop
endfacet
facet normal -0.0 -0.0 1.0
  outer loop
    vertex 7.0710678118654675 115.42893218813451 0.9999999999999999
    vertex 0.0 120.0 0.9999999999999999
    vertex 6.424020199109166 115.34374675385718 0.9999999999999999
  endloop
endfacet
facet normal -0.0 -0.0 1.0
  outer loop
    vertex 6.424020199109166 115.34374675385718 0.9999999999999999
    vertex 0.0 120.0 0.9999999999999999
    vertex 5.821067811865469 115.0939956975956 0.9999999999999999
  endloop
endfacet
facet normal -0.0 -0.0 1.0
  outer loop
    vertex 5.821067811865469 115.0939956975956 0.9999999999999999
    vertex 0.0 120.0 0.9999999999999999
    vertex 5.303300858899101 114.69669914110088 0.9999999999999999
  endloop
endfacet
facet normal -0.0 -0.0 1.0
  outer loop
    vertex 5.303300858899101 114.69669914110088 0.9999999999999999
    vertex 0.0 120.0 0.9999999999999999
    vertex 4.906004302404376 114.1789321881345 0.9999999999999999
  endloop
endfacet
facet normal -0.0 -0.0 1.0
  outer loop
    vertex 4.906004302404376 114.1789321881345 0.9999999999999999
    vertex 0.0 120.0 0.9999999999999999
    vertex 4.656253246142802 113.5759798008908 0.9999999999999999
  endloop
endfacet
facet normal -0.0 -0.0 1.0
  outer loop
    vertex 4.656253246142802 113.5759798008908 0.9999999999999999
    vertex 0.0 120.0 0.9999999999999999
    vertex 4.571067811865472 112.92893218813451 0.9999999999999999
  endloop
endfacet
facet normal -0.0 -0.0 1.0
  outer loop
    vertex 120.0 120.0 0.9999999999999999
    vertex 7.0710678118654675 115.42893218813451 0.9999999999999999
    vertex 7.718115424621767 115.34374675385718 0.9999999999999999
  endloop
endfacet
facet normal -0.0 -0.0 1.0
  outer loop
    vertex 120.0 120.0 0.9999999999999999
    vertex 7.718115424621767 115.34374675385718 0.9999999999999999
    vertex 8.321067811865465 115.0939956975956 0.9999999999999999
  endloop
endfacet
facet normal -0.0 -0.0 1.0
  outer loop
    vertex 120.0 120.0 0.9999999999999999
    vertex 8.321067811865465 115.0939956975956 0.9999999999999999
    vertex 8.838834764831832 114.69669914110088 0.9999999999999999
  endloop
endfacet
facet normal -0.0 -0.0 1.0
  outer loop
    vertex 120.0 120.0 0.9999999999999999
    vertex 8.838834764831832 114.69669914110088 0.9999999999999999
    vertex 9.23613132132656 114.17893218813452 0.9999999999999999
  endloop
endfacet
facet normal -0.0 -0.0 1.0
  outer loop
    vertex 120.0 120.0 0.9999999999999999
    vertex 9.23613132132656 114.17893218813452 0.9999999999999999
    vertex 9.485882377588133 113.57597980089082 0.9999999999999999
  endloop
endfacet
facet normal -0.0 -0.0 1.0
  outer loop
    vertex 120.0 120.0 0.9999999999999999
    vertex 9.485882377588133 113.57597980089082 0.9999999999999999
    vertex 9.571067811865463 112.92893218813451 0.9999999999999999
  endloop
endfacet
facet normal -0.0 -0.0 1.0
  outer loop
    vertex 120.0 120.0 0.9999999999999999
    vertex 9.571067811865463 112.92893218813451 0.9999999999999999
    vertex 19.171572875253812 112.0 0.9999999999999999
  endloop
endfacet
facet normal -0.0 -0.0 1.0
  outer loop
    vertex 120.0 120.0 0.9999999999999999
    vertex 19.171572875253812 112.0 0.9999999999999999
    vertex 100.82842712474618 112.0 0.9999999999999999
  endloop
endfacet
facet normal -0.0 -0.0 1.0
  outer loop
    vertex 120.0 120.0 0.9999999999999999
    vertex 100.82842712474618 112.0 0.9999999999999999
    vertex 111.67893218813452 115.09399569759564 0.9999999999999999
  endloop
endfacet
facet normal -0.0 -0.0 1.0
  outer loop
    vertex 111.67893218813452 115.09399569759564 0.9999999999999999
    vertex 100.82842712474618 112.0 0.9999999999999999
    vertex 111.16116523516816 114.69669914110091 0.9999999999999999
  endloop
endfacet
facet normal -0.0 -0.0 1.0
  outer loop
    vertex 111.16116523516816 114.69669914110091 0.9999999999999999
    vertex 100.82842712474618 112.0 0.9999999999999999
    vertex 110.76386867867343 114.17893218813454 0.9999999999999999
  endloop
endfacet
facet normal -0.0 -0.0 1.0
  outer loop
    vertex 110.76386867867343 114.17893218813454 0.9999999999999999
    vertex 100.82842712474618 112.0 0.9999999999999999
    vertex 110.51411762241185 113.57597980089085 0.9999999999999999
  endloop
endfacet
facet normal -0.0 -0.0 1.0
  outer loop
    vertex 110.51411762241185 113.57597980089085 0.9999999999999999
    vertex 100.82842712474618 112.0 0.9999999999999999
    vertex 110.42893218813454 112.92893218813454 0.9999999999999999
  endloop
endfacet
facet normal -0.0 -0.0 1.0
  outer loop
    vertex 120.0 120.0 0.9999999999999999
    vertex 111.67893218813452 115.09399569759564 0.9999999999999999
    vertex 112.28188457537823 115.34374675385722 0.9999999999999999
  endloop
endfacet
facet normal -0.0 -0.0 1.0
  outer loop
    vertex 120.0 120.0 0.9999999999999999
    vertex 112.28188457537823 115.34374675385722 0.9999999999999999
    vertex 112.92893218813454 115.42893218813452 0.9999999999999999
  endloop
endfacet
facet normal -0.0 -0.0 1.0
  outer loop
    vertex 120.0 120.0 0.9999999999999999
    vertex 112.92893218813454 115.42893218813452 0.9999999999999999
    vertex 113.57597980089085 115.34374675385722 0.9999999999999999
  endloop
endfacet
facet normal -0.0 -0.0 1.0
  outer loop
    vertex 120.0 120.0 0.9999999999999999
    vertex 113.57597980089085 115.34374675385722 0.9999999999999999
    vertex 114.17893218813454 115.09399569759564 0.9999999999999999
  endloop
endfacet
facet normal -0.0 -0.0 1.0
  outer loop
    vertex 120.0 120.0 0.9999999999999999
    vertex 114.17893218813454 115.09399569759564 0.9999999999999999
    vertex 114.69669914110091 114.69669914110091 0.9999999999999999
  endloop
endfacet
facet normal -0.0 -0.0 1.0
  outer loop
    vertex 120.0 120.0 0.9999999999999999
    vertex 114.69669914110091 114.69669914110091 0.9999999999999999
    vertex 115.09399569759564 114.17893218813454 0.9999999999999999
  endloop
endfacet
facet normal -0.0 -0.0 1.0
  outer loop
    vertex 120.0 120.0 0.9999999999999999
    vertex 115.09399569759564 114.17893218813454 0.9999999999999999
    vertex 115.34374675385722 113.57597980089085 0.9999999999999999
  endloop
endfacet
facet normal -0.0 -0.0 1.0
  outer loop
    vertex 120.0 120.0 0.9999999999999999
    vertex 115.34374675385722 113.57597980089085 0.9999999999999999
    vertex 115.42893218813452 112.92893218813454 0.9999999999999999
  endloop
endfacet
facet normal -0.0 -0.0 1.0
  outer loop
    vertex 120.0 120.0 0.9999999999999999
    vertex 115.42893218813452 112.92893218813454 0.9999999999999999
    vertex 120.0 0.0 0.9999999999999999
  endloop
endfacet
facet normal -0.0 -0.0 1.0
  outer loop
    vertex 112.0 100.8284271247462 0.9999999999999999
    vertex 110.42893218813454 112.92893218813454 0.9999999999999999
    vertex 100.82842712474618 112.0 0.9999999999999999
  endloop
endfacet
facet normal -0.0 -0.0 1.0
  outer loop
    vertex 110.42893218813454 112.92893218813454 0.9999999999999999
    vertex 112.0 100.8284271247462 0.9999999999999999
    vertex 110.51411762241185 112.28188457537823 0.9999999999999999
  endloop
endfacet
facet normal -0.0 -0.0 1.0
  outer loop
    vertex 110.51411762241185 112.28188457537823 0.9999999999999999
    vertex 112.0 100.8284271247462 0.9999999999999999
    vertex 110.76386867867343 111.67893218813452 0.9999999999999999
  endloop
endfacet
facet normal -0.0 -0.0 1.0
  outer loop
    vertex 110.76386867867343 111.67893218813452 0.9999999999999999
    vertex 112.0 100.8284271247462 0.9999999999999999
    vertex 111.16116523516816 111.16116523516816 0.9999999999999999
  endloop
endfacet
facet normal -0.0 -0.0 1.0
  outer loop
    vertex 111.16116523516816 111.16116523516816 0.9999999999999999
    vertex 112.0 100.8284271247462 0.9999999999999999
    vertex 111.67893218813452 110.76386867867343 0.9999999999999999
  endloop
endfacet
facet normal -0.0 -0.0 1.0
  outer loop
    vertex 111.67893218813452 110.76386867867343 0.9999999999999999
    vertex 112.0 100.8284271247462 0.9999999999999999
    vertex 112.28188457537823 110.51411762241185 0.9999999999999999
  endloop
endfacet
facet normal -0.0 -0.0 1.0
  outer loop
    vertex 112.28188457537823 110.51411762241185 0.9999999999999999
    vertex 112.0 100.8284271247462 0.9999999999999999
    vertex 112.2818845753782 9.485882377588137 0.9999999999999999
  endloop
endfacet
facet normal -0.0 -0.0 1.0
  outer loop
    vertex 112.28188457537823 110.51411762241185 0.9999999999999999
    vertex 112.2818845753782 9.485882377588137 0.9999999999999999
    vertex 112.92893218813451 9.571067811865465 0.9999999999999999
  endloop
endfacet
facet normal -0.0 -0.0 1.0
  outer loop
    vertex 112.28188457537823 110.51411762241185 0.9999999999999999
    vertex 112.92893218813451 9.571067811865465 0.9999999999999999
    vertex 112.92893218813454 110.42893218813454 0.9999999999999999
  endloop
endfacet
facet normal -0.0 -0.0 1.0
  outer loop
    vertex 112.92893218813454 110.42893218813454 0.9999999999999999
    vertex 112.92893218813451 9.571067811865465 0.9999999999999999
    vertex 113.57597980089082 9.485882377588137 0.9999999999999999
  endloop
endfacet
facet normal -0.0 -0.0 1.0
  outer loop
    vertex 112.92893218813454 110.42893218813454 0.9999999999999999
    vertex 113.57597980089082 9.485882377588137 0.9999999999999999
    vertex 113.57597980089085 110.51411762241185 0.9999999999999999
  endloop
endfacet
facet normal -0.0 -0.0 1.0
  outer loop
    vertex 113.57597980089085 110.51411762241185 0.9999999999999999
    vertex 113.57597980089082 9.485882377588137 0.9999999999999999
    vertex 114.17893218813452 9.236131321326562 0.9999999999999999
  endloop
endfacet
facet normal -0.0 -0.0 1.0
  outer loop
    vertex 113.57597980089085 110.51411762241185 0.9999999999999999
    vertex 114.17893218813452 9.236131321326562 0.9999999999999999
    vertex 114.17893218813454 110.76386867867343 0.9999999999999999
  endloop
endfacet
facet normal -0.0 -0.0 1.0
  outer loop
    vertex 114.17893218813454 110.76386867867343 0.9999999999999999
    vertex 114.17893218813452 9.236131321326562 0.9999999999999999
    vertex 114.69669914110088 8.838834764831835 0.9999999999999999
  endloop
endfacet
facet normal -0.0 -0.0 1.0
  outer loop
    vertex 114.17893218813454 110.76386867867343 0.9999999999999999
    vertex 114.69669914110088 8.838834764831835 0.9999999999999999
    vertex 114.69669914110091 111.16116523516816 0.9999999999999999
  endloop
endfacet
facet normal -0.0 -0.0 1.0
  outer loop
    vertex 114.69669914110091 111.16116523516816 0.9999999999999999
    vertex 114.69669914110088 8.838834764831835 0.9999999999999999
    vertex 115.09399569759562 8.321067811865467 0.9999999999999999
  endloop
endfacet
facet normal -0.0 -0.0 1.0
  outer loop
    vertex 114.69669914110091 111.16116523516816 0.9999999999999999
    vertex 115.09399569759562 8.321067811865467 0.9999999999999999
    vertex 115.09399569759564 111.67893218813452 0.9999999999999999
  endloop
endfacet
facet normal -0.0 -0.0 1.0
  outer loop
    vertex 115.09399569759564 111.67893218813452 0.9999999999999999
    vertex 115.09399569759562 8.321067811865467 0.9999999999999999
    vertex 115.34374675385718 7.718115424621769 0.9999999999999999
  endloop
endfacet
facet normal -0.0 -0.0 1.0
  outer loop
    vertex 115.09399569759564 111.67893218813452 0.9999999999999999
    vertex 115.34374675385718 7.718115424621769 0.9999999999999999
    vertex 115.34374675385722 112.28188457537823 0.9999999999999999
  endloop
endfacet
facet normal -0.0 -0.0 1.0
  outer loop
    vertex 115.34374675385722 112.28188457537823 0.9999999999999999
    vertex 115.34374675385718 7.718115424621769 0.9999999999999999
    vertex 115.42893218813451 7.071067811865466 0.9999999999999999
  endloop
endfacet
facet normal -0.0 -0.0 1.0
  outer loop
    vertex 115.34374675385722 112.28188457537823 0.9999999999999999
    vertex 115.42893218813451 7.071067811865466 0.9999999999999999
    vertex 115.42893218813452 112.92893218813454 0.9999999999999999
  endloop
endfacet
facet normal 1.0 0.0 0.0
  outer loop
    vertex 120.0 120.0 0.0
    vertex 120.0 0.0 0.9999999999999999
    vertex 120.0 0.0 0.0
  endloop
endfacet
facet normal 1.0 0.0 0.0
  outer loop
    vertex 120.0 0.0 0.9999999999999999
    vertex 120.0 120.0 0.0
    vertex 120.0 120.0 0.9999999999999999
  endloop
endfacet
facet normal -0.0 -1.0 -0.0
  outer loop
    vertex 120.0 0.0 0.9999999999999999
    vertex 0.0 0.0 0.0
    vertex 120.0 0.0 0.0
  endloop
endfacet
facet normal -0.0 -1.0 -0.0
  outer loop
    vertex 0.0 0.0 0.0
    vertex 120.0 0.0 0.9999999999999999
    vertex 0.0 0.0 0.9999999999999999
  endloop
endfacet
facet normal -1.0 0.0 0.0
  outer loop
    vertex 0.0 120.0 0.9999999999999999
    vertex 0.0 0.0 0.0
    vertex 0.0 0.0 0.9999999999999999
  endloop
endfacet
facet normal -1.0 0.0 0.0
  outer loop
    vertex 0.0 0.0 0.0
    vertex 0.0 120.0 0.9999999999999999
    vertex 0.0 120.0 0.0
  endloop
endfacet
facet normal -0.0 1.0 0.0
  outer loop
    vertex 0.0 120.0 0.9999999999999999
    vertex 120.0 120.0 0.0
    vertex 0.0 120.0 0.0
  endloop
endfacet
facet normal -0.0 1.0 0.0
  outer loop
    vertex 120.0 120.0 0.0
    vertex 0.0 120.0 0.9999999999999999
    vertex 120.0 120.0 0.9999999999999999
  endloop
endfacet
facet normal 0.7933533402912287 0.6087614290087292 0.0
  outer loop
    vertex 110.76386867867343 111.67893218813452 0.0
    vertex 111.16116523516816 111.16116523516816 0.9999999999999999
    vertex 111.16116523516816 111.16116523516816 0.0
  endloop
endfacet
facet normal 0.7933533402912287 0.6087614290087292 0.0
  outer loop
    vertex 111.16116523516816 111.16116523516816 0.9999999999999999
    vertex 110.76386867867343 111.67893218813452 0.0
    vertex 110.76386867867343 111.67893218813452 0.9999999999999999
  endloop
endfacet
facet normal 0.6087614290087292 0.7933533402912287 0.0
  outer loop
    vertex 111.16116523516816 111.16116523516816 0.9999999999999999
    vertex 111.67893218813452 110.76386867867343 0.0
    vertex 111.16116523516816 111.16116523516816 0.0
  endloop
endfacet
facet normal 0.6087614290087292 0.7933533402912287 0.0
  outer loop
    vertex 111.67893218813452 110.76386867867343 0.0
    vertex 111.16116523516816 111.16116523516816 0.9999999999999999
    vertex 111.67893218813452 110.76386867867343 0.9999999999999999
  endloop
endfacet
facet normal 0.3826834323650976 0.9238795325112836 0.0
  outer loop
    vertex 111.67893218813452 110.76386867867343 0.9999999999999999
    vertex 112.28188457537823 110.51411762241185 0.0
    vertex 111.67893218813452 110.76386867867343 0.0
  endloop
endfacet
facet normal 0.3826834323650976 0.9238795325112836 0.0
  outer loop
    vertex 112.28188457537823 110.51411762241185 0.0
    vertex 111.67893218813452 110.76386867867343 0.9999999999999999
    vertex 112.28188457537823 110.51411762241185 0.9999999999999999
  endloop
endfacet
facet normal 0.1305261922200199 0.9914448613738147 0.0
  outer loop
    vertex 112.28188457537823 110.51411762241185 0.9999999999999999
    vertex 112.92893218813454 110.42893218813454 0.0
    vertex 112.28188457537823 110.51411762241185 0.0
  endloop
endfacet
facet normal 0.1305261922200199 0.9914448613738147 0.0
  outer loop
    vertex 112.92893218813454 110.42893218813454 0.0
    vertex 112.28188457537823 110.51411762241185 0.9999999999999999
    vertex 112.92893218813454 110.42893218813454 0.9999999999999999
  endloop
endfacet
facet normal -0.1305261922200199 0.9914448613738147 -0.0
  outer loop
    vertex 112.92893218813454 110.42893218813454 0.9999999999999999
    vertex 113.57597980089085 110.51411762241185 0.0
    vertex 112.92893218813454 110.42893218813454 0.0
  endloop
endfacet
facet normal -0.1305261922200199 0.9914448613738147 -0.0
  outer loop
    vertex 113.57597980089085 110.51411762241185 0.0
    vertex 112.92893218813454 110.42893218813454 0.9999999999999999
    vertex 113.57597980089085 110.51411762241185 0.9999999999999999
  endloop
endfacet
facet normal -0.3826834323650976 0.9238795325112836 -0.0
  outer loop
    vertex 113.57597980089085 110.51411762241185 0.9999999999999999
    vertex 114.17893218813454 110.76386867867343 0.0
    vertex 113.57597980089085 110.51411762241185 0.0
  endloop
endfacet
facet normal -0.3826834323650976 0.9238795325112836 -0.0
  outer loop
    vertex 114.17893218813454 110.76386867867343 0.0
    vertex 113.57597980089085 110.51411762241185 0.9999999999999999
    vertex 114.17893218813454 110.76386867867343 0.9999999999999999
  endloop
endfacet
facet normal -0.6087614290087292 0.7933533402912287 -0.0
  outer loop
    vertex 114.17893218813454 110.76386867867343 0.9999999999999999
    vertex 114.69669914110091 111.16116523516816 0.0
    vertex 114.17893218813454 110.76386867867343 0.0
  endloop
endfacet
facet normal -0.6087614290087292 0.7933533402912287 -0.0
  outer loop
    vertex 114.69669914110091 111.16116523516816 0.0
    vertex 114.17893218813454 110.76386867867343 0.9999999999999999
    vertex 114.69669914110091 111.16116523516816 0.9999999999999999
  endloop
endfacet
facet normal -0.7933533402912287 0.6087614290087292 -0.0
  outer loop
    vertex 115.09399569759564 111.67893218813452 0.9999999999999999
    vertex 114.69669914110091 111.16116523516816 0.0
    vertex 114.69669914110091 111.16116523516816 0.9999999999999999
  endloop
endfacet
facet normal -0.7933533402912287 0.6087614290087292 -0.0
  outer loop
    vertex 114.69669914110091 111.16116523516816 0.0
    vertex 115.09399569759564 111.67893218813452 0.9999999999999999
    vertex 115.09399569759564 111.67893218813452 0.0
  endloop
endfacet
facet normal -0.9238795325112836 0.3826834323650976 -0.0
  outer loop
    vertex 115.34374675385722 112.28188457537823 0.9999999999999999
    vertex 115.09399569759564 111.67893218813452 0.0
    vertex 115.09399569759564 111.67893218813452 0.9999999999999999
  endloop
endfacet
facet normal -0.9238795325112836 0.3826834323650976 -0.0
  outer loop
    vertex 115.09399569759564 111.67893218813452 0.0
    vertex 115.34374675385722 112.28188457537823 0.9999999999999999
    vertex 115.34374675385722 112.28188457537823 0.0
  endloop
endfacet
facet normal -0.9914448613738147 0.1305261922200199 -0.0
  outer loop
    vertex 115.42893218813452 112.92893218813454 0.9999999999999999
    vertex 115.34374675385722 112.28188457537823 0.0
    vertex 115.34374675385722 112.28188457537823 0.9999999999999999
  endloop
endfacet
facet normal -0.9914448613738147 0.1305261922200199 -0.0
  outer loop
    vertex 115.34374675385722 112.28188457537823 0.0
    vertex 115.42893218813452 112.92893218813454 0.9999999999999999
    vertex 115.42893218813452 112.92893218813454 0.0
  endloop
endfacet
facet normal -0.9914448613738147 -0.1305261922200199 -0.0
  outer loop
    vertex 115.34374675385722 113.57597980089085 0.9999999999999999
    vertex 115.42893218813452 112.92893218813454 0.0
    vertex 115.42893218813452 112.92893218813454 0.9999999999999999
  endloop
endfacet
facet normal -0.9914448613738147 -0.1305261922200199 -0.0
  outer loop
    vertex 115.42893218813452 112.92893218813454 0.0
    vertex 115.34374675385722 113.57597980089085 0.9999999999999999
    vertex 115.34374675385722 113.57597980089085 0.0
  endloop
endfacet
facet normal -0.9238795325112836 -0.3826834323650976 -0.0
  outer loop
    vertex 115.09399569759564 114.17893218813454 0.9999999999999999
    vertex 115.34374675385722 113.57597980089085 0.0
    vertex 115.34374675385722 113.57597980089085 0.9999999999999999
  endloop
endfacet
facet normal -0.9238795325112836 -0.3826834323650976 -0.0
  outer loop
    vertex 115.34374675385722 113.57597980089085 0.0
    vertex 115.09399569759564 114.17893218813454 0.9999999999999999
    vertex 115.09399569759564 114.17893218813454 0.0
  endloop
endfacet
facet normal -0.3826834323650976 -0.9238795325112836 -0.0
  outer loop
    vertex 114.17893218813454 115.09399569759564 0.9999999999999999
    vertex 113.57597980089085 115.34374675385722 0.0
    vertex 114.17893218813454 115.09399569759564 0.0
  endloop
endfacet
facet normal -0.3826834323650976 -0.9238795325112836 -0.0
  outer loop
    vertex 113.57597980089085 115.34374675385722 0.0
    vertex 114.17893218813454 115.09399569759564 0.9999999999999999
    vertex 113.57597980089085 115.34374675385722 0.9999999999999999
  endloop
endfacet
facet normal -0.1305261922200199 -0.9914448613738147 -0.0
  outer loop
    vertex 113.57597980089085 115.34374675385722 0.9999999999999999
    vertex 112.92893218813454 115.42893218813452 0.0
    vertex 113.57597980089085 115.34374675385722 0.0
  endloop
endfacet
facet normal -0.1305261922200199 -0.9914448613738147 -0.0
  outer loop
    vertex 112.92893218813454 115.42893218813452 0.0
    vertex 113.57597980089085 115.34374675385722 0.9999999999999999
    vertex 112.92893218813454 115.42893218813452 0.9999999999999999
  endloop
endfacet
facet normal 0.1305261922200199 -0.9914448613738147 -0.0
  outer loop
    vertex 112.92893218813454 115.42893218813452 0.9999999999999999
    vertex 112.28188457537823 115.34374675385722 0.0
    vertex 112.92893218813454 115.42893218813452 0.0
  endloop
endfacet
facet normal 0.1305261922200199 -0.9914448613738147 -0.0
  outer loop
    vertex 112.28188457537823 115.34374675385722 0.0
    vertex 112.92893218813454 115.42893218813452 0.9999999999999999
    vertex 112.28188457537823 115.34374675385722 0.9999999999999999
  endloop
endfacet
facet normal 0.3826834323650976 -0.9238795325112836 -0.0
  outer loop
    vertex 112.28188457537823 115.34374675385722 0.9999999999999999
    vertex 111.67893218813452 115.09399569759564 0.0
    vertex 112.28188457537823 115.34374675385722 0.0
  endloop
endfacet
facet normal 0.3826834323650976 -0.9238795325112836 -0.0
  outer loop
    vertex 111.67893218813452 115.09399569759564 0.0
    vertex 112.28188457537823 115.34374675385722 0.9999999999999999
    vertex 111.67893218813452 115.09399569759564 0.9999999999999999
  endloop
endfacet
facet normal 0.6087614290087292 -0.7933533402912287 -0.0
  outer loop
    vertex 111.67893218813452 115.09399569759564 0.9999999999999999
    vertex 111.16116523516816 114.69669914110091 0.0
    vertex 111.67893218813452 115.09399569759564 0.0
  endloop
endfacet
facet normal 0.6087614290087292 -0.7933533402912287 -0.0
  outer loop
    vertex 111.16116523516816 114.69669914110091 0.0
    vertex 111.67893218813452 115.09399569759564 0.9999999999999999
    vertex 111.16116523516816 114.69669914110091 0.9999999999999999
  endloop
endfacet
facet normal 0.7933533402912287 -0.6087614290087292 -0.0
  outer loop
    vertex 111.16116523516816 114.69669914110091 0.0
    vertex 110.76386867867343 114.17893218813454 0.9999999999999999
    vertex 110.76386867867343 114.17893218813454 0.0
  endloop
endfacet
facet normal 0.7933533402912287 -0.6087614290087292 -0.0
  outer loop
    vertex 110.76386867867343 114.17893218813454 0.9999999999999999
    vertex 111.16116523516816 114.69669914110091 0.0
    vertex 111.16116523516816 114.69669914110091 0.9999999999999999
  endloop
endfacet
facet normal 0.9238795325112836 -0.3826834323650976 -0.0
  outer loop
    vertex 110.76386867867343 114.17893218813454 0.0
    vertex 110.51411762241185 113.57597980089085 0.9999999999999999
    vertex 110.51411762241185 113.57597980089085 0.0
  endloop
endfacet
facet normal 0.9238795325112836 -0.3826834323650976 -0.0
  outer loop
    vertex 110.51411762241185 113.57597980089085 0.9999999999999999
    vertex 110.76386867867343 114.17893218813454 0.0
    vertex 110.76386867867343 114.17893218813454 0.9999999999999999
  endloop
endfacet
facet normal 0.9914448613738147 -0.1305261922200199 -0.0
  outer loop
    vertex 110.51411762241185 113.57597980089085 0.0
    vertex 110.42893218813454 112.92893218813454 0.9999999999999999
    vertex 110.42893218813454 112.92893218813454 0.0
  endloop
endfacet
facet normal 0.9914448613738147 -0.1305261922200199 -0.0
  outer loop
    vertex 110.42893218813454 112.92893218813454 0.9999999999999999
    vertex 110.51411762241185 113.57597980089085 0.0
    vertex 110.51411762241185 113.57597980089085 0.9999999999999999
  endloop
endfacet
facet normal 0.9914448613738147 0.1305261922200199 0.0
  outer loop
    vertex 110.42893218813454 112.92893218813454 0.0
    vertex 110.51411762241185 112.28188457537823 0.9999999999999999
    vertex 110.51411762241185 112.28188457537823 0.0
  endloop
endfacet
facet normal 0.9914448613738147 0.1305261922200199 0.0
  outer loop
    vertex 110.51411762241185 112.28188457537823 0.9999999999999999
    vertex 110.42893218813454 112.92893218813454 0.0
    vertex 110.42893218813454 112.92893218813454 0.9999999999999999
  endloop
endfacet
facet normal 0.9238795325112836 0.3826834323650976 0.0
  outer loop
    vertex 110.51411762241185 112.28188457537823 0.0
    vertex 110.76386867867343 111.67893218813452 0.9999999999999999
    vertex 110.76386867867343 111.67893218813452 0.0
  endloop
endfacet
facet normal 0.9238795325112836 0.3826834323650976 0.0
  outer loop
    vertex 110.76386867867343 111.67893218813452 0.9999999999999999
    vertex 110.51411762241185 112.28188457537823 0.0
    vertex 110.51411762241185 112.28188457537823 0.9999999999999999
  endloop
endfacet
facet normal -0.6087614290087238 0.793353340291233 -0.0
  outer loop
    vertex 114.17893218813452 4.906004302404371 0.9999999999999999
    vertex 114.69669914110088 5.303300858899099 0.0
    vertex 114.17893218813452 4.906004302404371 0.0
  endloop
endfacet
facet normal -0.6087614290087238 0.793353340291233 -0.0
  outer loop
    vertex 114.69669914110088 5.303300858899099 0.0
    vertex 114.17893218813452 4.906004302404371 0.9999999999999999
    vertex 114.69669914110088 5.303300858899099 0.9999999999999999
  endloop
endfacet
facet normal -0.7933533402912312 0.6087614290087261 -0.0
  outer loop
    vertex 115.09399569759562 5.821067811865467 0.9999999999999999
    vertex 114.69669914110088 5.303300858899099 0.0
    vertex 114.69669914110088 5.303300858899099 0.9999999999999999
  endloop
endfacet
facet normal -0.7933533402912312 0.6087614290087261 -0.0
  outer loop
    vertex 114.69669914110088 5.303300858899099 0.0
    vertex 115.09399569759562 5.821067811865467 0.9999999999999999
    vertex 115.09399569759562 5.821067811865467 0.0
  endloop
endfacet
facet normal -0.9238795325112961 0.38268343236506736 -0.0
  outer loop
    vertex 115.34374675385718 6.424020199109165 0.9999999999999999
    vertex 115.09399569759562 5.821067811865467 0.0
    vertex 115.09399569759562 5.821067811865467 0.9999999999999999
  endloop
endfacet
facet normal -0.9238795325112961 0.38268343236506736 -0.0
  outer loop
    vertex 115.09399569759562 5.821067811865467 0.0
    vertex 115.34374675385718 6.424020199109165 0.9999999999999999
    vertex 115.34374675385718 6.424020199109165 0.0
  endloop
endfacet
facet normal -0.9914448613738099 0.13052619222005613 -0.0
  outer loop
    vertex 115.42893218813451 7.071067811865466 0.9999999999999999
    vertex 115.34374675385718 6.424020199109165 0.0
    vertex 115.34374675385718 6.424020199109165 0.9999999999999999
  endloop
endfacet
facet normal -0.9914448613738099 0.13052619222005613 -0.0
  outer loop
    vertex 115.34374675385718 6.424020199109165 0.0
    vertex 115.42893218813451 7.071067811865466 0.9999999999999999
    vertex 115.42893218813451 7.071067811865466 0.0
  endloop
endfacet
facet normal -0.9914448613738098 -0.13052619222005585 -0.0
  outer loop
    vertex 115.34374675385718 7.718115424621769 0.9999999999999999
    vertex 115.42893218813451 7.071067811865466 0.0
    vertex 115.42893218813451 7.071067811865466 0.9999999999999999
  endloop
endfacet
facet normal -0.9914448613738098 -0.13052619222005585 -0.0
  outer loop
    vertex 115.42893218813451 7.071067811865466 0.0
    vertex 115.34374675385718 7.718115424621769 0.9999999999999999
    vertex 115.34374675385718 7.718115424621769 0.0
  endloop
endfacet
facet normal -0.9238795325112961 -0.38268343236506736 -0.0
  outer loop
    vertex 115.09399569759562 8.321067811865467 0.9999999999999999
    vertex 115.34374675385718 7.718115424621769 0.0
    vertex 115.34374675385718 7.718115424621769 0.9999999999999999
  endloop
endfacet
facet normal -0.9238795325112961 -0.38268343236506736 -0.0
  outer loop
    vertex 115.34374675385718 7.718115424621769 0.0
    vertex 115.09399569759562 8.321067811865467 0.9999999999999999
    vertex 115.09399569759562 8.321067811865467 0.0
  endloop
endfacet
facet normal -0.7933533402912312 -0.6087614290087261 -0.0
  outer loop
    vertex 114.69669914110088 8.838834764831835 0.9999999999999999
    vertex 115.09399569759562 8.321067811865467 0.0
    vertex 115.09399569759562 8.321067811865467 0.9999999999999999
  endloop
endfacet
facet normal -0.7933533402912312 -0.6087614290087261 -0.0
  outer loop
    vertex 115.09399569759562 8.321067811865467 0.0
    vertex 114.69669914110088 8.838834764831835 0.9999999999999999
    vertex 114.69669914110088 8.838834764831835 0.0
  endloop
endfacet
facet normal -0.6087614290087238 -0.793353340291233 -0.0
  outer loop
    vertex 114.69669914110088 8.838834764831835 0.9999999999999999
    vertex 114.17893218813452 9.236131321326562 0.0
    vertex 114.69669914110088 8.838834764831835 0.0
  endloop
endfacet
facet normal -0.6087614290087238 -0.793353340291233 -0.0
  outer loop
    vertex 114.17893218813452 9.236131321326562 0.0
    vertex 114.69669914110088 8.838834764831835 0.9999999999999999
    vertex 114.17893218813452 9.236131321326562 0.9999999999999999
  endloop
endfacet
facet normal -0.3826834323650902 -0.9238795325112866 -0.0
  outer loop
    vertex 114.17893218813452 9.236131321326562 0.9999999999999999
    vertex 113.57597980089082 9.485882377588137 0.0
    vertex 114.17893218813452 9.236131321326562 0.0
  endloop
endfacet
facet normal -0.3826834323650902 -0.9238795325112866 -0.0
  outer loop
    vertex 113.57597980089082 9.485882377588137 0.0
    vertex 114.17893218813452 9.236131321326562 0.9999999999999999
    vertex 113.57597980089082 9.485882377588137 0.9999999999999999
  endloop
endfacet
facet normal -0.13052619222004963 -0.9914448613738107 -0.0
  outer loop
    vertex 113.57597980089082 9.485882377588137 0.9999999999999999
    vertex 112.92893218813451 9.571067811865465 0.0
    vertex 113.57597980089082 9.485882377588137 0.0
  endloop
endfacet
facet normal -0.13052619222004963 -0.9914448613738107 -0.0
  outer loop
    vertex 112.92893218813451 9.571067811865465 0.0
    vertex 113.57597980089082 9.485882377588137 0.9999999999999999
    vertex 112.92893218813451 9.571067811865465 0.9999999999999999
  endloop
endfacet
facet normal 0.13052619222004963 -0.9914448613738107 -0.0
  outer loop
    vertex 112.92893218813451 9.571067811865465 0.9999999999999999
    vertex 112.2818845753782 9.485882377588137 0.0
    vertex 112.92893218813451 9.571067811865465 0.0
  endloop
endfacet
facet normal 0.13052619222004963 -0.9914448613738107 -0.0
  outer loop
    vertex 112.2818845753782 9.485882377588137 0.0
    vertex 112.92893218813451 9.571067811865465 0.9999999999999999
    vertex 112.2818845753782 9.485882377588137 0.9999999999999999
  endloop
endfacet
facet normal 0.3826834323650921 -0.923879532511286 -0.0
  outer loop
    vertex 112.2818845753782 9.485882377588137 0.9999999999999999
    vertex 111.67893218813451 9.23613132132656 0.0
    vertex 112.2818845753782 9.485882377588137 0.0
  endloop
endfacet
facet normal 0.3826834323650921 -0.923879532511286 -0.0
  outer loop
    vertex 111.67893218813451 9.23613132132656 0.0
    vertex 112.2818845753782 9.485882377588137 0.9999999999999999
    vertex 111.67893218813451 9.23613132132656 0.9999999999999999
  endloop
endfacet
facet normal 0.6087614290087238 -0.793353340291233 -0.0
  outer loop
    vertex 111.67893218813451 9.23613132132656 0.9999999999999999
    vertex 111.16116523516814 8.838834764831834 0.0
    vertex 111.67893218813451 9.23613132132656 0.0
  endloop
endfacet
facet normal 0.6087614290087238 -0.793353340291233 -0.0
  outer loop
    vertex 111.16116523516814 8.838834764831834 0.0
    vertex 111.67893218813451 9.23613132132656 0.9999999999999999
    vertex 111.16116523516814 8.838834764831834 0.9999999999999999
  endloop
endfacet
facet normal 0.793353340291232 -0.6087614290087251 -0.0
  outer loop
    vertex 111.16116523516814 8.838834764831834 0.0
    vertex 110.7638686786734 8.321067811865463 0.9999999999999999
    vertex 110.7638686786734 8.321067811865463 0.0
  endloop
endfacet
facet normal 0.793353340291232 -0.6087614290087251 -0.0
  outer loop
    vertex 110.7638686786734 8.321067811865463 0.9999999999999999
    vertex 111.16116523516814 8.838834764831834 0.0
    vertex 111.16116523516814 8.838834764831834 0.9999999999999999
  endloop
endfacet
facet normal 0.9238795325112961 -0.38268343236506736 -0.0
  outer loop
    vertex 110.7638686786734 8.321067811865463 0.0
    vertex 110.51411762241185 7.718115424621766 0.9999999999999999
    vertex 110.51411762241185 7.718115424621766 0.0
  endloop
endfacet
facet normal 0.9238795325112961 -0.38268343236506736 -0.0
  outer loop
    vertex 110.51411762241185 7.718115424621766 0.9999999999999999
    vertex 110.7638686786734 8.321067811865463 0.0
    vertex 110.7638686786734 8.321067811865463 0.9999999999999999
  endloop
endfacet
facet normal 0.9914448613738099 -0.1305261922200564 -0.0
  outer loop
    vertex 110.51411762241185 7.718115424621766 0.0
    vertex 110.42893218813452 7.071067811865466 0.9999999999999999
    vertex 110.42893218813452 7.071067811865466 0.0
  endloop
endfacet
facet normal 0.9914448613738099 -0.1305261922200564 -0.0
  outer loop
    vertex 110.42893218813452 7.071067811865466 0.9999999999999999
    vertex 110.51411762241185 7.718115424621766 0.0
    vertex 110.51411762241185 7.718115424621766 0.9999999999999999
  endloop
endfacet
facet normal 0.99144486137381 0.13052619222005557 0.0
  outer loop
    vertex 110.42893218813452 7.071067811865466 0.0
    vertex 110.51411762241185 6.424020199109162 0.9999999999999999
    vertex 110.51411762241185 6.424020199109162 0.0
  endloop
endfacet
facet normal 0.99144486137381 0.13052619222005557 0.0
  outer loop
    vertex 110.51411762241185 6.424020199109162 0.9999999999999999
    vertex 110.42893218813452 7.071067811865466 0.0
    vertex 110.42893218813452 7.071067811865466 0.9999999999999999
  endloop
endfacet
facet normal 0.9238795325112957 0.3826834323650681 0.0
  outer loop
    vertex 110.51411762241185 6.424020199109162 0.0
    vertex 110.7638686786734 5.821067811865466 0.9999999999999999
    vertex 110.7638686786734 5.821067811865466 0.0
  endloop
endfacet
facet normal 0.9238795325112957 0.3826834323650681 0.0
  outer loop
    vertex 110.7638686786734 5.821067811865466 0.9999999999999999
    vertex 110.51411762241185 6.424020199109162 0.0
    vertex 110.51411762241185 6.424020199109162 0.9999999999999999
  endloop
endfacet
facet normal 0.7933533402912312 0.6087614290087261 0.0
  outer loop
    vertex 110.7638686786734 5.821067811865466 0.0
    vertex 111.16116523516814 5.303300858899097 0.9999999999999999
    vertex 111.16116523516814 5.303300858899097 0.0
  endloop
endfacet
facet normal 0.7933533402912312 0.6087614290087261 0.0
  outer loop
    vertex 111.16116523516814 5.303300858899097 0.9999999999999999
    vertex 110.7638686786734 5.821067811865466 0.0
    vertex 110.7638686786734 5.821067811865466 0.9999999999999999
  endloop
endfacet
facet normal 0.6087614290087238 0.793353340291233 0.0
  outer loop
    vertex 111.16116523516814 5.303300858899097 0.9999999999999999
    vertex 111.67893218813451 4.906004302404369 0.0
    vertex 111.16116523516814 5.303300858899097 0.0
  endloop
endfacet
facet normal 0.6087614290087238 0.793353340291233 0.0
  outer loop
    vertex 111.67893218813451 4.906004302404369 0.0
    vertex 111.16116523516814 5.303300858899097 0.9999999999999999
    vertex 111.67893218813451 4.906004302404369 0.9999999999999999
  endloop
endfacet
facet normal 0.382683432365078 0.9238795325112917 0.0
  outer loop
    vertex 111.67893218813451 4.906004302404369 0.9999999999999999
    vertex 112.28188457537823 4.6562532461427955 0.0
    vertex 111.67893218813451 4.906004302404369 0.0
  endloop
endfacet
facet normal 0.382683432365078 0.9238795325112917 0.0
  outer loop
    vertex 112.28188457537823 4.6562532461427955 0.0
    vertex 111.67893218813451 4.906004302404369 0.9999999999999999
    vertex 112.28188457537823 4.6562532461427955 0.9999999999999999
  endloop
endfacet
facet normal 0.1305261922200541 0.9914448613738102 0.0
  outer loop
    vertex 112.28188457537823 4.6562532461427955 0.9999999999999999
    vertex 112.92893218813451 4.571067811865467 0.0
    vertex 112.28188457537823 4.6562532461427955 0.0
  endloop
endfacet
facet normal 0.1305261922200541 0.9914448613738102 0.0
  outer loop
    vertex 112.92893218813451 4.571067811865467 0.0
    vertex 112.28188457537823 4.6562532461427955 0.9999999999999999
    vertex 112.92893218813451 4.571067811865467 0.9999999999999999
  endloop
endfacet
facet normal -0.13052619222004963 0.9914448613738107 -0.0
  outer loop
    vertex 112.92893218813451 4.571067811865467 0.9999999999999999
    vertex 113.57597980089082 4.6562532461427955 0.0
    vertex 112.92893218813451 4.571067811865467 0.0
  endloop
endfacet
facet normal -0.13052619222004963 0.9914448613738107 -0.0
  outer loop
    vertex 113.57597980089082 4.6562532461427955 0.0
    vertex 112.92893218813451 4.571067811865467 0.9999999999999999
    vertex 113.57597980089082 4.6562532461427955 0.9999999999999999
  endloop
endfacet
facet normal -0.3826834323650921 0.923879532511286 -0.0
  outer loop
    vertex 113.57597980089082 4.6562532461427955 0.9999999999999999
    vertex 114.17893218813452 4.906004302404371 0.0
    vertex 113.57597980089082 4.6562532461427955 0.0
  endloop
endfacet
facet normal -0.3826834323650921 0.923879532511286 -0.0
  outer loop
    vertex 114.17893218813452 4.906004302404371 0.0
    vertex 113.57597980089082 4.6562532461427955 0.9999999999999999
    vertex 114.17893218813452 4.906004302404371 0.9999999999999999
  endloop
endfacet
facet normal -0.6087614290087054 0.793353340291247 -0.0
  outer loop
    vertex 8.321067811865467 110.76386867867343 0.9999999999999999
    vertex 8.838834764831834 111.16116523516814 0.0
    vertex 8.321067811865467 110.76386867867343 0.0
  endloop
endfacet
facet normal -0.6087614290087054 0.793353340291247 -0.0
  outer loop
    vertex 8.838834764831834 111.16116523516814 0.0
    vertex 8.321067811865467 110.76386867867343 0.9999999999999999
    vertex 8.838834764831834 111.16116523516814 0.9999999999999999
  endloop
endfacet
facet normal -0.7933533402912457 0.6087614290087071 -0.0
  outer loop
    vertex 9.23613132132656 111.67893218813452 0.9999999999999999
    vertex 8.838834764831834 111.16116523516814 0.0
    vertex 8.838834764831834 111.16116523516814 0.9999999999999999
  endloop
endfacet
facet normal -0.7933533402912457 0.6087614290087071 -0.0
  outer loop
    vertex 8.838834764831834 111.16116523516814 0.0
    vertex 9.23613132132656 111.67893218813452 0.9999999999999999
    vertex 9.23613132132656 111.67893218813452 0.0
  endloop
endfacet
facet normal -0.9238795325112873 0.38268343236508834 -0.0
  outer loop
    vertex 9.485882377588133 112.28188457537823 0.9999999999999999
    vertex 9.23613132132656 111.67893218813452 0.0
    vertex 9.23613132132656 111.67893218813452 0.9999999999999999
  endloop
endfacet
facet normal -0.9238795325112873 0.38268343236508834 -0.0
  outer loop
    vertex 9.23613132132656 111.67893218813452 0.0
    vertex 9.485882377588133 112.28188457537823 0.9999999999999999
    vertex 9.485882377588133 112.28188457537823 0.0
  endloop
endfacet
facet normal -0.9914448613738102 0.1305261922200541 -0.0
  outer loop
    vertex 9.571067811865463 112.92893218813451 0.9999999999999999
    vertex 9.485882377588133 112.28188457537823 0.0
    vertex 9.485882377588133 112.28188457537823 0.9999999999999999
  endloop
endfacet
facet normal -0.9914448613738102 0.1305261922200541 -0.0
  outer loop
    vertex 9.485882377588133 112.28188457537823 0.0
    vertex 9.571067811865463 112.92893218813451 0.9999999999999999
    vertex 9.571067811865463 112.92893218813451 0.0
  endloop
endfacet
facet normal -0.9914448613738107 -0.13052619222004963 -0.0
  outer loop
    vertex 9.485882377588133 113.57597980089082 0.9999999999999999
    vertex 9.571067811865463 112.92893218813451 0.0
    vertex 9.571067811865463 112.92893218813451 0.9999999999999999
  endloop
endfacet
facet normal -0.9914448613738107 -0.13052619222004963 -0.0
  outer loop
    vertex 9.571067811865463 112.92893218813451 0.0
    vertex 9.485882377588133 113.57597980089082 0.9999999999999999
    vertex 9.485882377588133 113.57597980089082 0.0
  endloop
endfacet
facet normal -0.9238795325112866 -0.3826834323650902 -0.0
  outer loop
    vertex 9.23613132132656 114.17893218813452 0.9999999999999999
    vertex 9.485882377588133 113.57597980089082 0.0
    vertex 9.485882377588133 113.57597980089082 0.9999999999999999
  endloop
endfacet
facet normal -0.9238795325112866 -0.3826834323650902 -0.0
  outer loop
    vertex 9.485882377588133 113.57597980089082 0.0
    vertex 9.23613132132656 114.17893218813452 0.9999999999999999
    vertex 9.23613132132656 114.17893218813452 0.0
  endloop
endfacet
facet normal -0.793353340291233 -0.6087614290087238 -0.0
  outer loop
    vertex 8.838834764831832 114.69669914110088 0.9999999999999999
    vertex 9.23613132132656 114.17893218813452 0.0
    vertex 9.23613132132656 114.17893218813452 0.9999999999999999
  endloop
endfacet
facet normal -0.793353340291233 -0.6087614290087238 -0.0
  outer loop
    vertex 9.23613132132656 114.17893218813452 0.0
    vertex 8.838834764831832 114.69669914110088 0.9999999999999999
    vertex 8.838834764831832 114.69669914110088 0.0
  endloop
endfacet
facet normal -0.6087614290087054 -0.793353340291247 -0.0
  outer loop
    vertex 8.838834764831832 114.69669914110088 0.9999999999999999
    vertex 8.321067811865465 115.0939956975956 0.0
    vertex 8.838834764831832 114.69669914110088 0.0
  endloop
endfacet
facet normal -0.6087614290087054 -0.793353340291247 -0.0
  outer loop
    vertex 8.321067811865465 115.0939956975956 0.0
    vertex 8.838834764831832 114.69669914110088 0.9999999999999999
    vertex 8.321067811865465 115.0939956975956 0.9999999999999999
  endloop
endfacet
facet normal -0.3826834323650969 -0.923879532511284 -0.0
  outer loop
    vertex 8.321067811865465 115.0939956975956 0.9999999999999999
    vertex 7.718115424621767 115.34374675385718 0.0
    vertex 8.321067811865465 115.0939956975956 0.0
  endloop
endfacet
facet normal -0.3826834323650969 -0.923879532511284 -0.0
  outer loop
    vertex 7.718115424621767 115.34374675385718 0.0
    vertex 8.321067811865465 115.0939956975956 0.9999999999999999
    vertex 7.718115424621767 115.34374675385718 0.9999999999999999
  endloop
endfacet
facet normal -0.1305261922200564 -0.9914448613738099 -0.0
  outer loop
    vertex 7.718115424621767 115.34374675385718 0.9999999999999999
    vertex 7.0710678118654675 115.42893218813451 0.0
    vertex 7.718115424621767 115.34374675385718 0.0
  endloop
endfacet
facet normal -0.1305261922200564 -0.9914448613738099 -0.0
  outer loop
    vertex 7.0710678118654675 115.42893218813451 0.0
    vertex 7.718115424621767 115.34374675385718 0.9999999999999999
    vertex 7.0710678118654675 115.42893218813451 0.9999999999999999
  endloop
endfacet
facet normal 0.13052619222005613 -0.9914448613738099 -0.0
  outer loop
    vertex 7.0710678118654675 115.42893218813451 0.9999999999999999
    vertex 6.424020199109166 115.34374675385718 0.0
    vertex 7.0710678118654675 115.42893218813451 0.0
  endloop
endfacet
facet normal 0.13052619222005613 -0.9914448613738099 -0.0
  outer loop
    vertex 6.424020199109166 115.34374675385718 0.0
    vertex 7.0710678118654675 115.42893218813451 0.9999999999999999
    vertex 6.424020199109166 115.34374675385718 0.9999999999999999
  endloop
endfacet
facet normal 0.38268343236509733 -0.9238795325112839 -0.0
  outer loop
    vertex 6.424020199109166 115.34374675385718 0.9999999999999999
    vertex 5.821067811865469 115.0939956975956 0.0
    vertex 6.424020199109166 115.34374675385718 0.0
  endloop
endfacet
facet normal 0.38268343236509733 -0.9238795325112839 -0.0
  outer loop
    vertex 5.821067811865469 115.0939956975956 0.0
    vertex 6.424020199109166 115.34374675385718 0.9999999999999999
    vertex 5.821067811865469 115.0939956975956 0.9999999999999999
  endloop
endfacet
facet normal 0.6087614290087049 -0.7933533402912475 -0.0
  outer loop
    vertex 5.821067811865469 115.0939956975956 0.9999999999999999
    vertex 5.303300858899101 114.69669914110088 0.0
    vertex 5.821067811865469 115.0939956975956 0.0
  endloop
endfacet
facet normal 0.6087614290087049 -0.7933533402912475 -0.0
  outer loop
    vertex 5.303300858899101 114.69669914110088 0.0
    vertex 5.821067811865469 115.0939956975956 0.9999999999999999
    vertex 5.303300858899101 114.69669914110088 0.9999999999999999
  endloop
endfacet
facet normal 0.7933533402912467 -0.6087614290087058 -0.0
  outer loop
    vertex 5.303300858899101 114.69669914110088 0.0
    vertex 4.906004302404376 114.1789321881345 0.9999999999999999
    vertex 4.906004302404376 114.1789321881345 0.0
  endloop
endfacet
facet normal 0.7933533402912467 -0.6087614290087058 -0.0
  outer loop
    vertex 4.906004302404376 114.1789321881345 0.9999999999999999
    vertex 5.303300858899101 114.69669914110088 0.0
    vertex 5.303300858899101 114.69669914110088 0.9999999999999999
  endloop
endfacet
facet normal 0.9238795325112866 -0.3826834323650902 -0.0
  outer loop
    vertex 4.906004302404376 114.1789321881345 0.0
    vertex 4.656253246142802 113.5759798008908 0.9999999999999999
    vertex 4.656253246142802 113.5759798008908 0.0
  endloop
endfacet
facet normal 0.9238795325112866 -0.3826834323650902 -0.0
  outer loop
    vertex 4.656253246142802 113.5759798008908 0.9999999999999999
    vertex 4.906004302404376 114.1789321881345 0.0
    vertex 4.906004302404376 114.1789321881345 0.9999999999999999
  endloop
endfacet
facet normal 0.9914448613738102 -0.1305261922200541 -0.0
  outer loop
    vertex 4.656253246142802 113.5759798008908 0.0
    vertex 4.571067811865472 112.92893218813451 0.9999999999999999
    vertex 4.571067811865472 112.92893218813451 0.0
  endloop
endfacet
facet normal 0.9914448613738102 -0.1305261922200541 -0.0
  outer loop
    vertex 4.571067811865472 112.92893218813451 0.9999999999999999
    vertex 4.656253246142802 113.5759798008908 0.0
    vertex 4.656253246142802 113.5759798008908 0.9999999999999999
  endloop
endfacet
facet normal 0.9914448613738102 0.1305261922200541 0.0
  outer loop
    vertex 4.571067811865472 112.92893218813451 0.0
    vertex 4.656253246142802 112.28188457537823 0.9999999999999999
    vertex 4.656253246142802 112.28188457537823 0.0
  endloop
endfacet
facet normal 0.9914448613738102 0.1305261922200541 0.0
  outer loop
    vertex 4.656253246142802 112.28188457537823 0.9999999999999999
    vertex 4.571067811865472 112.92893218813451 0.0
    vertex 4.571067811865472 112.92893218813451 0.9999999999999999
  endloop
endfacet
facet normal 0.9238795325112917 0.382683432365078 0.0
  outer loop
    vertex 4.656253246142802 112.28188457537823 0.0
    vertex 4.906004302404376 111.67893218813451 0.9999999999999999
    vertex 4.906004302404376 111.67893218813451 0.0
  endloop
endfacet
facet normal 0.9238795325112917 0.382683432365078 0.0
  outer loop
    vertex 4.906004302404376 111.67893218813451 0.9999999999999999
    vertex 4.656253246142802 112.28188457537823 0.0
    vertex 4.656253246142802 112.28188457537823 0.9999999999999999
  endloop
endfacet
facet normal 0.7933533402912338 0.6087614290087224 0.0
  outer loop
    vertex 4.906004302404376 111.67893218813451 0.0
    vertex 5.303300858899101 111.16116523516814 0.9999999999999999
    vertex 5.303300858899101 111.16116523516814 0.0
  endloop
endfacet
facet normal 0.7933533402912338 0.6087614290087224 0.0
  outer loop
    vertex 5.303300858899101 111.16116523516814 0.9999999999999999
    vertex 4.906004302404376 111.67893218813451 0.0
    vertex 4.906004302404376 111.67893218813451 0.9999999999999999
  endloop
endfacet
facet normal 0.6087614290087043 0.7933533402912477 0.0
  outer loop
    vertex 5.303300858899101 111.16116523516814 0.9999999999999999
    vertex 5.82106781186547 110.76386867867343 0.0
    vertex 5.303300858899101 111.16116523516814 0.0
  endloop
endfacet
facet normal 0.6087614290087043 0.7933533402912477 0.0
  outer loop
    vertex 5.82106781186547 110.76386867867343 0.0
    vertex 5.303300858899101 111.16116523516814 0.9999999999999999
    vertex 5.82106781186547 110.76386867867343 0.9999999999999999
  endloop
endfacet
facet normal 0.3826834323650976 0.9238795325112836 0.0
  outer loop
    vertex 5.82106781186547 110.76386867867343 0.9999999999999999
    vertex 6.424020199109166 110.51411762241185 0.0
    vertex 5.82106781186547 110.76386867867343 0.0
  endloop
endfacet
facet normal 0.3826834323650976 0.9238795325112836 0.0
  outer loop
    vertex 6.424020199109166 110.51411762241185 0.0
    vertex 5.82106781186547 110.76386867867343 0.9999999999999999
    vertex 6.424020199109166 110.51411762241185 0.9999999999999999
  endloop
endfacet
facet normal 0.13052619222005613 0.9914448613738099 0.0
  outer loop
    vertex 6.424020199109166 110.51411762241185 0.9999999999999999
    vertex 7.0710678118654675 110.42893218813452 0.0
    vertex 6.424020199109166 110.51411762241185 0.0
  endloop
endfacet
facet normal 0.13052619222005613 0.9914448613738099 0.0
  outer loop
    vertex 7.0710678118654675 110.42893218813452 0.0
    vertex 6.424020199109166 110.51411762241185 0.9999999999999999
    vertex 7.0710678118654675 110.42893218813452 0.9999999999999999
  endloop
endfacet
facet normal -0.13052619222005585 0.9914448613738098 -0.0
  outer loop
    vertex 7.0710678118654675 110.42893218813452 0.9999999999999999
    vertex 7.71811542462177 110.51411762241185 0.0
    vertex 7.0710678118654675 110.42893218813452 0.0
  endloop
endfacet
facet normal -0.13052619222005585 0.9914448613738098 -0.0
  outer loop
    vertex 7.71811542462177 110.51411762241185 0.0
    vertex 7.0710678118654675 110.42893218813452 0.9999999999999999
    vertex 7.71811542462177 110.51411762241185 0.9999999999999999
  endloop
endfacet
facet normal -0.3826834323650976 0.9238795325112836 -0.0
  outer loop
    vertex 7.71811542462177 110.51411762241185 0.9999999999999999
    vertex 8.321067811865467 110.76386867867343 0.0
    vertex 7.71811542462177 110.51411762241185 0.0
  endloop
endfacet
facet normal -0.3826834323650976 0.9238795325112836 -0.0
  outer loop
    vertex 8.321067811865467 110.76386867867343 0.0
    vertex 7.71811542462177 110.51411762241185 0.9999999999999999
    vertex 8.321067811865467 110.76386867867343 0.9999999999999999
  endloop
endfacet
facet normal 0.7910347460634652 0.6117712240047822 0.0
  outer loop
    vertex 4.910769055535717 5.812851104219255 0.0
    vertex 5.310029897431439 5.296597337632156 0.9999999999999999
    vertex 5.310029897431439 5.296597337632156 0.0
  endloop
endfacet
facet normal 0.7910347460634652 0.6117712240047822 0.0
  outer loop
    vertex 5.310029897431439 5.296597337632156 0.9999999999999999
    vertex 4.910769055535717 5.812851104219255 0.0
    vertex 4.910769055535717 5.812851104219255 0.9999999999999999
  endloop
endfacet
facet normal 0.6057428466965975 0.7956604826657553 0.0
  outer loop
    vertex 5.310029897431439 5.296597337632156 0.9999999999999999
    vertex 5.829302562943086 4.90127080141295 0.0
    vertex 5.310029897431439 5.296597337632156 0.0
  endloop
endfacet
facet normal 0.6057428466965975 0.7956604826657553 0.0
  outer loop
    vertex 5.829302562943086 4.90127080141295 0.0
    vertex 5.310029897431439 5.296597337632156 0.9999999999999999
    vertex 5.829302562943086 4.90127080141295 0.9999999999999999
  endloop
endfacet
facet normal 0.379170573364741 0.9253267943241749 0.0
  outer loop
    vertex 5.829302562943086 4.90127080141295 0.9999999999999999
    vertex 6.433199478054693 4.653812345696982 0.0
    vertex 5.829302562943086 4.90127080141295 0.0
  endloop
endfacet
facet normal 0.379170573364741 0.9253267943241749 0.0
  outer loop
    vertex 6.433199478054693 4.653812345696982 0.0
    vertex 5.829302562943086 4.90127080141295 0.9999999999999999
    vertex 6.433199478054693 4.653812345696982 0.9999999999999999
  endloop
endfacet
facet normal 0.12675845206707825 0.9919336141242308 0.0
  outer loop
    vertex 6.433199478054693 4.653812345696982 0.9999999999999999
    vertex 7.080566065988242 4.5710858552968645 0.0
    vertex 6.433199478054693 4.653812345696982 0.0
  endloop
endfacet
facet normal 0.12675845206707825 0.9919336141242308 0.0
  outer loop
    vertex 7.080566065988242 4.5710858552968645 0.0
    vertex 6.433199478054693 4.653812345696982 0.9999999999999999
    vertex 7.080566065988242 4.5710858552968645 0.9999999999999999
  endloop
endfacet
facet normal -0.13429204826071006 0.9909417973695241 -0.0
  outer loop
    vertex 7.080566065988242 4.5710858552968645 0.9999999999999999
    vertex 7.727285363599933 4.658729003821374 0.0
    vertex 7.080566065988242 4.5710858552968645 0.0
  endloop
endfacet
facet normal -0.13429204826071006 0.9909417973695241 -0.0
  outer loop
    vertex 7.727285363599933 4.658729003821374 0.0
    vertex 7.080566065988242 4.5710858552968645 0.9999999999999999
    vertex 7.727285363599933 4.658729003821374 0.9999999999999999
  endloop
endfacet
facet normal -0.3861907674276331 0.9224189347328338 -0.0
  outer loop
    vertex 7.727285363599933 4.658729003821374 0.9999999999999999
    vertex 8.329284519511697 4.910769055535717 0.0
    vertex 7.727285363599933 4.658729003821374 0.0
  endloop
endfacet
facet normal -0.3861907674276331 0.9224189347328338 -0.0
  outer loop
    vertex 8.329284519511697 4.910769055535717 0.0
    vertex 7.727285363599933 4.658729003821374 0.9999999999999999
    vertex 8.329284519511697 4.910769055535717 0.9999999999999999
  endloop
endfacet
facet normal -0.6117712240047825 0.7910347460634648 -0.0
  outer loop
    vertex 8.329284519511697 4.910769055535717 0.9999999999999999
    vertex 8.845538286098797 5.31002989743144 0.0
    vertex 8.329284519511697 4.910769055535717 0.0
  endloop
endfacet
facet normal -0.6117712240047825 0.7910347460634648 -0.0
  outer loop
    vertex 8.845538286098797 5.31002989743144 0.0
    vertex 8.329284519511697 4.910769055535717 0.9999999999999999
    vertex 8.845538286098797 5.31002989743144 0.9999999999999999
  endloop
endfacet
facet normal -0.7956604826657558 0.6057428466965968 -0.0
  outer loop
    vertex 9.240864822318002 5.829302562943087 0.9999999999999999
    vertex 8.845538286098797 5.31002989743144 0.0
    vertex 8.845538286098797 5.31002989743144 0.9999999999999999
  endloop
endfacet
facet normal -0.7956604826657558 0.6057428466965968 -0.0
  outer loop
    vertex 8.845538286098797 5.31002989743144 0.0
    vertex 9.240864822318002 5.829302562943087 0.9999999999999999
    vertex 9.240864822318002 5.829302562943087 0.0
  endloop
endfacet
facet normal -0.925326794324175 0.3791705733647409 -0.0
  outer loop
    vertex 9.488323278033969 6.433199478054693 0.9999999999999999
    vertex 9.240864822318002 5.829302562943087 0.0
    vertex 9.240864822318002 5.829302562943087 0.9999999999999999
  endloop
endfacet
facet normal -0.925326794324175 0.3791705733647409 -0.0
  outer loop
    vertex 9.240864822318002 5.829302562943087 0.0
    vertex 9.488323278033969 6.433199478054693 0.9999999999999999
    vertex 9.488323278033969 6.433199478054693 0.0
  endloop
endfacet
facet normal -0.9919336141242308 0.1267584520670777 -0.0
  outer loop
    vertex 9.571049768434088 7.080566065988244 0.9999999999999999
    vertex 9.488323278033969 6.433199478054693 0.0
    vertex 9.488323278033969 6.433199478054693 0.9999999999999999
  endloop
endfacet
facet normal -0.9919336141242308 0.1267584520670777 -0.0
  outer loop
    vertex 9.488323278033969 6.433199478054693 0.0
    vertex 9.571049768434088 7.080566065988244 0.9999999999999999
    vertex 9.571049768434088 7.080566065988244 0.0
  endloop
endfacet
facet normal -0.990941797369524 -0.1342920482607114 -0.0
  outer loop
    vertex 9.483406619909577 7.7272853635999335 0.9999999999999999
    vertex 9.571049768434088 7.080566065988244 0.0
    vertex 9.571049768434088 7.080566065988244 0.9999999999999999
  endloop
endfacet
facet normal -0.990941797369524 -0.1342920482607114 -0.0
  outer loop
    vertex 9.571049768434088 7.080566065988244 0.0
    vertex 9.483406619909577 7.7272853635999335 0.9999999999999999
    vertex 9.483406619909577 7.7272853635999335 0.0
  endloop
endfacet
facet normal -0.922418934732834 -0.38619076742763303 -0.0
  outer loop
    vertex 9.231366568195236 8.329284519511697 0.9999999999999999
    vertex 9.483406619909577 7.7272853635999335 0.0
    vertex 9.483406619909577 7.7272853635999335 0.9999999999999999
  endloop
endfacet
facet normal -0.922418934732834 -0.38619076742763303 -0.0
  outer loop
    vertex 9.483406619909577 7.7272853635999335 0.0
    vertex 9.231366568195236 8.329284519511697 0.9999999999999999
    vertex 9.231366568195236 8.329284519511697 0.0
  endloop
endfacet
facet normal -0.7910347460634648 -0.6117712240047825 -0.0
  outer loop
    vertex 8.832105726299512 8.845538286098797 0.9999999999999999
    vertex 9.231366568195236 8.329284519511697 0.0
    vertex 9.231366568195236 8.329284519511697 0.9999999999999999
  endloop
endfacet
facet normal -0.7910347460634648 -0.6117712240047825 -0.0
  outer loop
    vertex 9.231366568195236 8.329284519511697 0.0
    vertex 8.832105726299512 8.845538286098797 0.9999999999999999
    vertex 8.832105726299512 8.845538286098797 0.0
  endloop
endfacet
facet normal -0.6057428466965968 -0.7956604826657558 -0.0
  outer loop
    vertex 8.832105726299512 8.845538286098797 0.9999999999999999
    vertex 8.312833060787865 9.240864822318002 0.0
    vertex 8.832105726299512 8.845538286098797 0.0
  endloop
endfacet
facet normal -0.6057428466965968 -0.7956604826657558 -0.0
  outer loop
    vertex 8.312833060787865 9.240864822318002 0.0
    vertex 8.832105726299512 8.845538286098797 0.9999999999999999
    vertex 8.312833060787865 9.240864822318002 0.9999999999999999
  endloop
endfacet
facet normal -0.3791705733647402 -0.9253267943241753 -0.0
  outer loop
    vertex 8.312833060787865 9.240864822318002 0.9999999999999999
    vertex 7.708936145676257 9.488323278033969 0.0
    vertex 8.312833060787865 9.240864822318002 0.0
  endloop
endfacet
facet normal -0.3791705733647402 -0.9253267943241753 -0.0
  outer loop
    vertex 7.708936145676257 9.488323278033969 0.0
    vertex 8.312833060787865 9.240864822318002 0.9999999999999999
    vertex 7.708936145676257 9.488323278033969 0.9999999999999999
  endloop
endfacet
facet normal -0.12675845206707825 -0.9919336141242308 -0.0
  outer loop
    vertex 7.708936145676257 9.488323278033969 0.9999999999999999
    vertex 7.0615695577427084 9.571049768434088 0.0
    vertex 7.708936145676257 9.488323278033969 0.0
  endloop
endfacet
facet normal -0.12675845206707825 -0.9919336141242308 -0.0
  outer loop
    vertex 7.0615695577427084 9.571049768434088 0.0
    vertex 7.708936145676257 9.488323278033969 0.9999999999999999
    vertex 7.0615695577427084 9.571049768434088 0.9999999999999999
  endloop
endfacet
facet normal 0.13429204826071112 -0.990941797369524 -0.0
  outer loop
    vertex 7.0615695577427084 9.571049768434088 0.9999999999999999
    vertex 6.4148502601310184 9.483406619909577 0.0
    vertex 7.0615695577427084 9.571049768434088 0.0
  endloop
endfacet
facet normal 0.13429204826071112 -0.990941797369524 -0.0
  outer loop
    vertex 6.4148502601310184 9.483406619909577 0.0
    vertex 7.0615695577427084 9.571049768434088 0.9999999999999999
    vertex 6.4148502601310184 9.483406619909577 0.9999999999999999
  endloop
endfacet
facet normal 0.38619076742763303 -0.922418934732834 -0.0
  outer loop
    vertex 6.4148502601310184 9.483406619909577 0.9999999999999999
    vertex 5.812851104219255 9.231366568195236 0.0
    vertex 6.4148502601310184 9.483406619909577 0.0
  endloop
endfacet
facet normal 0.38619076742763303 -0.922418934732834 -0.0
  outer loop
    vertex 5.812851104219255 9.231366568195236 0.0
    vertex 6.4148502601310184 9.483406619909577 0.9999999999999999
    vertex 5.812851104219255 9.231366568195236 0.9999999999999999
  endloop
endfacet
facet normal 0.6117712240047822 -0.7910347460634652 -0.0
  outer loop
    vertex 5.812851104219255 9.231366568195236 0.9999999999999999
    vertex 5.296597337632156 8.832105726299513 0.0
    vertex 5.812851104219255 9.231366568195236 0.0
  endloop
endfacet
facet normal 0.6117712240047822 -0.7910347460634652 -0.0
  outer loop
    vertex 5.296597337632156 8.832105726299513 0.0
    vertex 5.812851104219255 9.231366568195236 0.9999999999999999
    vertex 5.296597337632156 8.832105726299513 0.9999999999999999
  endloop
endfacet
facet normal 0.7956604826657553 -0.6057428466965975 -0.0
  outer loop
    vertex 5.296597337632156 8.832105726299513 0.0
    vertex 4.90127080141295 8.312833060787867 0.9999999999999999
    vertex 4.90127080141295 8.312833060787867 0.0
  endloop
endfacet
facet normal 0.7956604826657553 -0.6057428466965975 -0.0
  outer loop
    vertex 4.90127080141295 8.312833060787867 0.9999999999999999
    vertex 5.296597337632156 8.832105726299513 0.0
    vertex 5.296597337632156 8.832105726299513 0.9999999999999999
  endloop
endfacet
facet normal 0.9253267943241749 -0.379170573364741 -0.0
  outer loop
    vertex 4.90127080141295 8.312833060787867 0.0
    vertex 4.653812345696982 7.708936145676259 0.9999999999999999
    vertex 4.653812345696982 7.708936145676259 0.0
  endloop
endfacet
facet normal 0.9253267943241749 -0.379170573364741 -0.0
  outer loop
    vertex 4.653812345696982 7.708936145676259 0.9999999999999999
    vertex 4.90127080141295 8.312833060787867 0.0
    vertex 4.90127080141295 8.312833060787867 0.9999999999999999
  endloop
endfacet
facet normal 0.9919336141242308 -0.12675845206707825 -0.0
  outer loop
    vertex 4.653812345696982 7.708936145676259 0.0
    vertex 4.5710858552968645 7.06156955774271 0.9999999999999999
    vertex 4.5710858552968645 7.06156955774271 0.0
  endloop
endfacet
facet normal 0.9919336141242308 -0.12675845206707825 -0.0
  outer loop
    vertex 4.5710858552968645 7.06156955774271 0.9999999999999999
    vertex 4.653812345696982 7.708936145676259 0.0
    vertex 4.653812345696982 7.708936145676259 0.9999999999999999
  endloop
endfacet
facet normal 0.9909417973695241 0.13429204826071006 0.0
  outer loop
    vertex 4.5710858552968645 7.06156955774271 0.0
    vertex 4.658729003821374 6.414850260131019 0.9999999999999999
    vertex 4.658729003821374 6.414850260131019 0.0
  endloop
endfacet
facet normal 0.9909417973695241 0.13429204826071006 0.0
  outer loop
    vertex 4.658729003821374 6.414850260131019 0.9999999999999999
    vertex 4.5710858552968645 7.06156955774271 0.0
    vertex 4.5710858552968645 7.06156955774271 0.9999999999999999
  endloop
endfacet
facet normal 0.9224189347328338 0.3861907674276331 0.0
  outer loop
    vertex 4.658729003821374 6.414850260131019 0.0
    vertex 4.910769055535717 5.812851104219255 0.9999999999999999
    vertex 4.910769055535717 5.812851104219255 0.0
  endloop
endfacet
facet normal 0.9224189347328338 0.3861907674276331 0.0
  outer loop
    vertex 4.910769055535717 5.812851104219255 0.9999999999999999
    vertex 4.658729003821374 6.414850260131019 0.0
    vertex 4.658729003821374 6.414850260131019 0.9999999999999999
  endloop
endfacet
facet normal -0.7933533402912287 -0.6087614290087292 -0.0
  outer loop
    vertex 114.69669914110091 114.69669914110091 0.9999999999999999
    vertex 115.09399569759564 114.17893218813454 0.0
    vertex 115.09399569759564 114.17893218813454 0.9999999999999999
  endloop
endfacet
facet normal -0.7933533402912287 -0.6087614290087292 -0.0
  outer loop
    vertex 115.09399569759564 114.17893218813454 0.0
    vertex 114.69669914110091 114.69669914110091 0.9999999999999999
    vertex 114.69669914110091 114.69669914110091 0.0
  endloop
endfacet
facet normal -0.6087614290087292 -0.7933533402912287 -0.0
  outer loop
    vertex 114.69669914110091 114.69669914110091 0.9999999999999999
    vertex 114.17893218813454 115.09399569759564 0.0
    vertex 114.69669914110091 114.69669914110091 0.0
  endloop
endfacet
facet normal -0.6087614290087292 -0.7933533402912287 -0.0
  outer loop
    vertex 114.17893218813454 115.09399569759564 0.0
    vertex 114.69669914110091 114.69669914110091 0.9999999999999999
    vertex 114.17893218813454 115.09399569759564 0.9999999999999999
  endloop
endfacet
facet normal -0.999998530840906 0.0017141516939660176 -6.294636673312128e-34
  outer loop
    vertex 109.57231589830924 60.0 0.9999999999999999
    vertex 109.56098315450376 53.38872563275467 0.0
    vertex 109.56098315450376 53.38872563275467 0.9999999999999999
  endloop
endfacet
facet normal -0.999998530840906 0.0017141516939660176 -6.294636673312128e-34
  outer loop
    vertex 109.56098315450376 53.38872563275467 0.0
    vertex 109.57231589830924 60.0 0.9999999999999999
    vertex 109.57231589830924 60.0 0.0
  endloop
endfacet
facet normal -0.9999985308409058 0.001714151693964244 -6.294636673312095e-34
  outer loop
    vertex 109.58335732385383 66.44132567838562 0.9999999999999999
    vertex 109.57231589830924 60.0 0.0
    vertex 109.57231589830924 60.0 0.9999999999999999
  endloop
endfacet
facet normal -0.9999985308409058 0.001714151693964244 -6.294636673312095e-34
  outer loop
    vertex 109.57231589830924 60.0 0.0
    vertex 109.58335732385383 66.44132567838562 0.9999999999999999
    vertex 109.58335732385383 66.44132567838562 0.0
  endloop
endfacet
facet normal -0.9663680622949495 -0.2571629214647876 -1.3662669925197047e-34
  outer loop
    vertex 106.22670763195555 79.05496002382854 0.9999999999999999
    vertex 109.58335732385383 66.44132567838562 0.0
    vertex 109.58335732385383 66.44132567838562 0.9999999999999999
  endloop
endfacet
facet normal -0.9663680622949495 -0.2571629214647876 -1.3662669925197047e-34
  outer loop
    vertex 109.58335732385383 66.44132567838562 0.0
    vertex 106.22670763195555 79.05496002382854 0.9999999999999999
    vertex 106.22670763195555 79.05496002382854 0.0
  endloop
endfacet
facet normal -0.8668812073023229 -0.4985147665075399 3.655211525950026e-34
  outer loop
    vertex 99.71978420818581 90.3700303334579 0.9999999999999999
    vertex 106.22670763195555 79.05496002382854 0.0
    vertex 106.22670763195555 79.05496002382854 0.9999999999999999
  endloop
endfacet
facet normal -0.8668812073023229 -0.4985147665075399 3.655211525950026e-34
  outer loop
    vertex 106.22670763195555 79.05496002382854 0.0
    vertex 99.71978420818581 90.3700303334579 0.9999999999999999
    vertex 99.71978420818581 90.3700303334579 0.0
  endloop
endfacet
facet normal -0.7083178306209751 -0.7058936540474037 8.427593419448837e-34
  outer loop
    vertex 90.50602313067523 99.61543326471022 0.9999999999999999
    vertex 99.71978420818581 90.3700303334579 0.0
    vertex 99.71978420818581 90.3700303334579 0.9999999999999999
  endloop
endfacet
facet normal -0.7083178306209751 -0.7058936540474037 8.427593419448837e-34
  outer loop
    vertex 99.71978420818581 90.3700303334579 0.0
    vertex 90.50602313067523 99.61543326471022 0.9999999999999999
    vertex 90.50602313067523 99.61543326471022 0.0
  endloop
endfacet
facet normal -0.501483764333367 -0.8651670556083584 1.2625648748668888e-33
  outer loop
    vertex 90.50602313067523 99.61543326471022 0.9999999999999999
    vertex 79.21332699039597 106.16110988657144 0.0
    vertex 90.50602313067523 99.61543326471022 0.0
  endloop
endfacet
facet normal -0.501483764333367 -0.8651670556083584 1.2625648748668888e-33
  outer loop
    vertex 79.21332699039597 106.16110988657144 0.0
    vertex 90.50602313067523 99.61543326471022 0.9999999999999999
    vertex 79.21332699039597 106.16110988657144 0.9999999999999999
  endloop
endfacet
facet normal -0.2604744082475452 -0.9654807520857633 1.5963286980538217e-33
  outer loop
    vertex 79.21332699039597 106.16110988657144 0.9999999999999999
    vertex 66.61127436724534 109.56098315450376 0.0
    vertex 79.21332699039597 106.16110988657144 0.0
  endloop
endfacet
facet normal -0.2604744082475452 -0.9654807520857633 1.5963286980538217e-33
  outer loop
    vertex 66.61127436724534 109.56098315450376 0.0
    vertex 79.21332699039597 106.16110988657144 0.9999999999999999
    vertex 66.61127436724534 109.56098315450376 0.9999999999999999
  endloop
endfacet
facet normal -0.0017141516939668724 -0.999998530840906 1.8213053585262914e-33
  outer loop
    vertex 66.61127436724534 109.56098315450376 0.9999999999999999
    vertex 53.558674321614404 109.58335732385386 0.0
    vertex 66.61127436724534 109.56098315450376 0.0
  endloop
endfacet
facet normal -0.0017141516939668724 -0.999998530840906 1.8213053585262914e-33
  outer loop
    vertex 53.558674321614404 109.58335732385386 0.0
    vertex 66.61127436724534 109.56098315450376 0.9999999999999999
    vertex 53.558674321614404 109.58335732385386 0.9999999999999999
  endloop
endfacet
facet normal 0.25716292146478886 -0.9663680622949492 1.922163068664612e-33
  outer loop
    vertex 53.558674321614404 109.58335732385386 0.9999999999999999
    vertex 40.945039976171465 106.22670763195555 0.0
    vertex 53.558674321614404 109.58335732385386 0.0
  endloop
endfacet
facet normal 0.25716292146478886 -0.9663680622949492 1.922163068664612e-33
  outer loop
    vertex 40.945039976171465 106.22670763195555 0.0
    vertex 53.558674321614404 109.58335732385386 0.9999999999999999
    vertex 40.945039976171465 106.22670763195555 0.9999999999999999
  endloop
endfacet
facet normal 0.4985147665075391 -0.8668812073023233 1.8920285421980997e-33
  outer loop
    vertex 40.945039976171465 106.22670763195555 0.9999999999999999
    vertex 29.629969666542127 99.71978420818584 0.0
    vertex 40.945039976171465 106.22670763195555 0.0
  endloop
endfacet
facet normal 0.4985147665075391 -0.8668812073023233 1.8920285421980997e-33
  outer loop
    vertex 29.629969666542127 99.71978420818584 0.0
    vertex 40.945039976171465 106.22670763195555 0.9999999999999999
    vertex 29.629969666542127 99.71978420818584 0.9999999999999999
  endloop
endfacet
facet normal 0.705893654047404 -0.7083178306209749 1.7329553973057904e-33
  outer loop
    vertex 29.629969666542127 99.71978420818584 0.9999999999999999
    vertex 20.38456673528979 90.50602313067523 0.0
    vertex 29.629969666542127 99.71978420818584 0.0
  endloop
endfacet
facet normal 0.705893654047404 -0.7083178306209749 1.7329553973057904e-33
  outer loop
    vertex 20.38456673528979 90.50602313067523 0.0
    vertex 29.629969666542127 99.71978420818584 0.9999999999999999
    vertex 20.38456673528979 90.50602313067523 0.9999999999999999
  endloop
endfacet
facet normal 0.8651670556083582 -0.5014837643333674 1.4557842059312928e-33
  outer loop
    vertex 20.38456673528979 90.50602313067523 0.0
    vertex 13.838890113428574 79.21332699039597 0.9999999999999999
    vertex 13.838890113428574 79.21332699039597 0.0
  endloop
endfacet
facet normal 0.8651670556083582 -0.5014837643333674 1.4557842059312928e-33
  outer loop
    vertex 13.838890113428574 79.21332699039597 0.9999999999999999
    vertex 20.38456673528979 90.50602313067523 0.0
    vertex 20.38456673528979 90.50602313067523 0.9999999999999999
  endloop
endfacet
facet normal 0.9654807520857633 -0.2604744082475456 1.0794037267197277e-33
  outer loop
    vertex 13.838890113428574 79.21332699039597 0.0
    vertex 10.439016845496244 66.61127436724534 0.9999999999999999
    vertex 10.439016845496244 66.61127436724534 0.0
  endloop
endfacet
facet normal 0.9654807520857633 -0.2604744082475456 1.0794037267197277e-33
  outer loop
    vertex 10.439016845496244 66.61127436724534 0.9999999999999999
    vertex 13.838890113428574 79.21332699039597 0.0
    vertex 13.838890113428574 79.21332699039597 0.9999999999999999
  endloop
endfacet
facet normal 0.9999985308409058 -0.0017141516939653749 6.294636673312117e-34
  outer loop
    vertex 10.439016845496244 66.61127436724534 0.0
    vertex 10.427684101690756 60.0 0.9999999999999999
    vertex 10.427684101690756 60.0 0.0
  endloop
endfacet
facet normal 0.9999985308409058 -0.0017141516939653749 6.294636673312117e-34
  outer loop
    vertex 10.427684101690756 60.0 0.9999999999999999
    vertex 10.439016845496244 66.61127436724534 0.0
    vertex 10.439016845496244 66.61127436724534 0.9999999999999999
  endloop
endfacet
facet normal 0.999998530840906 -0.0017141516939657828 6.294636673312125e-34
  outer loop
    vertex 10.427684101690756 60.0 0.0
    vertex 10.416642676146157 53.558674321614404 0.9999999999999999
    vertex 10.416642676146157 53.558674321614404 0.0
  endloop
endfacet
facet normal 0.999998530840906 -0.0017141516939657828 6.294636673312125e-34
  outer loop
    vertex 10.416642676146157 53.558674321614404 0.9999999999999999
    vertex 10.427684101690756 60.0 0.0
    vertex 10.427684101690756 60.0 0.9999999999999999
  endloop
endfacet
facet normal 0.9663680622949495 0.2571629214647882 1.3662669925196933e-34
  outer loop
    vertex 10.416642676146157 53.558674321614404 0.0
    vertex 13.773292368044453 40.94503997617147 0.9999999999999999
    vertex 13.773292368044453 40.94503997617147 0.0
  endloop
endfacet
facet normal 0.9663680622949495 0.2571629214647882 1.3662669925196933e-34
  outer loop
    vertex 13.773292368044453 40.94503997617147 0.9999999999999999
    vertex 10.416642676146157 53.558674321614404 0.0
    vertex 10.416642676146157 53.558674321614404 0.9999999999999999
  endloop
endfacet
facet normal 0.8668812073023235 0.4985147665075388 -3.6552115259500026e-34
  outer loop
    vertex 13.773292368044453 40.94503997617147 0.0
    vertex 20.280215791814165 29.629969666542134 0.9999999999999999
    vertex 20.280215791814165 29.629969666542134 0.0
  endloop
endfacet
facet normal 0.8668812073023235 0.4985147665075388 -3.6552115259500026e-34
  outer loop
    vertex 20.280215791814165 29.629969666542134 0.9999999999999999
    vertex 13.773292368044453 40.94503997617147 0.0
    vertex 13.773292368044453 40.94503997617147 0.9999999999999999
  endloop
endfacet
facet normal 0.7083178306209753 0.7058936540474036 -8.427593419448833e-34
  outer loop
    vertex 20.280215791814165 29.629969666542134 0.0
    vertex 29.49397686932477 20.38456673528979 0.9999999999999999
    vertex 29.49397686932477 20.38456673528979 0.0
  endloop
endfacet
facet normal 0.7083178306209753 0.7058936540474036 -8.427593419448833e-34
  outer loop
    vertex 29.49397686932477 20.38456673528979 0.9999999999999999
    vertex 20.280215791814165 29.629969666542134 0.0
    vertex 20.280215791814165 29.629969666542134 0.9999999999999999
  endloop
endfacet
facet normal 0.5014837643333674 0.8651670556083582 -1.2625648748668881e-33
  outer loop
    vertex 29.49397686932477 20.38456673528979 0.9999999999999999
    vertex 40.78667300960403 13.838890113428574 0.0
    vertex 29.49397686932477 20.38456673528979 0.0
  endloop
endfacet
facet normal 0.5014837643333674 0.8651670556083582 -1.2625648748668881e-33
  outer loop
    vertex 40.78667300960403 13.838890113428574 0.0
    vertex 29.49397686932477 20.38456673528979 0.9999999999999999
    vertex 40.78667300960403 13.838890113428574 0.9999999999999999
  endloop
endfacet
facet normal 0.26047440824754536 0.9654807520857633 -1.5963286980538214e-33
  outer loop
    vertex 40.78667300960403 13.838890113428574 0.9999999999999999
    vertex 53.388725632754664 10.439016845496244 0.0
    vertex 40.78667300960403 13.838890113428574 0.0
  endloop
endfacet
facet normal 0.26047440824754536 0.9654807520857633 -1.5963286980538214e-33
  outer loop
    vertex 53.388725632754664 10.439016845496244 0.0
    vertex 40.78667300960403 13.838890113428574 0.9999999999999999
    vertex 53.388725632754664 10.439016845496244 0.9999999999999999
  endloop
endfacet
facet normal 0.001714151693965573 0.9999985308409058 -1.8213053585262924e-33
  outer loop
    vertex 53.388725632754664 10.439016845496244 0.9999999999999999
    vertex 66.44132567838562 10.416642676146157 0.0
    vertex 53.388725632754664 10.439016845496244 0.0
  endloop
endfacet
facet normal 0.001714151693965573 0.9999985308409058 -1.8213053585262924e-33
  outer loop
    vertex 66.44132567838562 10.416642676146157 0.0
    vertex 53.388725632754664 10.439016845496244 0.9999999999999999
    vertex 66.44132567838562 10.416642676146157 0.9999999999999999
  endloop
endfacet
facet normal -0.25716292146478925 0.9663680622949493 -1.9221630686646122e-33
  outer loop
    vertex 66.44132567838562 10.416642676146157 0.9999999999999999
    vertex 79.05496002382854 13.773292368044466 0.0
    vertex 66.44132567838562 10.416642676146157 0.0
  endloop
endfacet
facet normal -0.25716292146478925 0.9663680622949493 -1.9221630686646122e-33
  outer loop
    vertex 79.05496002382854 13.773292368044466 0.0
    vertex 66.44132567838562 10.416642676146157 0.9999999999999999
    vertex 79.05496002382854 13.773292368044466 0.9999999999999999
  endloop
endfacet
facet normal -0.49851476650753906 0.8668812073023234 -1.8920285421981e-33
  outer loop
    vertex 79.05496002382854 13.773292368044466 0.9999999999999999
    vertex 90.37003033345788 20.280215791814175 0.0
    vertex 79.05496002382854 13.773292368044466 0.0
  endloop
endfacet
facet normal -0.49851476650753906 0.8668812073023234 -1.8920285421981e-33
  outer loop
    vertex 90.37003033345788 20.280215791814175 0.0
    vertex 79.05496002382854 13.773292368044466 0.9999999999999999
    vertex 90.37003033345788 20.280215791814175 0.9999999999999999
  endloop
endfacet
facet normal -0.7058936540474038 0.7083178306209751 -1.7329553973057907e-33
  outer loop
    vertex 90.37003033345788 20.280215791814175 0.9999999999999999
    vertex 99.61543326471023 29.493976869324797 0.0
    vertex 90.37003033345788 20.280215791814175 0.0
  endloop
endfacet
facet normal -0.7058936540474038 0.7083178306209751 -1.7329553973057907e-33
  outer loop
    vertex 99.61543326471023 29.493976869324797 0.0
    vertex 90.37003033345788 20.280215791814175 0.9999999999999999
    vertex 99.61543326471023 29.493976869324797 0.9999999999999999
  endloop
endfacet
facet normal -0.8651670556083585 0.5014837643333668 -1.4557842059312921e-33
  outer loop
    vertex 106.16110988657144 40.78667300960405 0.9999999999999999
    vertex 99.61543326471023 29.493976869324797 0.0
    vertex 99.61543326471023 29.493976869324797 0.9999999999999999
  endloop
endfacet
facet normal -0.8651670556083585 0.5014837643333668 -1.4557842059312921e-33
  outer loop
    vertex 99.61543326471023 29.493976869324797 0.0
    vertex 106.16110988657144 40.78667300960405 0.9999999999999999
    vertex 106.16110988657144 40.78667300960405 0.0
  endloop
endfacet
facet normal -0.9654807520857636 0.2604744082475451 -1.0794037267197267e-33
  outer loop
    vertex 109.56098315450376 53.38872563275467 0.9999999999999999
    vertex 106.16110988657144 40.78667300960405 0.0
    vertex 106.16110988657144 40.78667300960405 0.9999999999999999
  endloop
endfacet
facet normal -0.9654807520857636 0.2604744082475451 -1.0794037267197267e-33
  outer loop
    vertex 106.16110988657144 40.78667300960405 0.0
    vertex 109.56098315450376 53.38872563275467 0.9999999999999999
    vertex 109.56098315450376 53.38872563275467 0.0
  endloop
endfacet
facet normal -0.0 -0.0 1.0
  outer loop
    vertex 10.000000000000004 20.000000000000004 0.9999999999999999
    vertex 10.416642676146157 53.558674321614404 0.9999999999999999
    vertex 10.000000000000004 100.0 0.9999999999999999
  endloop
endfacet
facet normal -0.0 -0.0 1.0
  outer loop
    vertex 10.416642676146157 53.558674321614404 0.9999999999999999
    vertex 10.000000000000004 20.000000000000004 0.9999999999999999
    vertex 20.000000000000004 10.000000000000004 0.9999999999999999
  endloop
endfacet
facet normal -0.0 -0.0 1.0
  outer loop
    vertex 10.416642676146157 53.558674321614404 0.9999999999999999
    vertex 20.000000000000004 10.000000000000004 0.9999999999999999
    vertex 13.773292368044453 40.94503997617147 0.9999999999999999
  endloop
endfacet
facet normal -0.0 -0.0 1.0
  outer loop
    vertex 13.773292368044453 40.94503997617147 0.9999999999999999
    vertex 20.000000000000004 10.000000000000004 0.9999999999999999
    vertex 20.280215791814165 29.629969666542134 0.9999999999999999
  endloop
endfacet
facet normal -0.0 -0.0 1.0
  outer loop
    vertex 20.280215791814165 29.629969666542134 0.9999999999999999
    vertex 20.000000000000004 10.000000000000004 0.9999999999999999
    vertex 29.49397686932477 20.38456673528979 0.9999999999999999
  endloop
endfacet
facet normal -0.0 -0.0 1.0
  outer loop
    vertex 29.49397686932477 20.38456673528979 0.9999999999999999
    vertex 20.000000000000004 10.000000000000004 0.9999999999999999
    vertex 40.78667300960403 13.838890113428574 0.9999999999999999
  endloop
endfacet
facet normal -0.0 -0.0 1.0
  outer loop
    vertex 40.78667300960403 13.838890113428574 0.9999999999999999
    vertex 20.000000000000004 10.000000000000004 0.9999999999999999
    vertex 53.388725632754664 10.439016845496244 0.9999999999999999
  endloop
endfacet
facet normal -0.0 -0.0 1.0
  outer loop
    vertex 53.388725632754664 10.439016845496244 0.9999999999999999
    vertex 20.000000000000004 10.000000000000004 0.9999999999999999
    vertex 100.0 10.000000000000004 0.9999999999999999
  endloop
endfacet
facet normal -0.0 -0.0 1.0
  outer loop
    vertex 53.388725632754664 10.439016845496244 0.9999999999999999
    vertex 100.0 10.000000000000004 0.9999999999999999
    vertex 66.44132567838562 10.416642676146157 0.9999999999999999
  endloop
endfacet
facet normal -0.0 -0.0 1.0
  outer loop
    vertex 66.44132567838562 10.416642676146157 0.9999999999999999
    vertex 100.0 10.000000000000004 0.9999999999999999
    vertex 79.05496002382854 13.773292368044466 0.9999999999999999
  endloop
endfacet
facet normal -0.0 -0.0 1.0
  outer loop
    vertex 79.05496002382854 13.773292368044466 0.9999999999999999
    vertex 100.0 10.000000000000004 0.9999999999999999
    vertex 90.37003033345788 20.280215791814175 0.9999999999999999
  endloop
endfacet
facet normal -0.0 -0.0 1.0
  outer loop
    vertex 90.37003033345788 20.280215791814175 0.9999999999999999
    vertex 100.0 10.000000000000004 0.9999999999999999
    vertex 99.61543326471023 29.493976869324797 0.9999999999999999
  endloop
endfacet
facet normal -0.0 -0.0 1.0
  outer loop
    vertex 99.61543326471023 29.493976869324797 0.9999999999999999
    vertex 100.0 10.000000000000004 0.9999999999999999
    vertex 106.16110988657144 40.78667300960405 0.9999999999999999
  endloop
endfacet
facet normal -0.0 -0.0 1.0
  outer loop
    vertex 106.16110988657144 40.78667300960405 0.9999999999999999
    vertex 100.0 10.000000000000004 0.9999999999999999
    vertex 110.0 20.000000000000004 0.9999999999999999
  endloop
endfacet
facet normal -0.0 -0.0 1.0
  outer loop
    vertex 106.16110988657144 40.78667300960405 0.9999999999999999
    vertex 110.0 20.000000000000004 0.9999999999999999
    vertex 109.56098315450376 53.38872563275467 0.9999999999999999
  endloop
endfacet
facet normal -0.0 -0.0 1.0
  outer loop
    vertex 109.56098315450376 53.38872563275467 0.9999999999999999
    vertex 110.0 20.000000000000004 0.9999999999999999
    vertex 109.57231589830924 60.0 0.9999999999999999
  endloop
endfacet
facet normal -0.0 -0.0 1.0
  outer loop
    vertex 109.57231589830924 60.0 0.9999999999999999
    vertex 110.0 20.000000000000004 0.9999999999999999
    vertex 109.58335732385383 66.44132567838562 0.9999999999999999
  endloop
endfacet
facet normal -0.0 -0.0 1.0
  outer loop
    vertex 10.000000000000004 100.0 0.9999999999999999
    vertex 10.439016845496244 66.61127436724534 0.9999999999999999
    vertex 20.000000000000004 110.0 0.9999999999999999
  endloop
endfacet
facet normal -0.0 -0.0 1.0
  outer loop
    vertex 10.439016845496244 66.61127436724534 0.9999999999999999
    vertex 10.000000000000004 100.0 0.9999999999999999
    vertex 10.416642676146157 53.558674321614404 0.9999999999999999
  endloop
endfacet
facet normal -0.0 -0.0 1.0
  outer loop
    vertex 10.439016845496244 66.61127436724534 0.9999999999999999
    vertex 10.416642676146157 53.558674321614404 0.9999999999999999
    vertex 10.427684101690756 60.0 0.9999999999999999
  endloop
endfacet
facet normal -0.0 -0.0 1.0
  outer loop
    vertex 20.000000000000004 110.0 0.9999999999999999
    vertex 10.439016845496244 66.61127436724534 0.9999999999999999
    vertex 13.838890113428574 79.21332699039597 0.9999999999999999
  endloop
endfacet
facet normal -0.0 -0.0 1.0
  outer loop
    vertex 20.000000000000004 110.0 0.9999999999999999
    vertex 13.838890113428574 79.21332699039597 0.9999999999999999
    vertex 20.38456673528979 90.50602313067523 0.9999999999999999
  endloop
endfacet
facet normal -0.0 -0.0 1.0
  outer loop
    vertex 20.000000000000004 110.0 0.9999999999999999
    vertex 20.38456673528979 90.50602313067523 0.9999999999999999
    vertex 29.629969666542127 99.71978420818584 0.9999999999999999
  endloop
endfacet
facet normal -0.0 -0.0 1.0
  outer loop
    vertex 20.000000000000004 110.0 0.9999999999999999
    vertex 29.629969666542127 99.71978420818584 0.9999999999999999
    vertex 40.945039976171465 106.22670763195555 0.9999999999999999
  endloop
endfacet
facet normal -0.0 -0.0 1.0
  outer loop
    vertex 20.000000000000004 110.0 0.9999999999999999
    vertex 40.945039976171465 106.22670763195555 0.9999999999999999
    vertex 53.558674321614404 109.58335732385386 0.9999999999999999
  endloop
endfacet
facet normal -0.0 -0.0 1.0
  outer loop
    vertex 20.000000000000004 110.0 0.9999999999999999
    vertex 53.558674321614404 109.58335732385386 0.9999999999999999
    vertex 100.0 110.0 0.9999999999999999
  endloop
endfacet
facet normal -0.0 -0.0 1.0
  outer loop
    vertex 100.0 110.0 0.9999999999999999
    vertex 53.558674321614404 109.58335732385386 0.9999999999999999
    vertex 66.61127436724534 109.56098315450376 0.9999999999999999
  endloop
endfacet
facet normal -0.0 -0.0 1.0
  outer loop
    vertex 100.0 110.0 0.9999999999999999
    vertex 66.61127436724534 109.56098315450376 0.9999999999999999
    vertex 79.21332699039597 106.16110988657144 0.9999999999999999
  endloop
endfacet
facet normal -0.0 -0.0 1.0
  outer loop
    vertex 100.0 110.0 0.9999999999999999
    vertex 79.21332699039597 106.16110988657144 0.9999999999999999
    vertex 90.50602313067523 99.61543326471022 0.9999999999999999
  endloop
endfacet
facet normal -0.0 -0.0 1.0
  outer loop
    vertex 100.0 110.0 0.9999999999999999
    vertex 90.50602313067523 99.61543326471022 0.9999999999999999
    vertex 99.71978420818581 90.3700303334579 0.9999999999999999
  endloop
endfacet
facet normal -0.0 -0.0 1.0
  outer loop
    vertex 100.0 110.0 0.9999999999999999
    vertex 99.71978420818581 90.3700303334579 0.9999999999999999
    vertex 106.22670763195555 79.05496002382854 0.9999999999999999
  endloop
endfacet
facet normal -0.0 -0.0 1.0
  outer loop
    vertex 100.0 110.0 0.9999999999999999
    vertex 106.22670763195555 79.05496002382854 0.9999999999999999
    vertex 110.0 100.0 0.9999999999999999
  endloop
endfacet
facet normal -0.0 -0.0 1.0
  outer loop
    vertex 110.0 100.0 0.9999999999999999
    vertex 106.22670763195555 79.05496002382854 0.9999999999999999
    vertex 109.58335732385383 66.44132567838562 0.9999999999999999
  endloop
endfacet
facet normal -0.0 -0.0 1.0
  outer loop
    vertex 110.0 100.0 0.9999999999999999
    vertex 109.58335732385383 66.44132567838562 0.9999999999999999
    vertex 110.0 20.000000000000004 0.9999999999999999
  endloop
endfacet
facet normal 0.0 0.0 1.0
  outer loop
    vertex 8.000000000000004 19.171572875253812 21.0
    vertex 10.000000000000004 20.000000000000004 21.0
    vertex 8.000000000000004 100.82842712474618 21.0
  endloop
endfacet
facet normal 0.0 0.0 1.0
  outer loop
    vertex 10.000000000000004 20.000000000000004 21.0
    vertex 8.000000000000004 19.171572875253812 21.0
    vertex 19.171572875253812 8.000000000000004 21.0
  endloop
endfacet
facet normal 0.0 0.0 1.0
  outer loop
    vertex 10.000000000000004 20.000000000000004 21.0
    vertex 19.171572875253812 8.000000000000004 21.0
    vertex 20.000000000000004 10.000000000000004 21.0
  endloop
endfacet
facet normal 0.0 0.0 1.0
  outer loop
    vertex 20.000000000000004 10.000000000000004 21.0
    vertex 19.171572875253812 8.000000000000004 21.0
    vertex 100.8284271247462 8.000000000000004 21.0
  endloop
endfacet
facet normal 0.0 0.0 1.0
  outer loop
    vertex 20.000000000000004 10.000000000000004 21.0
    vertex 100.8284271247462 8.000000000000004 21.0
    vertex 100.0 10.000000000000004 21.0
  endloop
endfacet
facet normal 0.0 0.0 1.0
  outer loop
    vertex 100.0 10.000000000000004 21.0
    vertex 100.8284271247462 8.000000000000004 21.0
    vertex 110.0 20.000000000000004 21.0
  endloop
endfacet
facet normal 0.0 0.0 1.0
  outer loop
    vertex 110.0 20.000000000000004 21.0
    vertex 100.8284271247462 8.000000000000004 21.0
    vertex 112.0 19.171572875253812 21.0
  endloop
endfacet
facet normal 0.0 0.0 1.0
  outer loop
    vertex 110.0 20.000000000000004 21.0
    vertex 112.0 19.171572875253812 21.0
    vertex 110.0 100.0 21.0
  endloop
endfacet
facet normal 0.0 0.0 1.0
  outer loop
    vertex 8.000000000000004 100.82842712474618 21.0
    vertex 10.000000000000004 100.0 21.0
    vertex 19.171572875253812 112.0 21.0
  endloop
endfacet
facet normal 0.0 0.0 1.0
  outer loop
    vertex 10.000000000000004 100.0 21.0
    vertex 8.000000000000004 100.82842712474618 21.0
    vertex 10.000000000000004 20.000000000000004 21.0
  endloop
endfacet
facet normal 0.0 0.0 1.0
  outer loop
    vertex 19.171572875253812 112.0 21.0
    vertex 10.000000000000004 100.0 21.0
    vertex 20.000000000000004 110.0 21.0
  endloop
endfacet
facet normal 0.0 0.0 1.0
  outer loop
    vertex 19.171572875253812 112.0 21.0
    vertex 20.000000000000004 110.0 21.0
    vertex 100.82842712474618 112.0 21.0
  endloop
endfacet
facet normal 0.0 0.0 1.0
  outer loop
    vertex 100.82842712474618 112.0 21.0
    vertex 20.000000000000004 110.0 21.0
    vertex 100.0 110.0 21.0
  endloop
endfacet
facet normal 0.0 0.0 1.0
  outer loop
    vertex 100.82842712474618 112.0 21.0
    vertex 100.0 110.0 21.0
    vertex 110.0 100.0 21.0
  endloop
endfacet
facet normal 0.0 0.0 1.0
  outer loop
    vertex 100.82842712474618 112.0 21.0
    vertex 110.0 100.0 21.0
    vertex 112.0 100.8284271247462 21.0
  endloop
endfacet
facet normal 0.0 0.0 1.0
  outer loop
    vertex 112.0 100.8284271247462 21.0
    vertex 110.0 100.0 21.0
    vertex 112.0 19.171572875253812 21.0
  endloop
endfacet
facet normal 0.7071067811865471 0.7071067811865479 0.0
  outer loop
    vertex 100.82842712474618 112.0 21.0
    vertex 112.0 100.8284271247462 0.9999999999999999
    vertex 100.82842712474618 112.0 0.9999999999999999
  endloop
endfacet
facet normal 0.7071067811865471 0.7071067811865479 0.0
  outer loop
    vertex 112.0 100.8284271247462 0.9999999999999999
    vertex 100.82842712474618 112.0 21.0
    vertex 112.0 100.8284271247462 21.0
  endloop
endfacet
facet normal 0.0 1.0 0.0
  outer loop
    vertex 19.171572875253812 112.0 21.0
    vertex 100.82842712474618 112.0 0.9999999999999999
    vertex 19.171572875253812 112.0 0.9999999999999999
  endloop
endfacet
facet normal 0.0 1.0 0.0
  outer loop
    vertex 100.82842712474618 112.0 0.9999999999999999
    vertex 19.171572875253812 112.0 21.0
    vertex 100.82842712474618 112.0 21.0
  endloop
endfacet
facet normal -0.7071067811865476 0.7071067811865475 0.0
  outer loop
    vertex 19.171572875253812 112.0 21.0
    vertex 8.000000000000004 100.82842712474618 0.9999999999999999
    vertex 8.000000000000004 100.82842712474618 21.0
  endloop
endfacet
facet normal -0.7071067811865476 0.7071067811865475 0.0
  outer loop
    vertex 8.000000000000004 100.82842712474618 0.9999999999999999
    vertex 19.171572875253812 112.0 21.0
    vertex 19.171572875253812 112.0 0.9999999999999999
  endloop
endfacet
facet normal -0.7071067811865476 -0.7071067811865476 -0.0
  outer loop
    vertex 8.000000000000004 19.171572875253812 21.0
    vertex 19.171572875253812 8.000000000000004 0.9999999999999999
    vertex 19.171572875253812 8.000000000000004 21.0
  endloop
endfacet
facet normal -0.7071067811865476 -0.7071067811865476 -0.0
  outer loop
    vertex 19.171572875253812 8.000000000000004 0.9999999999999999
    vertex 8.000000000000004 19.171572875253812 21.0
    vertex 8.000000000000004 19.171572875253812 0.9999999999999999
  endloop
endfacet
facet normal 0.0 -1.0 0.0
  outer loop
    vertex 100.8284271247462 8.000000000000004 21.0
    vertex 19.171572875253812 8.000000000000004 0.9999999999999999
    vertex 100.8284271247462 8.000000000000004 0.9999999999999999
  endloop
endfacet
facet normal 0.0 -1.0 0.0
  outer loop
    vertex 19.171572875253812 8.000000000000004 0.9999999999999999
    vertex 100.8284271247462 8.000000000000004 21.0
    vertex 19.171572875253812 8.000000000000004 21.0
  endloop
endfacet
facet normal 0.7071067811865479 -0.7071067811865472 0.0
  outer loop
    vertex 112.0 19.171572875253812 0.9999999999999999
    vertex 100.8284271247462 8.000000000000004 21.0
    vertex 100.8284271247462 8.000000000000004 0.9999999999999999
  endloop
endfacet
facet normal 0.7071067811865479 -0.7071067811865472 0.0
  outer loop
    vertex 100.8284271247462 8.000000000000004 21.0
    vertex 112.0 19.171572875253812 0.9999999999999999
    vertex 112.0 19.171572875253812 21.0
  endloop
endfacet
facet normal 1.0 -0.0 0.0
  outer loop
    vertex 112.0 19.171572875253812 0.9999999999999999
    vertex 112.0 29.21368029739077 10.38218018380071
    vertex 112.0 19.171572875253812 21.0
  endloop
endfacet
facet normal 1.0 -0.0 0.0
  outer loop
    vertex 112.0 29.21368029739077 10.38218018380071
    vertex 112.0 19.171572875253812 0.9999999999999999
    vertex 112.0 29.400377026403913 10.19971736896532
  endloop
endfacet
facet normal 1.0 -0.0 0.0
  outer loop
    vertex 112.0 29.400377026403913 10.19971736896532
    vertex 112.0 19.171572875253812 0.9999999999999999
    vertex 112.0 29.627937070143822 10.071792492905365
  endloop
endfacet
facet normal 1.0 -0.0 0.0
  outer loop
    vertex 112.0 29.627937070143822 10.071792492905365
    vertex 112.0 19.171572875253812 0.9999999999999999
    vertex 112.0 29.880852587690363 10.007123424518475
  endloop
endfacet
facet normal 1.0 -0.0 0.0
  outer loop
    vertex 112.0 29.880852587690363 10.007123424518475
    vertex 112.0 19.171572875253812 0.9999999999999999
    vertex 112.0 100.8284271247462 0.9999999999999999
  endloop
endfacet
facet normal 1.0 -0.0 0.0
  outer loop
    vertex 112.0 19.171572875253812 21.0
    vertex 112.0 29.21368029739077 10.38218018380071
    vertex 112.0 29.080569956655687 10.60674639811456
  endloop
endfacet
facet normal 1.0 -0.0 0.0
  outer loop
    vertex 112.0 19.171572875253812 21.0
    vertex 112.0 29.080569956655687 10.60674639811456
    vertex 112.0 29.010117253944536 10.8581121955146
  endloop
endfacet
facet normal 1.0 -0.0 0.0
  outer loop
    vertex 112.0 19.171572875253812 21.0
    vertex 112.0 29.010117253944536 10.8581121955146
    vertex 112.0 29.008489933732793 11.000000000000002
  endloop
endfacet
facet normal 1.0 -0.0 0.0
  outer loop
    vertex 112.0 19.171572875253812 21.0
    vertex 112.0 29.008489933732793 11.000000000000002
    vertex 112.0 29.00712342451848 11.119147412309635
  endloop
endfacet
facet normal 1.0 -0.0 0.0
  outer loop
    vertex 112.0 29.880852587690363 10.007123424518475
    vertex 112.0 100.8284271247462 0.9999999999999999
    vertex 112.0 30.141887804485407 10.010117253944534
  endloop
endfacet
facet normal 1.0 -0.0 0.0
  outer loop
    vertex 112.0 30.141887804485407 10.010117253944534
    vertex 112.0 100.8284271247462 0.9999999999999999
    vertex 112.0 30.39325360188544 10.080569956655685
  endloop
endfacet
facet normal 1.0 -0.0 0.0
  outer loop
    vertex 112.0 30.39325360188544 10.080569956655685
    vertex 112.0 100.8284271247462 0.9999999999999999
    vertex 112.0 30.617819816199294 10.213680297390765
  endloop
endfacet
facet normal 1.0 -0.0 0.0
  outer loop
    vertex 112.0 30.617819816199294 10.213680297390765
    vertex 112.0 100.8284271247462 0.9999999999999999
    vertex 112.0 30.800282631034683 10.400377026403916
  endloop
endfacet
facet normal 1.0 -0.0 0.0
  outer loop
    vertex 112.0 30.800282631034683 10.400377026403916
    vertex 112.0 100.8284271247462 0.9999999999999999
    vertex 112.0 30.928207507094637 10.627937070143822
  endloop
endfacet
facet normal 1.0 -0.0 0.0
  outer loop
    vertex 112.0 30.928207507094637 10.627937070143822
    vertex 112.0 100.8284271247462 0.9999999999999999
    vertex 112.0 30.992876575481525 10.880852587690367
  endloop
endfacet
facet normal 1.0 -0.0 0.0
  outer loop
    vertex 112.0 30.992876575481525 10.880852587690367
    vertex 112.0 100.8284271247462 0.9999999999999999
    vertex 112.0 39.83959406058628 10.012948869307776
  endloop
endfacet
facet normal 1.0 -0.0 0.0
  outer loop
    vertex 112.0 30.992876575481525 10.880852587690367
    vertex 112.0 39.83959406058628 10.012948869307776
    vertex 112.0 39.589592129317 10.088097933064388
  endloop
endfacet
facet normal 1.0 -0.0 0.0
  outer loop
    vertex 112.0 30.992876575481525 10.880852587690367
    vertex 112.0 39.589592129317 10.088097933064388
    vertex 112.0 39.3675588162037 10.225391615693244
  endloop
endfacet
facet normal 1.0 -0.0 0.0
  outer loop
    vertex 112.0 30.992876575481525 10.880852587690367
    vertex 112.0 39.3675588162037 10.225391615693244
    vertex 112.0 39.188625324607635 10.415473579611728
  endloop
endfacet
facet normal 1.0 -0.0 0.0
  outer loop
    vertex 112.0 30.992876575481525 10.880852587690367
    vertex 112.0 39.188625324607635 10.415473579611728
    vertex 112.0 39.06498567627952 10.645390053104087
  endloop
endfacet
facet normal 1.0 -0.0 0.0
  outer loop
    vertex 112.0 30.992876575481525 10.880852587690367
    vertex 112.0 39.06498567627952 10.645390053104087
    vertex 112.0 39.005065708928726 10.899472608456758
  endloop
endfacet
facet normal 1.0 -0.0 0.0
  outer loop
    vertex 112.0 39.83959406058628 10.012948869307776
    vertex 112.0 100.8284271247462 0.9999999999999999
    vertex 112.0 40.100527391543245 10.005065708928718
  endloop
endfacet
facet normal 1.0 -0.0 0.0
  outer loop
    vertex 112.0 40.100527391543245 10.005065708928718
    vertex 112.0 100.8284271247462 0.9999999999999999
    vertex 112.0 40.35460994689592 10.064985676279514
  endloop
endfacet
facet normal 1.0 -0.0 0.0
  outer loop
    vertex 112.0 40.35460994689592 10.064985676279514
    vertex 112.0 100.8284271247462 0.9999999999999999
    vertex 112.0 40.58452642038828 10.18862532460763
  endloop
endfacet
facet normal 1.0 -0.0 0.0
  outer loop
    vertex 112.0 40.58452642038828 10.18862532460763
    vertex 112.0 100.8284271247462 0.9999999999999999
    vertex 112.0 40.77460838430676 10.36755881620369
  endloop
endfacet
facet normal 1.0 -0.0 0.0
  outer loop
    vertex 112.0 40.77460838430676 10.36755881620369
    vertex 112.0 100.8284271247462 0.9999999999999999
    vertex 112.0 40.91190206693562 10.589592129316992
  endloop
endfacet
facet normal 1.0 -0.0 0.0
  outer loop
    vertex 112.0 40.91190206693562 10.589592129316992
    vertex 112.0 100.8284271247462 0.9999999999999999
    vertex 112.0 40.98705113069223 10.83959406058627
  endloop
endfacet
facet normal 1.0 -0.0 0.0
  outer loop
    vertex 112.0 40.98705113069223 10.83959406058627
    vertex 112.0 100.8284271247462 0.9999999999999999
    vertex 112.0 40.991897218164134 11.000000000000002
  endloop
endfacet
facet normal 1.0 -0.0 0.0
  outer loop
    vertex 112.0 40.991897218164134 11.000000000000002
    vertex 112.0 100.8284271247462 0.9999999999999999
    vertex 112.0 40.99493429107129 11.100527391543244
  endloop
endfacet
facet normal 1.0 -0.0 0.0
  outer loop
    vertex 112.0 40.99493429107129 11.100527391543244
    vertex 112.0 100.8284271247462 0.9999999999999999
    vertex 112.0 49.74118095489748 10.034074173710934
  endloop
endfacet
facet normal 1.0 -0.0 0.0
  outer loop
    vertex 112.0 40.99493429107129 11.100527391543244
    vertex 112.0 49.74118095489748 10.034074173710934
    vertex 112.0 49.50000000000001 10.133974596215563
  endloop
endfacet
facet normal 1.0 -0.0 0.0
  outer loop
    vertex 112.0 40.99493429107129 11.100527391543244
    vertex 112.0 49.50000000000001 10.133974596215563
    vertex 112.0 49.29289321881346 10.292893218813454
  endloop
endfacet
facet normal 1.0 -0.0 0.0
  outer loop
    vertex 112.0 40.99493429107129 11.100527391543244
    vertex 112.0 49.29289321881346 10.292893218813454
    vertex 112.0 49.133974596215566 10.500000000000002
  endloop
endfacet
facet normal 1.0 -0.0 0.0
  outer loop
    vertex 112.0 40.99493429107129 11.100527391543244
    vertex 112.0 49.133974596215566 10.500000000000002
    vertex 112.0 49.03407417371094 10.741180954897482
  endloop
endfacet
facet normal 1.0 -0.0 0.0
  outer loop
    vertex 112.0 40.99493429107129 11.100527391543244
    vertex 112.0 49.03407417371094 10.741180954897482
    vertex 112.0 49.00000000000001 11.000000000000002
  endloop
endfacet
facet normal 1.0 -0.0 0.0
  outer loop
    vertex 112.0 49.74118095489748 10.034074173710934
    vertex 112.0 100.8284271247462 0.9999999999999999
    vertex 112.0 50.00000000000001 10.000000000000004
  endloop
endfacet
facet normal 1.0 -0.0 0.0
  outer loop
    vertex 112.0 50.00000000000001 10.000000000000004
    vertex 112.0 100.8284271247462 0.9999999999999999
    vertex 112.0 50.25881904510253 10.034074173710934
  endloop
endfacet
facet normal 1.0 -0.0 0.0
  outer loop
    vertex 112.0 50.25881904510253 10.034074173710934
    vertex 112.0 100.8284271247462 0.9999999999999999
    vertex 112.0 50.5 10.133974596215563
  endloop
endfacet
facet normal 1.0 -0.0 0.0
  outer loop
    vertex 112.0 50.5 10.133974596215563
    vertex 112.0 100.8284271247462 0.9999999999999999
    vertex 112.0 50.707106781186546 10.292893218813454
  endloop
endfacet
facet normal 1.0 -0.0 0.0
  outer loop
    vertex 112.0 50.707106781186546 10.292893218813454
    vertex 112.0 100.8284271247462 0.9999999999999999
    vertex 112.0 50.86602540378444 10.500000000000002
  endloop
endfacet
facet normal 1.0 -0.0 0.0
  outer loop
    vertex 112.0 50.86602540378444 10.500000000000002
    vertex 112.0 100.8284271247462 0.9999999999999999
    vertex 112.0 50.96592582628907 10.741180954897482
  endloop
endfacet
facet normal 1.0 -0.0 0.0
  outer loop
    vertex 112.0 50.96592582628907 10.741180954897482
    vertex 112.0 100.8284271247462 0.9999999999999999
    vertex 112.0 51.0 11.000000000000002
  endloop
endfacet
facet normal 1.0 -0.0 0.0
  outer loop
    vertex 112.0 51.0 11.000000000000002
    vertex 112.0 100.8284271247462 0.9999999999999999
    vertex 112.0 59.74118095489748 10.034074173710934
  endloop
endfacet
facet normal 1.0 -0.0 0.0
  outer loop
    vertex 112.0 51.0 11.000000000000002
    vertex 112.0 59.74118095489748 10.034074173710934
    vertex 112.0 59.50000000000001 10.133974596215563
  endloop
endfacet
facet normal 1.0 -0.0 0.0
  outer loop
    vertex 112.0 51.0 11.000000000000002
    vertex 112.0 59.50000000000001 10.133974596215563
    vertex 112.0 59.292893218813454 10.292893218813454
  endloop
endfacet
facet normal 1.0 -0.0 0.0
  outer loop
    vertex 112.0 51.0 11.000000000000002
    vertex 112.0 59.292893218813454 10.292893218813454
    vertex 112.0 59.133974596215566 10.500000000000002
  endloop
endfacet
facet normal 1.0 -0.0 0.0
  outer loop
    vertex 112.0 51.0 11.000000000000002
    vertex 112.0 59.133974596215566 10.500000000000002
    vertex 112.0 59.034074173710934 10.741180954897482
  endloop
endfacet
facet normal 1.0 -0.0 0.0
  outer loop
    vertex 112.0 51.0 11.000000000000002
    vertex 112.0 59.034074173710934 10.741180954897482
    vertex 112.0 59.00000000000001 11.000000000000002
  endloop
endfacet
facet normal 1.0 -0.0 0.0
  outer loop
    vertex 112.0 59.74118095489748 10.034074173710934
    vertex 112.0 100.8284271247462 0.9999999999999999
    vertex 112.0 60.0 10.000000000000004
  endloop
endfacet
facet normal 1.0 -0.0 0.0
  outer loop
    vertex 112.0 60.0 10.000000000000004
    vertex 112.0 100.8284271247462 0.9999999999999999
    vertex 112.0 60.25881904510253 10.034074173710934
  endloop
endfacet
facet normal 1.0 -0.0 0.0
  outer loop
    vertex 112.0 60.25881904510253 10.034074173710934
    vertex 112.0 100.8284271247462 0.9999999999999999
    vertex 112.0 60.5 10.133974596215563
  endloop
endfacet
facet normal 1.0 -0.0 0.0
  outer loop
    vertex 112.0 60.5 10.133974596215563
    vertex 112.0 100.8284271247462 0.9999999999999999
    vertex 112.0 60.70710678118655 10.292893218813454
  endloop
endfacet
facet normal 1.0 -0.0 0.0
  outer loop
    vertex 112.0 60.70710678118655 10.292893218813454
    vertex 112.0 100.8284271247462 0.9999999999999999
    vertex 112.0 60.866025403784434 10.500000000000002
  endloop
endfacet
facet normal 1.0 -0.0 0.0
  outer loop
    vertex 112.0 60.866025403784434 10.500000000000002
    vertex 112.0 100.8284271247462 0.9999999999999999
    vertex 112.0 60.965925826289066 10.741180954897482
  endloop
endfacet
facet normal 1.0 -0.0 0.0
  outer loop
    vertex 112.0 60.965925826289066 10.741180954897482
    vertex 112.0 100.8284271247462 0.9999999999999999
    vertex 112.0 61.0 11.000000000000002
  endloop
endfacet
facet normal 1.0 -0.0 0.0
  outer loop
    vertex 112.0 61.0 11.000000000000002
    vertex 112.0 100.8284271247462 0.9999999999999999
    vertex 112.0 69.74118095489749 10.034074173710934
  endloop
endfacet
facet normal 1.0 -0.0 0.0
  outer loop
    vertex 112.0 61.0 11.000000000000002
    vertex 112.0 69.74118095489749 10.034074173710934
    vertex 112.0 69.50000000000001 10.133974596215563
  endloop
endfacet
facet normal 1.0 -0.0 0.0
  outer loop
    vertex 112.0 61.0 11.000000000000002
    vertex 112.0 69.50000000000001 10.133974596215563
    vertex 112.0 69.29289321881346 10.292893218813454
  endloop
endfacet
facet normal 1.0 -0.0 0.0
  outer loop
    vertex 112.0 61.0 11.000000000000002
    vertex 112.0 69.29289321881346 10.292893218813454
    vertex 112.0 69.13397459621558 10.500000000000002
  endloop
endfacet
facet normal 1.0 -0.0 0.0
  outer loop
    vertex 112.0 61.0 11.000000000000002
    vertex 112.0 69.13397459621558 10.500000000000002
    vertex 112.0 69.03407417371093 10.741180954897482
  endloop
endfacet
facet normal 1.0 -0.0 0.0
  outer loop
    vertex 112.0 61.0 11.000000000000002
    vertex 112.0 69.03407417371093 10.741180954897482
    vertex 112.0 69.00000000000001 11.000000000000002
  endloop
endfacet
facet normal 1.0 -0.0 0.0
  outer loop
    vertex 112.0 69.74118095489749 10.034074173710934
    vertex 112.0 100.8284271247462 0.9999999999999999
    vertex 112.0 70.0 10.000000000000004
  endloop
endfacet
facet normal 1.0 -0.0 0.0
  outer loop
    vertex 112.0 70.0 10.000000000000004
    vertex 112.0 100.8284271247462 0.9999999999999999
    vertex 112.0 70.25881904510253 10.034074173710934
  endloop
endfacet
facet normal 1.0 -0.0 0.0
  outer loop
    vertex 112.0 70.25881904510253 10.034074173710934
    vertex 112.0 100.8284271247462 0.9999999999999999
    vertex 112.0 70.5 10.133974596215563
  endloop
endfacet
facet normal 1.0 -0.0 0.0
  outer loop
    vertex 112.0 70.5 10.133974596215563
    vertex 112.0 100.8284271247462 0.9999999999999999
    vertex 112.0 70.70710678118655 10.292893218813454
  endloop
endfacet
facet normal 1.0 -0.0 0.0
  outer loop
    vertex 112.0 70.70710678118655 10.292893218813454
    vertex 112.0 100.8284271247462 0.9999999999999999
    vertex 112.0 70.86602540378443 10.500000000000002
  endloop
endfacet
facet normal 1.0 -0.0 0.0
  outer loop
    vertex 112.0 70.86602540378443 10.500000000000002
    vertex 112.0 100.8284271247462 0.9999999999999999
    vertex 112.0 70.96592582628907 10.741180954897482
  endloop
endfacet
facet normal 1.0 -0.0 0.0
  outer loop
    vertex 112.0 70.96592582628907 10.741180954897482
    vertex 112.0 100.8284271247462 0.9999999999999999
    vertex 112.0 71.0 11.000000000000002
  endloop
endfacet
facet normal 1.0 -0.0 0.0
  outer loop
    vertex 112.0 71.0 11.000000000000002
    vertex 112.0 100.8284271247462 0.9999999999999999
    vertex 112.0 79.5 10.133974596215563
  endloop
endfacet
facet normal 1.0 -0.0 0.0
  outer loop
    vertex 112.0 71.0 11.000000000000002
    vertex 112.0 79.5 10.133974596215563
    vertex 112.0 79.29289321881345 10.292893218813454
  endloop
endfacet
facet normal 1.0 -0.0 0.0
  outer loop
    vertex 112.0 71.0 11.000000000000002
    vertex 112.0 79.29289321881345 10.292893218813454
    vertex 112.0 79.13397459621557 10.500000000000002
  endloop
endfacet
facet normal 1.0 -0.0 0.0
  outer loop
    vertex 112.0 71.0 11.000000000000002
    vertex 112.0 79.13397459621557 10.500000000000002
    vertex 112.0 79.03407417371093 10.741180954897482
  endloop
endfacet
facet normal 1.0 -0.0 0.0
  outer loop
    vertex 112.0 71.0 11.000000000000002
    vertex 112.0 79.03407417371093 10.741180954897482
    vertex 112.0 79.0 11.000000000000002
  endloop
endfacet
facet normal 1.0 -0.0 0.0
  outer loop
    vertex 112.0 79.5 10.133974596215563
    vertex 112.0 100.8284271247462 0.9999999999999999
    vertex 112.0 79.74118095489747 10.034074173710934
  endloop
endfacet
facet normal 1.0 -0.0 0.0
  outer loop
    vertex 112.0 79.74118095489747 10.034074173710934
    vertex 112.0 100.8284271247462 0.9999999999999999
    vertex 112.0 80.0 10.000000000000004
  endloop
endfacet
facet normal 1.0 -0.0 0.0
  outer loop
    vertex 112.0 80.0 10.000000000000004
    vertex 112.0 100.8284271247462 0.9999999999999999
    vertex 112.0 80.25881904510253 10.034074173710934
  endloop
endfacet
facet normal 1.0 -0.0 0.0
  outer loop
    vertex 112.0 80.25881904510253 10.034074173710934
    vertex 112.0 100.8284271247462 0.9999999999999999
    vertex 112.0 80.5 10.133974596215563
  endloop
endfacet
facet normal 1.0 -0.0 0.0
  outer loop
    vertex 112.0 80.5 10.133974596215563
    vertex 112.0 100.8284271247462 0.9999999999999999
    vertex 112.0 80.70710678118655 10.292893218813454
  endloop
endfacet
facet normal 1.0 -0.0 0.0
  outer loop
    vertex 112.0 80.70710678118655 10.292893218813454
    vertex 112.0 100.8284271247462 0.9999999999999999
    vertex 112.0 80.86602540378443 10.500000000000002
  endloop
endfacet
facet normal 1.0 -0.0 0.0
  outer loop
    vertex 112.0 80.86602540378443 10.500000000000002
    vertex 112.0 100.8284271247462 0.9999999999999999
    vertex 112.0 80.96592582628907 10.741180954897482
  endloop
endfacet
facet normal 1.0 -0.0 0.0
  outer loop
    vertex 112.0 80.96592582628907 10.741180954897482
    vertex 112.0 100.8284271247462 0.9999999999999999
    vertex 112.0 81.0 11.000000000000002
  endloop
endfacet
facet normal 1.0 -0.0 0.0
  outer loop
    vertex 112.0 81.0 11.000000000000002
    vertex 112.0 100.8284271247462 0.9999999999999999
    vertex 112.0 89.40300754154048 10.197753152363646
  endloop
endfacet
facet normal 1.0 -0.0 0.0
  outer loop
    vertex 112.0 81.0 11.000000000000002
    vertex 112.0 89.40300754154048 10.197753152363646
    vertex 112.0 89.2157128032324 10.379602068840953
  endloop
endfacet
facet normal 1.0 -0.0 0.0
  outer loop
    vertex 112.0 81.0 11.000000000000002
    vertex 112.0 89.2157128032324 10.379602068840953
    vertex 112.0 89.08186594128816 10.60373007907069
  endloop
endfacet
facet normal 1.0 -0.0 0.0
  outer loop
    vertex 112.0 81.0 11.000000000000002
    vertex 112.0 89.08186594128816 10.60373007907069
    vertex 112.0 89.01058839815686 10.854863229544753
  endloop
endfacet
facet normal 1.0 -0.0 0.0
  outer loop
    vertex 112.0 81.0 11.000000000000002
    vertex 112.0 89.01058839815686 10.854863229544753
    vertex 112.0 89.00673762061118 11.115887211075487
  endloop
endfacet
facet normal 1.0 -0.0 0.0
  outer loop
    vertex 112.0 89.00673762061118 11.115887211075487
    vertex 112.0 89.01058839815686 10.854863229544753
    vertex 112.0 89.00844725613058 11.000000000000002
  endloop
endfacet
facet normal 1.0 -0.0 0.0
  outer loop
    vertex 112.0 89.40300754154048 10.197753152363646
    vertex 112.0 100.8284271247462 0.9999999999999999
    vertex 112.0 89.63098632931589 10.070576032777158
  endloop
endfacet
facet normal 1.0 -0.0 0.0
  outer loop
    vertex 112.0 89.63098632931589 10.070576032777158
    vertex 112.0 100.8284271247462 0.9999999999999999
    vertex 112.0 89.88411278892451 10.00673762061118
  endloop
endfacet
facet normal 1.0 -0.0 0.0
  outer loop
    vertex 112.0 89.88411278892451 10.00673762061118
    vertex 112.0 100.8284271247462 0.9999999999999999
    vertex 112.0 90.14513677045524 10.010588398156855
  endloop
endfacet
facet normal 1.0 -0.0 0.0
  outer loop
    vertex 112.0 90.14513677045524 10.010588398156855
    vertex 112.0 100.8284271247462 0.9999999999999999
    vertex 112.0 90.3962699209293 10.08186594128816
  endloop
endfacet
facet normal 1.0 -0.0 0.0
  outer loop
    vertex 112.0 90.3962699209293 10.08186594128816
    vertex 112.0 100.8284271247462 0.9999999999999999
    vertex 112.0 90.62039793115903 10.215712803232405
  endloop
endfacet
facet normal 1.0 -0.0 0.0
  outer loop
    vertex 112.0 90.62039793115903 10.215712803232405
    vertex 112.0 100.8284271247462 0.9999999999999999
    vertex 112.0 90.80224684763635 10.40300754154049
  endloop
endfacet
facet normal 1.0 -0.0 0.0
  outer loop
    vertex 112.0 90.80224684763635 10.40300754154049
    vertex 112.0 100.8284271247462 0.9999999999999999
    vertex 112.0 90.92942396722283 10.630986329315904
  endloop
endfacet
facet normal 1.0 -0.0 0.0
  outer loop
    vertex 112.0 90.92942396722283 10.630986329315904
    vertex 112.0 100.8284271247462 0.9999999999999999
    vertex 112.0 90.99326237938881 10.884112788924515
  endloop
endfacet
facet normal 1.0 -0.0 0.0
  outer loop
    vertex 112.0 19.171572875253812 21.0
    vertex 112.0 29.858112195514597 11.98988274605547
    vertex 112.0 100.8284271247462 21.0
  endloop
endfacet
facet normal 1.0 -0.0 0.0
  outer loop
    vertex 112.0 29.858112195514597 11.98988274605547
    vertex 112.0 19.171572875253812 21.0
    vertex 112.0 29.60674639811456 11.919430043344317
  endloop
endfacet
facet normal 1.0 -0.0 0.0
  outer loop
    vertex 112.0 29.60674639811456 11.919430043344317
    vertex 112.0 19.171572875253812 21.0
    vertex 112.0 29.38218018380071 11.786319702609237
  endloop
endfacet
facet normal 1.0 -0.0 0.0
  outer loop
    vertex 112.0 29.38218018380071 11.786319702609237
    vertex 112.0 19.171572875253812 21.0
    vertex 112.0 29.19971736896532 11.599622973596086
  endloop
endfacet
facet normal 1.0 -0.0 0.0
  outer loop
    vertex 112.0 29.19971736896532 11.599622973596086
    vertex 112.0 19.171572875253812 21.0
    vertex 112.0 29.071792492905367 11.372062929856178
  endloop
endfacet
facet normal 1.0 -0.0 0.0
  outer loop
    vertex 112.0 29.071792492905367 11.372062929856178
    vertex 112.0 19.171572875253812 21.0
    vertex 112.0 29.00712342451848 11.119147412309635
  endloop
endfacet
facet normal 1.0 -0.0 0.0
  outer loop
    vertex 112.0 100.8284271247462 21.0
    vertex 112.0 29.858112195514597 11.98988274605547
    vertex 112.0 30.0 11.991510066267212
  endloop
endfacet
facet normal 1.0 -0.0 0.0
  outer loop
    vertex 112.0 100.8284271247462 21.0
    vertex 112.0 30.0 11.991510066267212
    vertex 112.0 30.11914741230964 11.992876575481526
  endloop
endfacet
facet normal 1.0 -0.0 0.0
  outer loop
    vertex 112.0 100.8284271247462 21.0
    vertex 112.0 30.11914741230964 11.992876575481526
    vertex 112.0 30.37206292985618 11.928207507094637
  endloop
endfacet
facet normal 1.0 -0.0 0.0
  outer loop
    vertex 112.0 100.8284271247462 21.0
    vertex 112.0 30.37206292985618 11.928207507094637
    vertex 112.0 30.599622973596087 11.800282631034682
  endloop
endfacet
facet normal 1.0 -0.0 0.0
  outer loop
    vertex 112.0 100.8284271247462 21.0
    vertex 112.0 30.599622973596087 11.800282631034682
    vertex 112.0 30.78631970260924 11.617819816199292
  endloop
endfacet
facet normal 1.0 -0.0 0.0
  outer loop
    vertex 112.0 100.8284271247462 21.0
    vertex 112.0 30.78631970260924 11.617819816199292
    vertex 112.0 30.91943004334432 11.39325360188544
  endloop
endfacet
facet normal 1.0 -0.0 0.0
  outer loop
    vertex 112.0 100.8284271247462 21.0
    vertex 112.0 30.91943004334432 11.39325360188544
    vertex 112.0 30.989882746055468 11.141887804485402
  endloop
endfacet
facet normal 1.0 -0.0 0.0
  outer loop
    vertex 112.0 100.8284271247462 21.0
    vertex 112.0 30.989882746055468 11.141887804485402
    vertex 112.0 30.99151006626721 11.000000000000002
  endloop
endfacet
facet normal 1.0 -0.0 0.0
  outer loop
    vertex 112.0 100.8284271247462 21.0
    vertex 112.0 30.99151006626721 11.000000000000002
    vertex 112.0 30.992876575481525 10.880852587690367
  endloop
endfacet
facet normal 1.0 -0.0 0.0
  outer loop
    vertex 112.0 100.8284271247462 21.0
    vertex 112.0 30.992876575481525 10.880852587690367
    vertex 112.0 39.89947260845676 11.994934291071283
  endloop
endfacet
facet normal 1.0 -0.0 0.0
  outer loop
    vertex 112.0 39.89947260845676 11.994934291071283
    vertex 112.0 30.992876575481525 10.880852587690367
    vertex 112.0 39.64539005310409 11.93501432372049
  endloop
endfacet
facet normal 1.0 -0.0 0.0
  outer loop
    vertex 112.0 39.64539005310409 11.93501432372049
    vertex 112.0 30.992876575481525 10.880852587690367
    vertex 112.0 39.415473579611735 11.811374675392372
  endloop
endfacet
facet normal 1.0 -0.0 0.0
  outer loop
    vertex 112.0 39.415473579611735 11.811374675392372
    vertex 112.0 30.992876575481525 10.880852587690367
    vertex 112.0 39.22539161569325 11.632441183796313
  endloop
endfacet
facet normal 1.0 -0.0 0.0
  outer loop
    vertex 112.0 39.22539161569325 11.632441183796313
    vertex 112.0 30.992876575481525 10.880852587690367
    vertex 112.0 39.08809793306439 11.410407870683008
  endloop
endfacet
facet normal 1.0 -0.0 0.0
  outer loop
    vertex 112.0 39.08809793306439 11.410407870683008
    vertex 112.0 30.992876575481525 10.880852587690367
    vertex 112.0 39.01294886930778 11.160405939413732
  endloop
endfacet
facet normal 1.0 -0.0 0.0
  outer loop
    vertex 112.0 39.01294886930778 11.160405939413732
    vertex 112.0 30.992876575481525 10.880852587690367
    vertex 112.0 39.00810278183588 11.000000000000002
  endloop
endfacet
facet normal 1.0 -0.0 0.0
  outer loop
    vertex 112.0 39.00810278183588 11.000000000000002
    vertex 112.0 30.992876575481525 10.880852587690367
    vertex 112.0 39.005065708928726 10.899472608456758
  endloop
endfacet
facet normal 1.0 -0.0 0.0
  outer loop
    vertex 112.0 100.8284271247462 21.0
    vertex 112.0 39.89947260845676 11.994934291071283
    vertex 112.0 40.00000000000001 11.991897218164127
  endloop
endfacet
facet normal 1.0 -0.0 0.0
  outer loop
    vertex 112.0 100.8284271247462 21.0
    vertex 112.0 40.00000000000001 11.991897218164127
    vertex 112.0 40.16040593941374 11.987051130692228
  endloop
endfacet
facet normal 1.0 -0.0 0.0
  outer loop
    vertex 112.0 100.8284271247462 21.0
    vertex 112.0 40.16040593941374 11.987051130692228
    vertex 112.0 40.41040787068301 11.911902066935614
  endloop
endfacet
facet normal 1.0 -0.0 0.0
  outer loop
    vertex 112.0 100.8284271247462 21.0
    vertex 112.0 40.41040787068301 11.911902066935614
    vertex 112.0 40.63244118379632 11.774608384306758
  endloop
endfacet
facet normal 1.0 -0.0 0.0
  outer loop
    vertex 112.0 100.8284271247462 21.0
    vertex 112.0 40.63244118379632 11.774608384306758
    vertex 112.0 40.81137467539238 11.584526420388276
  endloop
endfacet
facet normal 1.0 -0.0 0.0
  outer loop
    vertex 112.0 100.8284271247462 21.0
    vertex 112.0 40.81137467539238 11.584526420388276
    vertex 112.0 40.93501432372049 11.354609946895916
  endloop
endfacet
facet normal 1.0 -0.0 0.0
  outer loop
    vertex 112.0 100.8284271247462 21.0
    vertex 112.0 40.93501432372049 11.354609946895916
    vertex 112.0 40.99493429107129 11.100527391543244
  endloop
endfacet
facet normal 1.0 -0.0 0.0
  outer loop
    vertex 112.0 100.8284271247462 21.0
    vertex 112.0 40.99493429107129 11.100527391543244
    vertex 112.0 49.74118095489749 11.965925826289068
  endloop
endfacet
facet normal 1.0 -0.0 0.0
  outer loop
    vertex 112.0 49.74118095489749 11.965925826289068
    vertex 112.0 40.99493429107129 11.100527391543244
    vertex 112.0 49.50000000000001 11.86602540378444
  endloop
endfacet
facet normal 1.0 -0.0 0.0
  outer loop
    vertex 112.0 49.50000000000001 11.86602540378444
    vertex 112.0 40.99493429107129 11.100527391543244
    vertex 112.0 49.29289321881346 11.707106781186548
  endloop
endfacet
facet normal 1.0 -0.0 0.0
  outer loop
    vertex 112.0 49.29289321881346 11.707106781186548
    vertex 112.0 40.99493429107129 11.100527391543244
    vertex 112.0 49.133974596215566 11.5
  endloop
endfacet
facet normal 1.0 -0.0 0.0
  outer loop
    vertex 112.0 49.133974596215566 11.5
    vertex 112.0 40.99493429107129 11.100527391543244
    vertex 112.0 49.03407417371094 11.258819045102522
  endloop
endfacet
facet normal 1.0 -0.0 0.0
  outer loop
    vertex 112.0 49.03407417371094 11.258819045102522
    vertex 112.0 40.99493429107129 11.100527391543244
    vertex 112.0 49.00000000000001 11.000000000000002
  endloop
endfacet
facet normal 1.0 -0.0 0.0
  outer loop
    vertex 112.0 100.8284271247462 21.0
    vertex 112.0 49.74118095489749 11.965925826289068
    vertex 112.0 50.00000000000001 12.0
  endloop
endfacet
facet normal 1.0 -0.0 0.0
  outer loop
    vertex 112.0 100.8284271247462 21.0
    vertex 112.0 50.00000000000001 12.0
    vertex 112.0 50.25881904510253 11.965925826289068
  endloop
endfacet
facet normal 1.0 -0.0 0.0
  outer loop
    vertex 112.0 100.8284271247462 21.0
    vertex 112.0 50.25881904510253 11.965925826289068
    vertex 112.0 50.5 11.866025403784437
  endloop
endfacet
facet normal 1.0 -0.0 0.0
  outer loop
    vertex 112.0 100.8284271247462 21.0
    vertex 112.0 50.5 11.866025403784437
    vertex 112.0 50.70710678118655 11.707106781186548
  endloop
endfacet
facet normal 1.0 -0.0 0.0
  outer loop
    vertex 112.0 100.8284271247462 21.0
    vertex 112.0 50.70710678118655 11.707106781186548
    vertex 112.0 50.86602540378444 11.5
  endloop
endfacet
facet normal 1.0 -0.0 0.0
  outer loop
    vertex 112.0 100.8284271247462 21.0
    vertex 112.0 50.86602540378444 11.5
    vertex 112.0 50.96592582628907 11.258819045102522
  endloop
endfacet
facet normal 1.0 -0.0 0.0
  outer loop
    vertex 112.0 100.8284271247462 21.0
    vertex 112.0 50.96592582628907 11.258819045102522
    vertex 112.0 51.0 11.000000000000002
  endloop
endfacet
facet normal 1.0 -0.0 0.0
  outer loop
    vertex 112.0 100.8284271247462 21.0
    vertex 112.0 51.0 11.000000000000002
    vertex 112.0 59.74118095489748 11.965925826289068
  endloop
endfacet
facet normal 1.0 -0.0 0.0
  outer loop
    vertex 112.0 59.74118095489748 11.965925826289068
    vertex 112.0 51.0 11.000000000000002
    vertex 112.0 59.50000000000001 11.86602540378444
  endloop
endfacet
facet normal 1.0 -0.0 0.0
  outer loop
    vertex 112.0 59.50000000000001 11.86602540378444
    vertex 112.0 51.0 11.000000000000002
    vertex 112.0 59.292893218813454 11.707106781186548
  endloop
endfacet
facet normal 1.0 -0.0 0.0
  outer loop
    vertex 112.0 59.292893218813454 11.707106781186548
    vertex 112.0 51.0 11.000000000000002
    vertex 112.0 59.133974596215566 11.5
  endloop
endfacet
facet normal 1.0 -0.0 0.0
  outer loop
    vertex 112.0 59.133974596215566 11.5
    vertex 112.0 51.0 11.000000000000002
    vertex 112.0 59.03407417371094 11.258819045102522
  endloop
endfacet
facet normal 1.0 -0.0 0.0
  outer loop
    vertex 112.0 59.03407417371094 11.258819045102522
    vertex 112.0 51.0 11.000000000000002
    vertex 112.0 59.00000000000001 11.000000000000002
  endloop
endfacet
facet normal 1.0 -0.0 0.0
  outer loop
    vertex 112.0 100.8284271247462 21.0
    vertex 112.0 59.74118095489748 11.965925826289068
    vertex 112.0 60.0 12.0
  endloop
endfacet
facet normal 1.0 -0.0 0.0
  outer loop
    vertex 112.0 100.8284271247462 21.0
    vertex 112.0 60.0 12.0
    vertex 112.0 60.25881904510253 11.965925826289068
  endloop
endfacet
facet normal 1.0 -0.0 0.0
  outer loop
    vertex 112.0 100.8284271247462 21.0
    vertex 112.0 60.25881904510253 11.965925826289068
    vertex 112.0 60.5 11.866025403784437
  endloop
endfacet
facet normal 1.0 -0.0 0.0
  outer loop
    vertex 112.0 100.8284271247462 21.0
    vertex 112.0 60.5 11.866025403784437
    vertex 112.0 60.70710678118655 11.707106781186548
  endloop
endfacet
facet normal 1.0 -0.0 0.0
  outer loop
    vertex 112.0 100.8284271247462 21.0
    vertex 112.0 60.70710678118655 11.707106781186548
    vertex 112.0 60.866025403784434 11.5
  endloop
endfacet
facet normal 1.0 -0.0 0.0
  outer loop
    vertex 112.0 100.8284271247462 21.0
    vertex 112.0 60.866025403784434 11.5
    vertex 112.0 60.96592582628907 11.258819045102522
  endloop
endfacet
facet normal 1.0 -0.0 0.0
  outer loop
    vertex 112.0 100.8284271247462 21.0
    vertex 112.0 60.96592582628907 11.258819045102522
    vertex 112.0 61.0 11.000000000000002
  endloop
endfacet
facet normal 1.0 -0.0 0.0
  outer loop
    vertex 112.0 100.8284271247462 21.0
    vertex 112.0 61.0 11.000000000000002
    vertex 112.0 69.74118095489749 11.965925826289068
  endloop
endfacet
facet normal 1.0 -0.0 0.0
  outer loop
    vertex 112.0 69.74118095489749 11.965925826289068
    vertex 112.0 61.0 11.000000000000002
    vertex 112.0 69.50000000000001 11.86602540378444
  endloop
endfacet
facet normal 1.0 -0.0 0.0
  outer loop
    vertex 112.0 69.50000000000001 11.86602540378444
    vertex 112.0 61.0 11.000000000000002
    vertex 112.0 69.29289321881346 11.707106781186548
  endloop
endfacet
facet normal 1.0 -0.0 0.0
  outer loop
    vertex 112.0 69.29289321881346 11.707106781186548
    vertex 112.0 61.0 11.000000000000002
    vertex 112.0 69.13397459621558 11.5
  endloop
endfacet
facet normal 1.0 -0.0 0.0
  outer loop
    vertex 112.0 69.13397459621558 11.5
    vertex 112.0 61.0 11.000000000000002
    vertex 112.0 69.03407417371095 11.258819045102522
  endloop
endfacet
facet normal 1.0 -0.0 0.0
  outer loop
    vertex 112.0 69.03407417371095 11.258819045102522
    vertex 112.0 61.0 11.000000000000002
    vertex 112.0 69.00000000000001 11.000000000000002
  endloop
endfacet
facet normal 1.0 -0.0 0.0
  outer loop
    vertex 112.0 100.8284271247462 21.0
    vertex 112.0 69.74118095489749 11.965925826289068
    vertex 112.0 70.0 12.0
  endloop
endfacet
facet normal 1.0 -0.0 0.0
  outer loop
    vertex 112.0 100.8284271247462 21.0
    vertex 112.0 70.0 12.0
    vertex 112.0 70.25881904510253 11.965925826289068
  endloop
endfacet
facet normal 1.0 -0.0 0.0
  outer loop
    vertex 112.0 100.8284271247462 21.0
    vertex 112.0 70.25881904510253 11.965925826289068
    vertex 112.0 70.5 11.866025403784437
  endloop
endfacet
facet normal 1.0 -0.0 0.0
  outer loop
    vertex 112.0 100.8284271247462 21.0
    vertex 112.0 70.5 11.866025403784437
    vertex 112.0 70.70710678118655 11.707106781186548
  endloop
endfacet
facet normal 1.0 -0.0 0.0
  outer loop
    vertex 112.0 100.8284271247462 21.0
    vertex 112.0 70.70710678118655 11.707106781186548
    vertex 112.0 70.86602540378443 11.5
  endloop
endfacet
facet normal 1.0 -0.0 0.0
  outer loop
    vertex 112.0 100.8284271247462 21.0
    vertex 112.0 70.86602540378443 11.5
    vertex 112.0 70.96592582628908 11.258819045102522
  endloop
endfacet
facet normal 1.0 -0.0 0.0
  outer loop
    vertex 112.0 100.8284271247462 21.0
    vertex 112.0 70.96592582628908 11.258819045102522
    vertex 112.0 71.0 11.000000000000002
  endloop
endfacet
facet normal 1.0 -0.0 0.0
  outer loop
    vertex 112.0 100.8284271247462 21.0
    vertex 112.0 71.0 11.000000000000002
    vertex 112.0 79.5 11.86602540378444
  endloop
endfacet
facet normal 1.0 -0.0 0.0
  outer loop
    vertex 112.0 79.5 11.86602540378444
    vertex 112.0 71.0 11.000000000000002
    vertex 112.0 79.29289321881345 11.707106781186548
  endloop
endfacet
facet normal 1.0 -0.0 0.0
  outer loop
    vertex 112.0 79.29289321881345 11.707106781186548
    vertex 112.0 71.0 11.000000000000002
    vertex 112.0 79.13397459621557 11.5
  endloop
endfacet
facet normal 1.0 -0.0 0.0
  outer loop
    vertex 112.0 79.13397459621557 11.5
    vertex 112.0 71.0 11.000000000000002
    vertex 112.0 79.03407417371093 11.258819045102522
  endloop
endfacet
facet normal 1.0 -0.0 0.0
  outer loop
    vertex 112.0 79.03407417371093 11.258819045102522
    vertex 112.0 71.0 11.000000000000002
    vertex 112.0 79.0 11.000000000000002
  endloop
endfacet
facet normal 1.0 -0.0 0.0
  outer loop
    vertex 112.0 100.8284271247462 21.0
    vertex 112.0 79.5 11.86602540378444
    vertex 112.0 79.74118095489747 11.965925826289068
  endloop
endfacet
facet normal 1.0 -0.0 0.0
  outer loop
    vertex 112.0 100.8284271247462 21.0
    vertex 112.0 79.74118095489747 11.965925826289068
    vertex 112.0 80.0 12.0
  endloop
endfacet
facet normal 1.0 -0.0 0.0
  outer loop
    vertex 112.0 100.8284271247462 21.0
    vertex 112.0 80.0 12.0
    vertex 112.0 80.25881904510253 11.965925826289068
  endloop
endfacet
facet normal 1.0 -0.0 0.0
  outer loop
    vertex 112.0 100.8284271247462 21.0
    vertex 112.0 80.25881904510253 11.965925826289068
    vertex 112.0 80.5 11.866025403784437
  endloop
endfacet
facet normal 1.0 -0.0 0.0
  outer loop
    vertex 112.0 100.8284271247462 21.0
    vertex 112.0 80.5 11.866025403784437
    vertex 112.0 80.70710678118655 11.707106781186548
  endloop
endfacet
facet normal 1.0 -0.0 0.0
  outer loop
    vertex 112.0 100.8284271247462 21.0
    vertex 112.0 80.70710678118655 11.707106781186548
    vertex 112.0 80.86602540378443 11.5
  endloop
endfacet
facet normal 1.0 -0.0 0.0
  outer loop
    vertex 112.0 100.8284271247462 21.0
    vertex 112.0 80.86602540378443 11.5
    vertex 112.0 80.96592582628907 11.258819045102522
  endloop
endfacet
facet normal 1.0 -0.0 0.0
  outer loop
    vertex 112.0 100.8284271247462 21.0
    vertex 112.0 80.96592582628907 11.258819045102522
    vertex 112.0 81.0 11.000000000000002
  endloop
endfacet
facet normal 1.0 -0.0 0.0
  outer loop
    vertex 112.0 100.8284271247462 21.0
    vertex 112.0 81.0 11.000000000000002
    vertex 112.0 89.37960206884095 11.784287196767597
  endloop
endfacet
facet normal 1.0 -0.0 0.0
  outer loop
    vertex 112.0 89.37960206884095 11.784287196767597
    vertex 112.0 81.0 11.000000000000002
    vertex 112.0 89.19775315236363 11.596992458459512
  endloop
endfacet
facet normal 1.0 -0.0 0.0
  outer loop
    vertex 112.0 89.19775315236363 11.596992458459512
    vertex 112.0 81.0 11.000000000000002
    vertex 112.0 89.07057603277715 11.369013670684097
  endloop
endfacet
facet normal 1.0 -0.0 0.0
  outer loop
    vertex 112.0 89.07057603277715 11.369013670684097
    vertex 112.0 81.0 11.000000000000002
    vertex 112.0 89.00673762061118 11.115887211075487
  endloop
endfacet
facet normal 1.0 -0.0 0.0
  outer loop
    vertex 112.0 100.8284271247462 21.0
    vertex 112.0 89.37960206884095 11.784287196767597
    vertex 112.0 89.60373007907069 11.918134058711841
  endloop
endfacet
facet normal 1.0 -0.0 0.0
  outer loop
    vertex 112.0 100.8284271247462 21.0
    vertex 112.0 89.60373007907069 11.918134058711841
    vertex 112.0 89.85486322954475 11.989411601843146
  endloop
endfacet
facet normal 1.0 -0.0 0.0
  outer loop
    vertex 112.0 100.8284271247462 21.0
    vertex 112.0 89.85486322954475 11.989411601843146
    vertex 112.0 90.0 11.991552743869422
  endloop
endfacet
facet normal 1.0 -0.0 0.0
  outer loop
    vertex 112.0 100.8284271247462 21.0
    vertex 112.0 90.0 11.991552743869422
    vertex 112.0 90.11588721107547 11.993262379388824
  endloop
endfacet
facet normal 1.0 -0.0 0.0
  outer loop
    vertex 112.0 100.8284271247462 21.0
    vertex 112.0 90.11588721107547 11.993262379388824
    vertex 112.0 90.3690136706841 11.929423967222846
  endloop
endfacet
facet normal 1.0 -0.0 0.0
  outer loop
    vertex 112.0 100.8284271247462 21.0
    vertex 112.0 90.3690136706841 11.929423967222846
    vertex 112.0 90.59699245845951 11.802246847636356
  endloop
endfacet
facet normal 1.0 -0.0 0.0
  outer loop
    vertex 112.0 100.8284271247462 21.0
    vertex 112.0 90.59699245845951 11.802246847636356
    vertex 112.0 90.78428719676758 11.62039793115905
  endloop
endfacet
facet normal 1.0 -0.0 0.0
  outer loop
    vertex 112.0 100.8284271247462 21.0
    vertex 112.0 90.78428719676758 11.62039793115905
    vertex 112.0 90.91813405871183 11.396269920929312
  endloop
endfacet
facet normal 1.0 -0.0 0.0
  outer loop
    vertex 112.0 100.8284271247462 21.0
    vertex 112.0 90.91813405871183 11.396269920929312
    vertex 112.0 90.98941160184313 11.145136770455249
  endloop
endfacet
facet normal 1.0 -0.0 0.0
  outer loop
    vertex 112.0 100.8284271247462 21.0
    vertex 112.0 90.98941160184313 11.145136770455249
    vertex 112.0 90.9915527438694 11.000000000000002
  endloop
endfacet
facet normal 1.0 -0.0 0.0
  outer loop
    vertex 112.0 100.8284271247462 21.0
    vertex 112.0 90.9915527438694 11.000000000000002
    vertex 112.0 90.99326237938881 10.884112788924515
  endloop
endfacet
facet normal 1.0 -0.0 0.0
  outer loop
    vertex 112.0 100.8284271247462 21.0
    vertex 112.0 90.99326237938881 10.884112788924515
    vertex 112.0 100.8284271247462 0.9999999999999999
  endloop
endfacet
facet normal 1.0 -0.0 0.0
  outer loop
    vertex 10.000000000000004 20.000000000000004 0.9999999999999999
    vertex 10.000000000000004 28.56832443292191 10.414061085337078
    vertex 10.000000000000004 20.000000000000004 21.0
  endloop
endfacet
facet normal 1.0 -0.0 0.0
  outer loop
    vertex 10.000000000000004 28.56832443292191 10.414061085337078
    vertex 10.000000000000004 20.000000000000004 0.9999999999999999
    vertex 10.000000000000004 28.747588767957108 10.22429110455441
  endloop
endfacet
facet normal 1.0 -0.0 0.0
  outer loop
    vertex 10.000000000000004 28.747588767957108 10.22429110455441
    vertex 10.000000000000004 20.000000000000004 0.9999999999999999
    vertex 10.000000000000004 28.96986090411543 10.087384403076802
  endloop
endfacet
facet normal 1.0 -0.0 0.0
  outer loop
    vertex 10.000000000000004 28.96986090411543 10.087384403076802
    vertex 10.000000000000004 20.000000000000004 0.9999999999999999
    vertex 10.000000000000004 29.219993362639762 10.012670946360926
  endloop
endfacet
facet normal 1.0 -0.0 0.0
  outer loop
    vertex 10.000000000000004 29.219993362639762 10.012670946360926
    vertex 10.000000000000004 20.000000000000004 0.9999999999999999
    vertex 10.000000000000004 100.0 0.9999999999999999
  endloop
endfacet
facet normal 1.0 -0.0 0.0
  outer loop
    vertex 10.000000000000004 20.000000000000004 21.0
    vertex 10.000000000000004 28.56832443292191 10.414061085337078
    vertex 10.000000000000004 28.444284467194173 10.643761834844183
  endloop
endfacet
facet normal 1.0 -0.0 0.0
  outer loop
    vertex 10.000000000000004 20.000000000000004 21.0
    vertex 10.000000000000004 28.444284467194173 10.643761834844183
    vertex 10.000000000000004 28.383921989452507 10.897739626595252
  endloop
endfacet
facet normal 1.0 -0.0 0.0
  outer loop
    vertex 10.000000000000004 29.219993362639762 10.012670946360926
    vertex 10.000000000000004 100.0 0.9999999999999999
    vertex 10.000000000000004 29.480940029845108 10.005242333012143
  endloop
endfacet
facet normal 1.0 -0.0 0.0
  outer loop
    vertex 10.000000000000004 29.480940029845108 10.005242333012143
    vertex 10.000000000000004 100.0 0.9999999999999999
    vertex 10.000000000000004 29.734917821596184 10.065604810753813
  endloop
endfacet
facet normal 1.0 -0.0 0.0
  outer loop
    vertex 10.000000000000004 29.734917821596184 10.065604810753813
    vertex 10.000000000000004 100.0 0.9999999999999999
    vertex 10.000000000000004 29.964618571103284 10.18964477648155
  endloop
endfacet
facet normal 1.0 -0.0 0.0
  outer loop
    vertex 10.000000000000004 29.964618571103284 10.18964477648155
    vertex 10.000000000000004 100.0 0.9999999999999999
    vertex 10.000000000000004 30.15438855188595 10.368909111516745
  endloop
endfacet
facet normal 1.0 -0.0 0.0
  outer loop
    vertex 10.000000000000004 30.15438855188595 10.368909111516745
    vertex 10.000000000000004 100.0 0.9999999999999999
    vertex 10.000000000000004 30.29129525336356 10.591181247675067
  endloop
endfacet
facet normal 1.0 -0.0 0.0
  outer loop
    vertex 10.000000000000004 30.29129525336356 10.591181247675067
    vertex 10.000000000000004 100.0 0.9999999999999999
    vertex 10.000000000000004 30.366008710079438 10.841313706199402
  endloop
endfacet
facet normal 1.0 -0.0 0.0
  outer loop
    vertex 10.000000000000004 30.366008710079438 10.841313706199402
    vertex 10.000000000000004 100.0 0.9999999999999999
    vertex 10.000000000000004 30.370526181534505 11.000000000000002
  endloop
endfacet
facet normal 1.0 -0.0 0.0
  outer loop
    vertex 10.000000000000004 30.370526181534505 11.000000000000002
    vertex 10.000000000000004 100.0 0.9999999999999999
    vertex 10.000000000000004 30.373437323428217 11.10226037340475
  endloop
endfacet
facet normal 1.0 -0.0 0.0
  outer loop
    vertex 10.000000000000004 30.373437323428217 11.10226037340475
    vertex 10.000000000000004 100.0 0.9999999999999999
    vertex 10.000000000000004 39.35209883918682 10.027688266894149
  endloop
endfacet
facet normal 1.0 -0.0 0.0
  outer loop
    vertex 10.000000000000004 30.373437323428217 11.10226037340475
    vertex 10.000000000000004 39.35209883918682 10.027688266894149
    vertex 10.000000000000004 39.10840875670573 10.121301786869738
  endloop
endfacet
facet normal 1.0 -0.0 0.0
  outer loop
    vertex 10.000000000000004 30.373437323428217 11.10226037340475
    vertex 10.000000000000004 39.10840875670573 10.121301786869738
    vertex 10.000000000000004 38.897251174275496 10.274797137952698
  endloop
endfacet
facet normal 1.0 -0.0 0.0
  outer loop
    vertex 10.000000000000004 30.373437323428217 11.10226037340475
    vertex 10.000000000000004 38.897251174275496 10.274797137952698
    vertex 10.000000000000004 38.73301613218434 10.477713865629788
  endloop
endfacet
facet normal 1.0 -0.0 0.0
  outer loop
    vertex 10.000000000000004 30.373437323428217 11.10226037340475
    vertex 10.000000000000004 38.73301613218434 10.477713865629788
    vertex 10.000000000000004 38.62689597713952 10.71622353024556
  endloop
endfacet
facet normal 1.0 -0.0 0.0
  outer loop
    vertex 10.000000000000004 30.373437323428217 11.10226037340475
    vertex 10.000000000000004 38.62689597713952 10.71622353024556
    vertex 10.000000000000004 38.586122622335516 10.974072092312309
  endloop
endfacet
facet normal 1.0 -0.0 0.0
  outer loop
    vertex 10.000000000000004 39.35209883918682 10.027688266894149
    vertex 10.000000000000004 100.0 0.9999999999999999
    vertex 10.000000000000004 39.611714345314596 10.000336184708612
  endloop
endfacet
facet normal 1.0 -0.0 0.0
  outer loop
    vertex 10.000000000000004 39.611714345314596 10.000336184708612
    vertex 10.000000000000004 100.0 0.9999999999999999
    vertex 10.000000000000004 39.869562907381344 10.041109539512618
  endloop
endfacet
facet normal 1.0 -0.0 0.0
  outer loop
    vertex 10.000000000000004 39.869562907381344 10.041109539512618
    vertex 10.000000000000004 100.0 0.9999999999999999
    vertex 10.000000000000004 40.10807257199712 10.14722969455743
  endloop
endfacet
facet normal 1.0 -0.0 0.0
  outer loop
    vertex 10.000000000000004 40.10807257199712 10.14722969455743
    vertex 10.000000000000004 100.0 0.9999999999999999
    vertex 10.000000000000004 40.310989299674205 10.311464736648588
  endloop
endfacet
facet normal 1.0 -0.0 0.0
  outer loop
    vertex 10.000000000000004 40.310989299674205 10.311464736648588
    vertex 10.000000000000004 100.0 0.9999999999999999
    vertex 10.000000000000004 40.46448465075717 10.522622319078826
  endloop
endfacet
facet normal 1.0 -0.0 0.0
  outer loop
    vertex 10.000000000000004 40.46448465075717 10.522622319078826
    vertex 10.000000000000004 100.0 0.9999999999999999
    vertex 10.000000000000004 40.55809817073276 10.76631240155992
  endloop
endfacet
facet normal 1.0 -0.0 0.0
  outer loop
    vertex 10.000000000000004 40.55809817073276 10.76631240155992
    vertex 10.000000000000004 100.0 0.9999999999999999
    vertex 10.000000000000004 40.582718589187756 11.000000000000002
  endloop
endfacet
facet normal 1.0 -0.0 0.0
  outer loop
    vertex 10.000000000000004 40.582718589187756 11.000000000000002
    vertex 10.000000000000004 100.0 0.9999999999999999
    vertex 10.000000000000004 40.58545025291829 11.025927907687691
  endloop
endfacet
facet normal 1.0 -0.0 0.0
  outer loop
    vertex 10.000000000000004 40.58545025291829 11.025927907687691
    vertex 10.000000000000004 100.0 0.9999999999999999
    vertex 10.000000000000004 49.565011391233696 10.026311203382257
  endloop
endfacet
facet normal 1.0 -0.0 0.0
  outer loop
    vertex 10.000000000000004 40.58545025291829 11.025927907687691
    vertex 10.000000000000004 49.565011391233696 10.026311203382257
    vertex 10.000000000000004 49.32076707164458 10.118469001589009
  endloop
endfacet
facet normal 1.0 -0.0 0.0
  outer loop
    vertex 10.000000000000004 40.58545025291829 11.025927907687691
    vertex 10.000000000000004 49.32076707164458 10.118469001589009
    vertex 10.000000000000004 49.108697368759685 10.270701680538616
  endloop
endfacet
facet normal 1.0 -0.0 0.0
  outer loop
    vertex 10.000000000000004 40.58545025291829 11.025927907687691
    vertex 10.000000000000004 49.108697368759685 10.270701680538616
    vertex 10.000000000000004 48.94325448236884 10.47263483473706
  endloop
endfacet
facet normal 1.0 -0.0 0.0
  outer loop
    vertex 10.000000000000004 40.58545025291829 11.025927907687691
    vertex 10.000000000000004 48.94325448236884 10.47263483473706
    vertex 10.000000000000004 48.83571307177231 10.710507053436029
  endloop
endfacet
facet normal 1.0 -0.0 0.0
  outer loop
    vertex 10.000000000000004 40.58545025291829 11.025927907687691
    vertex 10.000000000000004 48.83571307177231 10.710507053436029
    vertex 10.000000000000004 48.79340190638164 10.96810773803362
  endloop
endfacet
facet normal 1.0 -0.0 0.0
  outer loop
    vertex 10.000000000000004 49.565011391233696 10.026311203382257
    vertex 10.000000000000004 100.0 0.9999999999999999
    vertex 10.000000000000004 49.82478548077984 10.000508687568185
  endloop
endfacet
facet normal 1.0 -0.0 0.0
  outer loop
    vertex 10.000000000000004 49.82478548077984 10.000508687568185
    vertex 10.000000000000004 100.0 0.9999999999999999
    vertex 10.000000000000004 50.08238616537743 10.042819852958853
  endloop
endfacet
facet normal 1.0 -0.0 0.0
  outer loop
    vertex 10.000000000000004 50.08238616537743 10.042819852958853
    vertex 10.000000000000004 100.0 0.9999999999999999
    vertex 10.000000000000004 50.320258384076396 10.150361263555391
  endloop
endfacet
facet normal 1.0 -0.0 0.0
  outer loop
    vertex 10.000000000000004 50.320258384076396 10.150361263555391
    vertex 10.000000000000004 100.0 0.9999999999999999
    vertex 10.000000000000004 50.52219153827484 10.31580414994623
  endloop
endfacet
facet normal 1.0 -0.0 0.0
  outer loop
    vertex 10.000000000000004 50.52219153827484 10.31580414994623
    vertex 10.000000000000004 100.0 0.9999999999999999
    vertex 10.000000000000004 50.67442421722444 10.527873852831128
  endloop
endfacet
facet normal 1.0 -0.0 0.0
  outer loop
    vertex 10.000000000000004 50.67442421722444 10.527873852831128
    vertex 10.000000000000004 100.0 0.9999999999999999
    vertex 10.000000000000004 50.7665820154312 10.772118172420239
  endloop
endfacet
facet normal 1.0 -0.0 0.0
  outer loop
    vertex 10.000000000000004 50.7665820154312 10.772118172420239
    vertex 10.000000000000004 100.0 0.9999999999999999
    vertex 10.000000000000004 50.78921677654282 11.000000000000002
  endloop
endfacet
facet normal 1.0 -0.0 0.0
  outer loop
    vertex 10.000000000000004 50.78921677654282 11.000000000000002
    vertex 10.000000000000004 100.0 0.9999999999999999
    vertex 10.000000000000004 50.79238453124527 11.031892261966382
  endloop
endfacet
facet normal 1.0 -0.0 0.0
  outer loop
    vertex 10.000000000000004 50.79238453124527 11.031892261966382
    vertex 10.000000000000004 100.0 0.9999999999999999
    vertex 10.000000000000004 59.888210429941694 10.006268098516417
  endloop
endfacet
facet normal 1.0 -0.0 0.0
  outer loop
    vertex 10.000000000000004 50.79238453124527 11.031892261966382
    vertex 10.000000000000004 59.888210429941694 10.006268098516417
    vertex 10.000000000000004 59.63482282534103 10.069061961724573
  endloop
endfacet
facet normal 1.0 -0.0 0.0
  outer loop
    vertex 10.000000000000004 50.79238453124527 11.031892261966382
    vertex 10.000000000000004 59.63482282534103 10.069061961724573
    vertex 10.000000000000004 59.40632144170957 10.195297713793355
  endloop
endfacet
facet normal 1.0 -0.0 0.0
  outer loop
    vertex 10.000000000000004 50.79238453124527 11.031892261966382
    vertex 10.000000000000004 59.40632144170957 10.195297713793355
    vertex 10.000000000000004 59.2182782707254 10.376372596833715
  endloop
endfacet
facet normal 1.0 -0.0 0.0
  outer loop
    vertex 10.000000000000004 50.79238453124527 11.031892261966382
    vertex 10.000000000000004 59.2182782707254 10.376372596833715
    vertex 10.000000000000004 59.083508143735045 10.599946656806843
  endloop
endfacet
facet normal 1.0 -0.0 0.0
  outer loop
    vertex 10.000000000000004 50.79238453124527 11.031892261966382
    vertex 10.000000000000004 59.083508143735045 10.599946656806843
    vertex 10.000000000000004 59.01119542217475 10.850783690999178
  endloop
endfacet
facet normal 1.0 -0.0 0.0
  outer loop
    vertex 10.000000000000004 50.79238453124527 11.031892261966382
    vertex 10.000000000000004 59.01119542217475 10.850783690999178
    vertex 10.000000000000004 59.006268098516415 11.11178957005831
  endloop
endfacet
facet normal 1.0 -0.0 0.0
  outer loop
    vertex 10.000000000000004 59.006268098516415 11.11178957005831
    vertex 10.000000000000004 59.01119542217475 10.850783690999178
    vertex 10.000000000000004 59.00837848543678 11.000000000000002
  endloop
endfacet
facet normal 1.0 -0.0 0.0
  outer loop
    vertex 10.000000000000004 59.888210429941694 10.006268098516417
    vertex 10.000000000000004 100.0 0.9999999999999999
    vertex 10.000000000000004 60.14921630900083 10.01119542217475
  endloop
endfacet
facet normal 1.0 -0.0 0.0
  outer loop
    vertex 10.000000000000004 60.14921630900083 10.01119542217475
    vertex 10.000000000000004 100.0 0.9999999999999999
    vertex 10.000000000000004 60.40005334319316 10.083508143735047
  endloop
endfacet
facet normal 1.0 -0.0 0.0
  outer loop
    vertex 10.000000000000004 60.40005334319316 10.083508143735047
    vertex 10.000000000000004 100.0 0.9999999999999999
    vertex 10.000000000000004 60.62362740316629 10.218278270725397
  endloop
endfacet
facet normal 1.0 -0.0 0.0
  outer loop
    vertex 10.000000000000004 60.62362740316629 10.218278270725397
    vertex 10.000000000000004 100.0 0.9999999999999999
    vertex 10.000000000000004 60.80470228620665 10.406321441709574
  endloop
endfacet
facet normal 1.0 -0.0 0.0
  outer loop
    vertex 10.000000000000004 60.80470228620665 10.406321441709574
    vertex 10.000000000000004 100.0 0.9999999999999999
    vertex 10.000000000000004 60.93093803827542 10.634822825341036
  endloop
endfacet
facet normal 1.0 -0.0 0.0
  outer loop
    vertex 10.000000000000004 60.93093803827542 10.634822825341036
    vertex 10.000000000000004 100.0 0.9999999999999999
    vertex 10.000000000000004 60.993731901483585 10.888210429941694
  endloop
endfacet
facet normal 1.0 -0.0 0.0
  outer loop
    vertex 10.000000000000004 60.993731901483585 10.888210429941694
    vertex 10.000000000000004 100.0 0.9999999999999999
    vertex 10.000000000000004 69.91196521673888 10.044546465318497
  endloop
endfacet
facet normal 1.0 -0.0 0.0
  outer loop
    vertex 10.000000000000004 60.993731901483585 10.888210429941694
    vertex 10.000000000000004 69.91196521673888 10.044546465318497
    vertex 10.000000000000004 69.67473235018909 10.153491012912369
  endloop
endfacet
facet normal 1.0 -0.0 0.0
  outer loop
    vertex 10.000000000000004 60.993731901483585 10.888210429941694
    vertex 10.000000000000004 69.67473235018909 10.153491012912369
    vertex 10.000000000000004 69.47377992132142 10.32012374905402
  endloop
endfacet
facet normal 1.0 -0.0 0.0
  outer loop
    vertex 10.000000000000004 60.993731901483585 10.888210429941694
    vertex 10.000000000000004 69.47377992132142 10.32012374905402
    vertex 10.000000000000004 69.32280250607364 10.53308892814901
  endloop
endfacet
facet normal 1.0 -0.0 0.0
  outer loop
    vertex 10.000000000000004 60.993731901483585 10.888210429941694
    vertex 10.000000000000004 69.32280250607364 10.53308892814901
    vertex 10.000000000000004 69.23208896579288 10.777873325183617
  endloop
endfacet
facet normal 1.0 -0.0 0.0
  outer loop
    vertex 10.000000000000004 60.993731901483585 10.888210429941694
    vertex 10.000000000000004 69.23208896579288 10.777873325183617
    vertex 10.000000000000004 69.21135004607682 11.000000000000002
  endloop
endfacet
facet normal 1.0 -0.0 0.0
  outer loop
    vertex 10.000000000000004 60.993731901483585 10.888210429941694
    vertex 10.000000000000004 69.21135004607682 11.000000000000002
    vertex 10.000000000000004 69.20782127833809 11.037795288025274
  endloop
endfacet
facet normal 1.0 -0.0 0.0
  outer loop
    vertex 10.000000000000004 69.91196521673888 10.044546465318497
    vertex 10.000000000000004 100.0 0.9999999999999999
    vertex 10.000000000000004 70.16931149316127 10.000714497151547
  endloop
endfacet
facet normal 1.0 -0.0 0.0
  outer loop
    vertex 10.000000000000004 70.16931149316127 10.000714497151547
    vertex 10.000000000000004 100.0 0.9999999999999999
    vertex 10.000000000000004 70.42923345600293 10.024982184606346
  endloop
endfacet
facet normal 1.0 -0.0 0.0
  outer loop
    vertex 10.000000000000004 70.42923345600293 10.024982184606346
    vertex 10.000000000000004 100.0 0.9999999999999999
    vertex 10.000000000000004 70.67401785303754 10.115695724887097
  endloop
endfacet
facet normal 1.0 -0.0 0.0
  outer loop
    vertex 10.000000000000004 70.67401785303754 10.115695724887097
    vertex 10.000000000000004 100.0 0.9999999999999999
    vertex 10.000000000000004 70.88698303213253 10.266673140134882
  endloop
endfacet
facet normal 1.0 -0.0 0.0
  outer loop
    vertex 10.000000000000004 70.88698303213253 10.266673140134882
    vertex 10.000000000000004 100.0 0.9999999999999999
    vertex 10.000000000000004 71.05361576827417 10.46762556900254
  endloop
endfacet
facet normal 1.0 -0.0 0.0
  outer loop
    vertex 10.000000000000004 71.05361576827417 10.46762556900254
    vertex 10.000000000000004 100.0 0.9999999999999999
    vertex 10.000000000000004 71.16256031586805 10.704858435552326
  endloop
endfacet
facet normal 1.0 -0.0 0.0
  outer loop
    vertex 10.000000000000004 71.16256031586805 10.704858435552326
    vertex 10.000000000000004 100.0 0.9999999999999999
    vertex 10.000000000000004 71.206392284035 10.962204711974728
  endloop
endfacet
facet normal 1.0 -0.0 0.0
  outer loop
    vertex 10.000000000000004 71.206392284035 10.962204711974728
    vertex 10.000000000000004 100.0 0.9999999999999999
    vertex 10.000000000000004 79.95831342431131 10.109969065641394
  endloop
endfacet
facet normal 1.0 -0.0 0.0
  outer loop
    vertex 10.000000000000004 71.206392284035 10.962204711974728
    vertex 10.000000000000004 79.95831342431131 10.109969065641394
    vertex 10.000000000000004 79.74349088826807 10.25829177270209
  endloop
endfacet
facet normal 1.0 -0.0 0.0
  outer loop
    vertex 10.000000000000004 71.206392284035 10.962204711974728
    vertex 10.000000000000004 79.74349088826807 10.25829177270209
    vertex 10.000000000000004 79.57437699404345 10.457160669722336
  endloop
endfacet
facet normal 1.0 -0.0 0.0
  outer loop
    vertex 10.000000000000004 71.206392284035 10.962204711974728
    vertex 10.000000000000004 79.57437699404345 10.457160669722336
    vertex 10.000000000000004 79.46249657405495 10.693023170016598
  endloop
endfacet
facet normal 1.0 -0.0 0.0
  outer loop
    vertex 10.000000000000004 71.206392284035 10.962204711974728
    vertex 10.000000000000004 79.46249657405495 10.693023170016598
    vertex 10.000000000000004 79.41547409403366 10.949805633971032
  endloop
endfacet
facet normal 1.0 -0.0 0.0
  outer loop
    vertex 10.000000000000004 79.95831342431131 10.109969065641394
    vertex 10.000000000000004 100.0 0.9999999999999999
    vertex 10.000000000000004 80.20420480135287 10.022300495911576
  endloop
endfacet
facet normal 1.0 -0.0 0.0
  outer loop
    vertex 10.000000000000004 80.20420480135287 10.022300495911576
    vertex 10.000000000000004 100.0 0.9999999999999999
    vertex 10.000000000000004 80.46440792840205 10.00126053166056
  endloop
endfacet
facet normal 1.0 -0.0 0.0
  outer loop
    vertex 10.000000000000004 80.46440792840205 10.00126053166056
    vertex 10.000000000000004 100.0 0.9999999999999999
    vertex 10.000000000000004 80.72119039235649 10.048283011681864
  endloop
endfacet
facet normal 1.0 -0.0 0.0
  outer loop
    vertex 10.000000000000004 80.72119039235649 10.048283011681864
    vertex 10.000000000000004 100.0 0.9999999999999999
    vertex 10.000000000000004 80.95705289265075 10.160163431670364
  endloop
endfacet
facet normal 1.0 -0.0 0.0
  outer loop
    vertex 10.000000000000004 80.95705289265075 10.160163431670364
    vertex 10.000000000000004 100.0 0.9999999999999999
    vertex 10.000000000000004 81.155921789671 10.329277325894978
  endloop
endfacet
facet normal 1.0 -0.0 0.0
  outer loop
    vertex 10.000000000000004 81.155921789671 10.329277325894978
    vertex 10.000000000000004 100.0 0.9999999999999999
    vertex 10.000000000000004 81.3042444967317 10.544099861938221
  endloop
endfacet
facet normal 1.0 -0.0 0.0
  outer loop
    vertex 10.000000000000004 81.3042444967317 10.544099861938221
    vertex 10.000000000000004 100.0 0.9999999999999999
    vertex 10.000000000000004 81.39191306646151 10.789991238979775
  endloop
endfacet
facet normal 1.0 -0.0 0.0
  outer loop
    vertex 10.000000000000004 81.39191306646151 10.789991238979775
    vertex 10.000000000000004 100.0 0.9999999999999999
    vertex 10.000000000000004 81.40889432596586 11.000000000000002
  endloop
endfacet
facet normal 1.0 -0.0 0.0
  outer loop
    vertex 10.000000000000004 81.40889432596586 11.000000000000002
    vertex 10.000000000000004 100.0 0.9999999999999999
    vertex 10.000000000000004 81.41295303071253 11.05019436602897
  endloop
endfacet
facet normal 1.0 -0.0 0.0
  outer loop
    vertex 10.000000000000004 81.41295303071253 11.05019436602897
    vertex 10.000000000000004 100.0 0.9999999999999999
    vertex 10.000000000000004 89.88290300812335 10.325655993778264
  endloop
endfacet
facet normal 1.0 -0.0 0.0
  outer loop
    vertex 10.000000000000004 81.41295303071253 11.05019436602897
    vertex 10.000000000000004 89.88290300812335 10.325655993778264
    vertex 10.000000000000004 89.73353089692127 10.539750178231955
  endloop
endfacet
facet normal 1.0 -0.0 0.0
  outer loop
    vertex 10.000000000000004 81.41295303071253 11.05019436602897
    vertex 10.000000000000004 89.73353089692127 10.539750178231955
    vertex 10.000000000000004 89.64466016936613 10.785209627440345
  endloop
endfacet
facet normal 1.0 -0.0 0.0
  outer loop
    vertex 10.000000000000004 81.41295303071253 11.05019436602897
    vertex 10.000000000000004 89.64466016936613 10.785209627440345
    vertex 10.000000000000004 89.6262339440712 11.000000000000002
  endloop
endfacet
facet normal 1.0 -0.0 0.0
  outer loop
    vertex 10.000000000000004 81.41295303071253 11.05019436602897
    vertex 10.000000000000004 89.6262339440712 11.000000000000002
    vertex 10.000000000000004 89.62234721867505 11.045306685580805
  endloop
endfacet
facet normal 1.0 -0.0 0.0
  outer loop
    vertex 10.000000000000004 89.88290300812335 10.325655993778264
    vertex 10.000000000000004 100.0 0.9999999999999999
    vertex 10.000000000000004 90.0825970404431 10.157517238942424
  endloop
endfacet
facet normal 1.0 -0.0 0.0
  outer loop
    vertex 10.000000000000004 90.0825970404431 10.157517238942424
    vertex 10.000000000000004 100.0 0.9999999999999999
    vertex 10.000000000000004 90.31900417558788 10.046792292004065
  endloop
endfacet
facet normal 1.0 -0.0 0.0
  outer loop
    vertex 10.000000000000004 90.31900417558788 10.046792292004065
    vertex 10.000000000000004 100.0 0.9999999999999999
    vertex 10.000000000000004 90.57601365797885 10.00102687511541
  endloop
endfacet
facet normal 1.0 -0.0 0.0
  outer loop
    vertex 10.000000000000004 90.57601365797885 10.00102687511541
    vertex 10.000000000000004 100.0 0.9999999999999999
    vertex 10.000000000000004 90.83611071611931 10.023339825806499
  endloop
endfacet
facet normal 1.0 -0.0 0.0
  outer loop
    vertex 10.000000000000004 90.83611071611931 10.023339825806499
    vertex 10.000000000000004 100.0 0.9999999999999999
    vertex 10.000000000000004 91.08157016532769 10.11221055336162
  endloop
endfacet
facet normal 1.0 -0.0 0.0
  outer loop
    vertex 10.000000000000004 91.08157016532769 10.11221055336162
    vertex 10.000000000000004 100.0 0.9999999999999999
    vertex 10.000000000000004 91.29566434978138 10.26158266456372
  endloop
endfacet
facet normal 1.0 -0.0 0.0
  outer loop
    vertex 10.000000000000004 91.29566434978138 10.26158266456372
    vertex 10.000000000000004 100.0 0.9999999999999999
    vertex 10.000000000000004 91.46380310461723 10.461276696883457
  endloop
endfacet
facet normal 1.0 -0.0 0.0
  outer loop
    vertex 10.000000000000004 91.46380310461723 10.461276696883457
    vertex 10.000000000000004 100.0 0.9999999999999999
    vertex 10.000000000000004 91.57452805155557 10.697683832028234
  endloop
endfacet
facet normal 1.0 -0.0 0.0
  outer loop
    vertex 10.000000000000004 91.57452805155557 10.697683832028234
    vertex 10.000000000000004 100.0 0.9999999999999999
    vertex 10.000000000000004 91.62029346844423 10.954693314419197
  endloop
endfacet
facet normal 1.0 -0.0 0.0
  outer loop
    vertex 10.000000000000004 20.000000000000004 21.0
    vertex 10.000000000000004 29.276419283035615 11.994757666987859
    vertex 10.000000000000004 100.0 21.0
  endloop
endfacet
facet normal 1.0 -0.0 0.0
  outer loop
    vertex 10.000000000000004 29.276419283035615 11.994757666987859
    vertex 10.000000000000004 20.000000000000004 21.0
    vertex 10.000000000000004 29.022441491284543 11.934395189246189
  endloop
endfacet
facet normal 1.0 -0.0 0.0
  outer loop
    vertex 10.000000000000004 29.022441491284543 11.934395189246189
    vertex 10.000000000000004 20.000000000000004 21.0
    vertex 10.000000000000004 28.79274074177744 11.810355223518453
  endloop
endfacet
facet normal 1.0 -0.0 0.0
  outer loop
    vertex 10.000000000000004 28.79274074177744 11.810355223518453
    vertex 10.000000000000004 20.000000000000004 21.0
    vertex 10.000000000000004 28.602970760994772 11.631090888483259
  endloop
endfacet
facet normal 1.0 -0.0 0.0
  outer loop
    vertex 10.000000000000004 28.602970760994772 11.631090888483259
    vertex 10.000000000000004 20.000000000000004 21.0
    vertex 10.000000000000004 28.466064059517162 11.408818752324935
  endloop
endfacet
facet normal 1.0 -0.0 0.0
  outer loop
    vertex 10.000000000000004 28.466064059517162 11.408818752324935
    vertex 10.000000000000004 20.000000000000004 21.0
    vertex 10.000000000000004 28.391350602801285 11.1586862938006
  endloop
endfacet
facet normal 1.0 -0.0 0.0
  outer loop
    vertex 10.000000000000004 28.391350602801285 11.1586862938006
    vertex 10.000000000000004 20.000000000000004 21.0
    vertex 10.000000000000004 28.383921989452507 10.897739626595252
  endloop
endfacet
facet normal 1.0 -0.0 0.0
  outer loop
    vertex 10.000000000000004 28.391350602801285 11.1586862938006
    vertex 10.000000000000004 28.383921989452507 10.897739626595252
    vertex 10.000000000000004 28.386833131346222 11.000000000000002
  endloop
endfacet
facet normal 1.0 -0.0 0.0
  outer loop
    vertex 10.000000000000004 100.0 21.0
    vertex 10.000000000000004 29.276419283035615 11.994757666987859
    vertex 10.000000000000004 29.37867965644036 11.991846525094147
  endloop
endfacet
facet normal 1.0 -0.0 0.0
  outer loop
    vertex 10.000000000000004 100.0 21.0
    vertex 10.000000000000004 29.37867965644036 11.991846525094147
    vertex 10.000000000000004 29.53736595024096 11.987329053639078
  endloop
endfacet
facet normal 1.0 -0.0 0.0
  outer loop
    vertex 10.000000000000004 100.0 21.0
    vertex 10.000000000000004 29.53736595024096 11.987329053639078
    vertex 10.000000000000004 29.787498408765295 11.912615596923201
  endloop
endfacet
facet normal 1.0 -0.0 0.0
  outer loop
    vertex 10.000000000000004 100.0 21.0
    vertex 10.000000000000004 29.787498408765295 11.912615596923201
    vertex 10.000000000000004 30.00977054492362 11.775708895445591
  endloop
endfacet
facet normal 1.0 -0.0 0.0
  outer loop
    vertex 10.000000000000004 100.0 21.0
    vertex 10.000000000000004 30.00977054492362 11.775708895445591
    vertex 10.000000000000004 30.189034879958815 11.585938914662924
  endloop
endfacet
facet normal 1.0 -0.0 0.0
  outer loop
    vertex 10.000000000000004 100.0 21.0
    vertex 10.000000000000004 30.189034879958815 11.585938914662924
    vertex 10.000000000000004 30.31307484568655 11.35623816515582
  endloop
endfacet
facet normal 1.0 -0.0 0.0
  outer loop
    vertex 10.000000000000004 100.0 21.0
    vertex 10.000000000000004 30.31307484568655 11.35623816515582
    vertex 10.000000000000004 30.373437323428217 11.10226037340475
  endloop
endfacet
facet normal 1.0 -0.0 0.0
  outer loop
    vertex 10.000000000000004 100.0 21.0
    vertex 10.000000000000004 30.373437323428217 11.10226037340475
    vertex 10.000000000000004 39.55985852993921 11.99966381529139
  endloop
endfacet
facet normal 1.0 -0.0 0.0
  outer loop
    vertex 10.000000000000004 39.55985852993921 11.99966381529139
    vertex 10.000000000000004 30.373437323428217 11.10226037340475
    vertex 10.000000000000004 39.302009967872465 11.958890460487384
  endloop
endfacet
facet normal 1.0 -0.0 0.0
  outer loop
    vertex 10.000000000000004 39.302009967872465 11.958890460487384
    vertex 10.000000000000004 30.373437323428217 11.10226037340475
    vertex 10.000000000000004 39.06350030325669 11.852770305442574
  endloop
endfacet
facet normal 1.0 -0.0 0.0
  outer loop
    vertex 10.000000000000004 39.06350030325669 11.852770305442574
    vertex 10.000000000000004 30.373437323428217 11.10226037340475
    vertex 10.000000000000004 38.860583575579604 11.688535263351413
  endloop
endfacet
facet normal 1.0 -0.0 0.0
  outer loop
    vertex 10.000000000000004 38.860583575579604 11.688535263351413
    vertex 10.000000000000004 30.373437323428217 11.10226037340475
    vertex 10.000000000000004 38.707088224496644 11.477377680921176
  endloop
endfacet
facet normal 1.0 -0.0 0.0
  outer loop
    vertex 10.000000000000004 38.707088224496644 11.477377680921176
    vertex 10.000000000000004 30.373437323428217 11.10226037340475
    vertex 10.000000000000004 38.61347470452105 11.233687598440081
  endloop
endfacet
facet normal 1.0 -0.0 0.0
  outer loop
    vertex 10.000000000000004 38.61347470452105 11.233687598440081
    vertex 10.000000000000004 30.373437323428217 11.10226037340475
    vertex 10.000000000000004 38.588854286066045 11.000000000000002
  endloop
endfacet
facet normal 1.0 -0.0 0.0
  outer loop
    vertex 10.000000000000004 38.588854286066045 11.000000000000002
    vertex 10.000000000000004 30.373437323428217 11.10226037340475
    vertex 10.000000000000004 38.586122622335516 10.974072092312309
  endloop
endfacet
facet normal 1.0 -0.0 0.0
  outer loop
    vertex 10.000000000000004 100.0 21.0
    vertex 10.000000000000004 39.55985852993921 11.99966381529139
    vertex 10.000000000000004 39.58578643762691 11.996932151560857
  endloop
endfacet
facet normal 1.0 -0.0 0.0
  outer loop
    vertex 10.000000000000004 100.0 21.0
    vertex 10.000000000000004 39.58578643762691 11.996932151560857
    vertex 10.000000000000004 39.819474036066985 11.972311733105853
  endloop
endfacet
facet normal 1.0 -0.0 0.0
  outer loop
    vertex 10.000000000000004 100.0 21.0
    vertex 10.000000000000004 39.819474036066985 11.972311733105853
    vertex 10.000000000000004 40.06316411854808 11.878698213130264
  endloop
endfacet
facet normal 1.0 -0.0 0.0
  outer loop
    vertex 10.000000000000004 100.0 21.0
    vertex 10.000000000000004 40.06316411854808 11.878698213130264
    vertex 10.000000000000004 40.27432170097832 11.725202862047304
  endloop
endfacet
facet normal 1.0 -0.0 0.0
  outer loop
    vertex 10.000000000000004 100.0 21.0
    vertex 10.000000000000004 40.27432170097832 11.725202862047304
    vertex 10.000000000000004 40.43855674306948 11.522286134370212
  endloop
endfacet
facet normal 1.0 -0.0 0.0
  outer loop
    vertex 10.000000000000004 100.0 21.0
    vertex 10.000000000000004 40.43855674306948 11.522286134370212
    vertex 10.000000000000004 40.54467689811429 11.283776469754441
  endloop
endfacet
facet normal 1.0 -0.0 0.0
  outer loop
    vertex 10.000000000000004 100.0 21.0
    vertex 10.000000000000004 40.54467689811429 11.283776469754441
    vertex 10.000000000000004 40.58545025291829 11.025927907687691
  endloop
endfacet
facet normal 1.0 -0.0 0.0
  outer loop
    vertex 10.000000000000004 100.0 21.0
    vertex 10.000000000000004 40.58545025291829 11.025927907687691
    vertex 10.000000000000004 49.50340027224948 11.957180147041148
  endloop
endfacet
facet normal 1.0 -0.0 0.0
  outer loop
    vertex 10.000000000000004 49.50340027224948 11.957180147041148
    vertex 10.000000000000004 40.58545025291829 11.025927907687691
    vertex 10.000000000000004 49.26552805355051 11.849638736444613
  endloop
endfacet
facet normal 1.0 -0.0 0.0
  outer loop
    vertex 10.000000000000004 49.26552805355051 11.849638736444613
    vertex 10.000000000000004 40.58545025291829 11.025927907687691
    vertex 10.000000000000004 49.06359489935207 11.684195850053772
  endloop
endfacet
facet normal 1.0 -0.0 0.0
  outer loop
    vertex 10.000000000000004 49.06359489935207 11.684195850053772
    vertex 10.000000000000004 40.58545025291829 11.025927907687691
    vertex 10.000000000000004 48.91136222040247 11.472126147168874
  endloop
endfacet
facet normal 1.0 -0.0 0.0
  outer loop
    vertex 10.000000000000004 48.91136222040247 11.472126147168874
    vertex 10.000000000000004 40.58545025291829 11.025927907687691
    vertex 10.000000000000004 48.81920442219571 11.227881827579765
  endloop
endfacet
facet normal 1.0 -0.0 0.0
  outer loop
    vertex 10.000000000000004 48.81920442219571 11.227881827579765
    vertex 10.000000000000004 40.58545025291829 11.025927907687691
    vertex 10.000000000000004 48.796569661084085 11.000000000000002
  endloop
endfacet
facet normal 1.0 -0.0 0.0
  outer loop
    vertex 10.000000000000004 48.796569661084085 11.000000000000002
    vertex 10.000000000000004 40.58545025291829 11.025927907687691
    vertex 10.000000000000004 48.79340190638164 10.96810773803362
  endloop
endfacet
facet normal 1.0 -0.0 0.0
  outer loop
    vertex 10.000000000000004 100.0 21.0
    vertex 10.000000000000004 49.50340027224948 11.957180147041148
    vertex 10.000000000000004 49.76100095684707 11.999491312431816
  endloop
endfacet
facet normal 1.0 -0.0 0.0
  outer loop
    vertex 10.000000000000004 100.0 21.0
    vertex 10.000000000000004 49.76100095684707 11.999491312431816
    vertex 10.000000000000004 49.792893218813454 11.996323557729369
  endloop
endfacet
facet normal 1.0 -0.0 0.0
  outer loop
    vertex 10.000000000000004 100.0 21.0
    vertex 10.000000000000004 49.792893218813454 11.996323557729369
    vertex 10.000000000000004 50.02077504639322 11.973688796617745
  endloop
endfacet
facet normal 1.0 -0.0 0.0
  outer loop
    vertex 10.000000000000004 100.0 21.0
    vertex 10.000000000000004 50.02077504639322 11.973688796617745
    vertex 10.000000000000004 50.265019365982326 11.881530998410993
  endloop
endfacet
facet normal 1.0 -0.0 0.0
  outer loop
    vertex 10.000000000000004 100.0 21.0
    vertex 10.000000000000004 50.265019365982326 11.881530998410993
    vertex 10.000000000000004 50.47708906886722 11.729298319461385
  endloop
endfacet
facet normal 1.0 -0.0 0.0
  outer loop
    vertex 10.000000000000004 100.0 21.0
    vertex 10.000000000000004 50.47708906886722 11.729298319461385
    vertex 10.000000000000004 50.642531955258065 11.527365165262943
  endloop
endfacet
facet normal 1.0 -0.0 0.0
  outer loop
    vertex 10.000000000000004 100.0 21.0
    vertex 10.000000000000004 50.642531955258065 11.527365165262943
    vertex 10.000000000000004 50.7500733658546 11.289492946563973
  endloop
endfacet
facet normal 1.0 -0.0 0.0
  outer loop
    vertex 10.000000000000004 100.0 21.0
    vertex 10.000000000000004 50.7500733658546 11.289492946563973
    vertex 10.000000000000004 50.79238453124527 11.031892261966382
  endloop
endfacet
facet normal 1.0 -0.0 0.0
  outer loop
    vertex 10.000000000000004 100.0 21.0
    vertex 10.000000000000004 50.79238453124527 11.031892261966382
    vertex 10.000000000000004 59.85078369099918 11.988804577825253
  endloop
endfacet
facet normal 1.0 -0.0 0.0
  outer loop
    vertex 10.000000000000004 59.85078369099918 11.988804577825253
    vertex 10.000000000000004 50.79238453124527 11.031892261966382
    vertex 10.000000000000004 59.59994665680685 11.916491856264955
  endloop
endfacet
facet normal 1.0 -0.0 0.0
  outer loop
    vertex 10.000000000000004 59.59994665680685 11.916491856264955
    vertex 10.000000000000004 50.79238453124527 11.031892261966382
    vertex 10.000000000000004 59.37637259683372 11.781721729274606
  endloop
endfacet
facet normal 1.0 -0.0 0.0
  outer loop
    vertex 10.000000000000004 59.37637259683372 11.781721729274606
    vertex 10.000000000000004 50.79238453124527 11.031892261966382
    vertex 10.000000000000004 59.19529771379336 11.593678558290428
  endloop
endfacet
facet normal 1.0 -0.0 0.0
  outer loop
    vertex 10.000000000000004 59.19529771379336 11.593678558290428
    vertex 10.000000000000004 50.79238453124527 11.031892261966382
    vertex 10.000000000000004 59.06906196172458 11.365177174658966
  endloop
endfacet
facet normal 1.0 -0.0 0.0
  outer loop
    vertex 10.000000000000004 59.06906196172458 11.365177174658966
    vertex 10.000000000000004 50.79238453124527 11.031892261966382
    vertex 10.000000000000004 59.006268098516415 11.11178957005831
  endloop
endfacet
facet normal 1.0 -0.0 0.0
  outer loop
    vertex 10.000000000000004 100.0 21.0
    vertex 10.000000000000004 59.85078369099918 11.988804577825253
    vertex 10.000000000000004 60.0 11.991621514563226
  endloop
endfacet
facet normal 1.0 -0.0 0.0
  outer loop
    vertex 10.000000000000004 100.0 21.0
    vertex 10.000000000000004 60.0 11.991621514563226
    vertex 10.000000000000004 60.11178957005831 11.993731901483587
  endloop
endfacet
facet normal 1.0 -0.0 0.0
  outer loop
    vertex 10.000000000000004 100.0 21.0
    vertex 10.000000000000004 60.11178957005831 11.993731901483587
    vertex 10.000000000000004 60.36517717465897 11.930938038275428
  endloop
endfacet
facet normal 1.0 -0.0 0.0
  outer loop
    vertex 10.000000000000004 100.0 21.0
    vertex 10.000000000000004 60.36517717465897 11.930938038275428
    vertex 10.000000000000004 60.593678558290435 11.804702286206647
  endloop
endfacet
facet normal 1.0 -0.0 0.0
  outer loop
    vertex 10.000000000000004 100.0 21.0
    vertex 10.000000000000004 60.593678558290435 11.804702286206647
    vertex 10.000000000000004 60.78172172927461 11.623627403166287
  endloop
endfacet
facet normal 1.0 -0.0 0.0
  outer loop
    vertex 10.000000000000004 100.0 21.0
    vertex 10.000000000000004 60.78172172927461 11.623627403166287
    vertex 10.000000000000004 60.916491856264955 11.400053343193159
  endloop
endfacet
facet normal 1.0 -0.0 0.0
  outer loop
    vertex 10.000000000000004 100.0 21.0
    vertex 10.000000000000004 60.916491856264955 11.400053343193159
    vertex 10.000000000000004 60.988804577825256 11.149216309000824
  endloop
endfacet
facet normal 1.0 -0.0 0.0
  outer loop
    vertex 10.000000000000004 100.0 21.0
    vertex 10.000000000000004 60.988804577825256 11.149216309000824
    vertex 10.000000000000004 60.99162151456322 11.000000000000002
  endloop
endfacet
facet normal 1.0 -0.0 0.0
  outer loop
    vertex 10.000000000000004 100.0 21.0
    vertex 10.000000000000004 60.99162151456322 11.000000000000002
    vertex 10.000000000000004 60.993731901483585 10.888210429941694
  endloop
endfacet
facet normal 1.0 -0.0 0.0
  outer loop
    vertex 10.000000000000004 100.0 21.0
    vertex 10.000000000000004 60.993731901483585 10.888210429941694
    vertex 10.000000000000004 69.98498010637016 11.975017815393656
  endloop
endfacet
facet normal 1.0 -0.0 0.0
  outer loop
    vertex 10.000000000000004 69.98498010637016 11.975017815393656
    vertex 10.000000000000004 60.993731901483585 10.888210429941694
    vertex 10.000000000000004 69.74019570933555 11.884304275112905
  endloop
endfacet
facet normal 1.0 -0.0 0.0
  outer loop
    vertex 10.000000000000004 69.74019570933555 11.884304275112905
    vertex 10.000000000000004 60.993731901483585 10.888210429941694
    vertex 10.000000000000004 69.52723053024056 11.733326859865121
  endloop
endfacet
facet normal 1.0 -0.0 0.0
  outer loop
    vertex 10.000000000000004 69.52723053024056 11.733326859865121
    vertex 10.000000000000004 60.993731901483585 10.888210429941694
    vertex 10.000000000000004 69.36059779409892 11.532374430997464
  endloop
endfacet
facet normal 1.0 -0.0 0.0
  outer loop
    vertex 10.000000000000004 69.36059779409892 11.532374430997464
    vertex 10.000000000000004 60.993731901483585 10.888210429941694
    vertex 10.000000000000004 69.25165324650504 11.295141564447674
  endloop
endfacet
facet normal 1.0 -0.0 0.0
  outer loop
    vertex 10.000000000000004 69.25165324650504 11.295141564447674
    vertex 10.000000000000004 60.993731901483585 10.888210429941694
    vertex 10.000000000000004 69.20782127833809 11.037795288025274
  endloop
endfacet
facet normal 1.0 -0.0 0.0
  outer loop
    vertex 10.000000000000004 100.0 21.0
    vertex 10.000000000000004 69.98498010637016 11.975017815393656
    vertex 10.000000000000004 70.20710678118654 11.995756735109731
  endloop
endfacet
facet normal 1.0 -0.0 0.0
  outer loop
    vertex 10.000000000000004 100.0 21.0
    vertex 10.000000000000004 70.20710678118654 11.995756735109731
    vertex 10.000000000000004 70.24490206921182 11.999285502848455
  endloop
endfacet
facet normal 1.0 -0.0 0.0
  outer loop
    vertex 10.000000000000004 100.0 21.0
    vertex 10.000000000000004 70.24490206921182 11.999285502848455
    vertex 10.000000000000004 70.50224834563421 11.955453534681505
  endloop
endfacet
facet normal 1.0 -0.0 0.0
  outer loop
    vertex 10.000000000000004 100.0 21.0
    vertex 10.000000000000004 70.50224834563421 11.955453534681505
    vertex 10.000000000000004 70.739481212184 11.846508987087633
  endloop
endfacet
facet normal 1.0 -0.0 0.0
  outer loop
    vertex 10.000000000000004 100.0 21.0
    vertex 10.000000000000004 70.739481212184 11.846508987087633
    vertex 10.000000000000004 70.94043364105167 11.679876250945982
  endloop
endfacet
facet normal 1.0 -0.0 0.0
  outer loop
    vertex 10.000000000000004 100.0 21.0
    vertex 10.000000000000004 70.94043364105167 11.679876250945982
    vertex 10.000000000000004 71.09141105629945 11.46691107185099
  endloop
endfacet
facet normal 1.0 -0.0 0.0
  outer loop
    vertex 10.000000000000004 100.0 21.0
    vertex 10.000000000000004 71.09141105629945 11.46691107185099
    vertex 10.000000000000004 71.18212459658021 11.222126674816385
  endloop
endfacet
facet normal 1.0 -0.0 0.0
  outer loop
    vertex 10.000000000000004 100.0 21.0
    vertex 10.000000000000004 71.18212459658021 11.222126674816385
    vertex 10.000000000000004 71.20286351629628 11.000000000000002
  endloop
endfacet
facet normal 1.0 -0.0 0.0
  outer loop
    vertex 10.000000000000004 100.0 21.0
    vertex 10.000000000000004 71.20286351629628 11.000000000000002
    vertex 10.000000000000004 71.206392284035 10.962204711974728
  endloop
endfacet
facet normal 1.0 -0.0 0.0
  outer loop
    vertex 10.000000000000004 100.0 21.0
    vertex 10.000000000000004 71.206392284035 10.962204711974728
    vertex 10.000000000000004 80.1072367323897 11.951716988318138
  endloop
endfacet
facet normal 1.0 -0.0 0.0
  outer loop
    vertex 10.000000000000004 80.1072367323897 11.951716988318138
    vertex 10.000000000000004 71.206392284035 10.962204711974728
    vertex 10.000000000000004 79.87137423209543 11.83983656832964
  endloop
endfacet
facet normal 1.0 -0.0 0.0
  outer loop
    vertex 10.000000000000004 79.87137423209543 11.83983656832964
    vertex 10.000000000000004 71.206392284035 10.962204711974728
    vertex 10.000000000000004 79.67250533507517 11.670722674105024
  endloop
endfacet
facet normal 1.0 -0.0 0.0
  outer loop
    vertex 10.000000000000004 79.67250533507517 11.670722674105024
    vertex 10.000000000000004 71.206392284035 10.962204711974728
    vertex 10.000000000000004 79.52418262801449 11.455900138061779
  endloop
endfacet
facet normal 1.0 -0.0 0.0
  outer loop
    vertex 10.000000000000004 79.52418262801449 11.455900138061779
    vertex 10.000000000000004 71.206392284035 10.962204711974728
    vertex 10.000000000000004 79.43651405828466 11.210008761020227
  endloop
endfacet
facet normal 1.0 -0.0 0.0
  outer loop
    vertex 10.000000000000004 79.43651405828466 11.210008761020227
    vertex 10.000000000000004 71.206392284035 10.962204711974728
    vertex 10.000000000000004 79.41547409403366 10.949805633971032
  endloop
endfacet
facet normal 1.0 -0.0 0.0
  outer loop
    vertex 10.000000000000004 79.43651405828466 11.210008761020227
    vertex 10.000000000000004 79.41547409403366 10.949805633971032
    vertex 10.000000000000004 79.41953279878032 11.000000000000002
  endloop
endfacet
facet normal 1.0 -0.0 0.0
  outer loop
    vertex 10.000000000000004 100.0 21.0
    vertex 10.000000000000004 80.1072367323897 11.951716988318138
    vertex 10.000000000000004 80.36401919634412 11.998739468339444
  endloop
endfacet
facet normal 1.0 -0.0 0.0
  outer loop
    vertex 10.000000000000004 100.0 21.0
    vertex 10.000000000000004 80.36401919634412 11.998739468339444
    vertex 10.000000000000004 80.41421356237309 11.994680763592777
  endloop
endfacet
facet normal 1.0 -0.0 0.0
  outer loop
    vertex 10.000000000000004 100.0 21.0
    vertex 10.000000000000004 80.41421356237309 11.994680763592777
    vertex 10.000000000000004 80.62422232339331 11.977699504088426
  endloop
endfacet
facet normal 1.0 -0.0 0.0
  outer loop
    vertex 10.000000000000004 100.0 21.0
    vertex 10.000000000000004 80.62422232339331 11.977699504088426
    vertex 10.000000000000004 80.87011370043487 11.890030934358608
  endloop
endfacet
facet normal 1.0 -0.0 0.0
  outer loop
    vertex 10.000000000000004 100.0 21.0
    vertex 10.000000000000004 80.87011370043487 11.890030934358608
    vertex 10.000000000000004 81.08493623647811 11.741708227297913
  endloop
endfacet
facet normal 1.0 -0.0 0.0
  outer loop
    vertex 10.000000000000004 100.0 21.0
    vertex 10.000000000000004 81.08493623647811 11.741708227297913
    vertex 10.000000000000004 81.25405013070272 11.542839330277664
  endloop
endfacet
facet normal 1.0 -0.0 0.0
  outer loop
    vertex 10.000000000000004 100.0 21.0
    vertex 10.000000000000004 81.25405013070272 11.542839330277664
    vertex 10.000000000000004 81.36593055069122 11.306976829983403
  endloop
endfacet
facet normal 1.0 -0.0 0.0
  outer loop
    vertex 10.000000000000004 100.0 21.0
    vertex 10.000000000000004 81.36593055069122 11.306976829983403
    vertex 10.000000000000004 81.41295303071253 11.05019436602897
  endloop
endfacet
facet normal 1.0 -0.0 0.0
  outer loop
    vertex 10.000000000000004 100.0 21.0
    vertex 10.000000000000004 81.41295303071253 11.05019436602897
    vertex 10.000000000000004 89.9469763373379 11.738417335436282
  endloop
endfacet
facet normal 1.0 -0.0 0.0
  outer loop
    vertex 10.000000000000004 89.9469763373379 11.738417335436282
    vertex 10.000000000000004 81.41295303071253 11.05019436602897
    vertex 10.000000000000004 89.77883758250206 11.538723303116544
  endloop
endfacet
facet normal 1.0 -0.0 0.0
  outer loop
    vertex 10.000000000000004 89.77883758250206 11.538723303116544
    vertex 10.000000000000004 81.41295303071253 11.05019436602897
    vertex 10.000000000000004 89.6681126355637 11.302316167971767
  endloop
endfacet
facet normal 1.0 -0.0 0.0
  outer loop
    vertex 10.000000000000004 89.6681126355637 11.302316167971767
    vertex 10.000000000000004 81.41295303071253 11.05019436602897
    vertex 10.000000000000004 89.62234721867505 11.045306685580805
  endloop
endfacet
facet normal 1.0 -0.0 0.0
  outer loop
    vertex 10.000000000000004 100.0 21.0
    vertex 10.000000000000004 89.9469763373379 11.738417335436282
    vertex 10.000000000000004 90.1610705217916 11.887789446638381
  endloop
endfacet
facet normal 1.0 -0.0 0.0
  outer loop
    vertex 10.000000000000004 100.0 21.0
    vertex 10.000000000000004 90.1610705217916 11.887789446638381
    vertex 10.000000000000004 90.40652997099998 11.976660174193503
  endloop
endfacet
facet normal 1.0 -0.0 0.0
  outer loop
    vertex 10.000000000000004 100.0 21.0
    vertex 10.000000000000004 90.40652997099998 11.976660174193503
    vertex 10.000000000000004 90.62132034355965 11.995086399488432
  endloop
endfacet
facet normal 1.0 -0.0 0.0
  outer loop
    vertex 10.000000000000004 100.0 21.0
    vertex 10.000000000000004 90.62132034355965 11.995086399488432
    vertex 10.000000000000004 90.66662702914044 11.998973124884591
  endloop
endfacet
facet normal 1.0 -0.0 0.0
  outer loop
    vertex 10.000000000000004 100.0 21.0
    vertex 10.000000000000004 90.66662702914044 11.998973124884591
    vertex 10.000000000000004 90.92363651153141 11.953207707995938
  endloop
endfacet
facet normal 1.0 -0.0 0.0
  outer loop
    vertex 10.000000000000004 100.0 21.0
    vertex 10.000000000000004 90.92363651153141 11.953207707995938
    vertex 10.000000000000004 91.16004364667619 11.842482761057578
  endloop
endfacet
facet normal 1.0 -0.0 0.0
  outer loop
    vertex 10.000000000000004 100.0 21.0
    vertex 10.000000000000004 91.16004364667619 11.842482761057578
    vertex 10.000000000000004 91.35973767899593 11.674344006221737
  endloop
endfacet
facet normal 1.0 -0.0 0.0
  outer loop
    vertex 10.000000000000004 100.0 21.0
    vertex 10.000000000000004 91.35973767899593 11.674344006221737
    vertex 10.000000000000004 91.50910979019802 11.460249821768047
  endloop
endfacet
facet normal 1.0 -0.0 0.0
  outer loop
    vertex 10.000000000000004 100.0 21.0
    vertex 10.000000000000004 91.50910979019802 11.460249821768047
    vertex 10.000000000000004 91.59798051775314 11.214790372559655
  endloop
endfacet
facet normal 1.0 -0.0 0.0
  outer loop
    vertex 10.000000000000004 100.0 21.0
    vertex 10.000000000000004 91.59798051775314 11.214790372559655
    vertex 10.000000000000004 91.61640674304807 11.000000000000002
  endloop
endfacet
facet normal 1.0 -0.0 0.0
  outer loop
    vertex 10.000000000000004 100.0 21.0
    vertex 10.000000000000004 91.61640674304807 11.000000000000002
    vertex 10.000000000000004 91.62029346844423 10.954693314419197
  endloop
endfacet
facet normal 1.0 -0.0 0.0
  outer loop
    vertex 10.000000000000004 100.0 21.0
    vertex 10.000000000000004 91.62029346844423 10.954693314419197
    vertex 10.000000000000004 100.0 0.9999999999999999
  endloop
endfacet
facet normal 0.7071067811865478 -0.7071067811865474 0.0
  outer loop
    vertex 20.000000000000004 110.0 0.9999999999999999
    vertex 10.000000000000004 100.0 21.0
    vertex 10.000000000000004 100.0 0.9999999999999999
  endloop
endfacet
facet normal 0.7071067811865478 -0.7071067811865474 0.0
  outer loop
    vertex 10.000000000000004 100.0 21.0
    vertex 20.000000000000004 110.0 0.9999999999999999
    vertex 20.000000000000004 110.0 21.0
  endloop
endfacet
facet normal 0.0 -1.0 0.0
  outer loop
    vertex 100.0 110.0 21.0
    vertex 20.000000000000004 110.0 0.9999999999999999
    vertex 100.0 110.0 0.9999999999999999
  endloop
endfacet
facet normal 0.0 -1.0 0.0
  outer loop
    vertex 20.000000000000004 110.0 0.9999999999999999
    vertex 100.0 110.0 21.0
    vertex 20.000000000000004 110.0 21.0
  endloop
endfacet
facet normal -0.7071067811865476 -0.7071067811865476 -0.0
  outer loop
    vertex 100.0 110.0 21.0
    vertex 110.0 100.0 0.9999999999999999
    vertex 110.0 100.0 21.0
  endloop
endfacet
facet normal -0.7071067811865476 -0.7071067811865476 -0.0
  outer loop
    vertex 110.0 100.0 0.9999999999999999
    vertex 100.0 110.0 21.0
    vertex 100.0 110.0 0.9999999999999999
  endloop
endfacet
facet normal -1.0 2.988517087740887e-31 -4.038014398429476e-29
  outer loop
    vertex 110.0 20.000000000000004 21.0
    vertex 110.0 29.19971736896532 11.599622973596086
    vertex 110.0 20.000000000000004 0.9999999999999999
  endloop
endfacet
facet normal -1.0 2.988517087740887e-31 -4.038014398429476e-29
  outer loop
    vertex 110.0 29.19971736896532 11.599622973596086
    vertex 110.0 20.000000000000004 21.0
    vertex 110.0 29.38218018380071 11.786319702609237
  endloop
endfacet
facet normal -1.0 2.988517087740887e-31 -4.038014398429476e-29
  outer loop
    vertex 110.0 29.38218018380071 11.786319702609237
    vertex 110.0 20.000000000000004 21.0
    vertex 110.0 29.60674639811456 11.919430043344317
  endloop
endfacet
facet normal -1.0 2.988517087740887e-31 -4.038014398429476e-29
  outer loop
    vertex 110.0 29.60674639811456 11.919430043344317
    vertex 110.0 20.000000000000004 21.0
    vertex 110.0 29.858112195514597 11.98988274605547
  endloop
endfacet
facet normal -1.0 2.988517087740887e-31 -4.038014398429476e-29
  outer loop
    vertex 110.0 29.858112195514597 11.98988274605547
    vertex 110.0 20.000000000000004 21.0
    vertex 110.0 100.0 21.0
  endloop
endfacet
facet normal -1.0 2.988517087740887e-31 -4.038014398429476e-29
  outer loop
    vertex 110.0 20.000000000000004 0.9999999999999999
    vertex 110.0 29.19971736896532 11.599622973596086
    vertex 110.0 29.071792492905367 11.372062929856178
  endloop
endfacet
facet normal -1.0 2.988517087740887e-31 -4.038014398429476e-29
  outer loop
    vertex 110.0 20.000000000000004 0.9999999999999999
    vertex 110.0 29.071792492905367 11.372062929856178
    vertex 110.0 29.00712342451848 11.119147412309635
  endloop
endfacet
facet normal -1.0 2.988517087740887e-31 -4.038014398429476e-29
  outer loop
    vertex 110.0 29.858112195514597 11.98988274605547
    vertex 110.0 100.0 21.0
    vertex 110.0 30.0 11.991510066267212
  endloop
endfacet
facet normal -1.0 2.988517087740887e-31 -4.038014398429476e-29
  outer loop
    vertex 110.0 30.0 11.991510066267212
    vertex 110.0 100.0 21.0
    vertex 110.0 30.11914741230964 11.992876575481526
  endloop
endfacet
facet normal -1.0 2.988517087740887e-31 -4.038014398429476e-29
  outer loop
    vertex 110.0 30.11914741230964 11.992876575481526
    vertex 110.0 100.0 21.0
    vertex 110.0 30.37206292985618 11.928207507094637
  endloop
endfacet
facet normal -1.0 2.988517087740887e-31 -4.038014398429476e-29
  outer loop
    vertex 110.0 30.37206292985618 11.928207507094637
    vertex 110.0 100.0 21.0
    vertex 110.0 30.599622973596087 11.800282631034682
  endloop
endfacet
facet normal -1.0 2.988517087740887e-31 -4.038014398429476e-29
  outer loop
    vertex 110.0 30.599622973596087 11.800282631034682
    vertex 110.0 100.0 21.0
    vertex 110.0 30.78631970260924 11.617819816199292
  endloop
endfacet
facet normal -1.0 2.988517087740887e-31 -4.038014398429476e-29
  outer loop
    vertex 110.0 30.78631970260924 11.617819816199292
    vertex 110.0 100.0 21.0
    vertex 110.0 30.91943004334432 11.39325360188544
  endloop
endfacet
facet normal -1.0 2.988517087740887e-31 -4.038014398429476e-29
  outer loop
    vertex 110.0 30.91943004334432 11.39325360188544
    vertex 110.0 100.0 21.0
    vertex 110.0 30.989882746055468 11.141887804485402
  endloop
endfacet
facet normal -1.0 2.988517087740887e-31 -4.038014398429476e-29
  outer loop
    vertex 110.0 30.989882746055468 11.141887804485402
    vertex 110.0 100.0 21.0
    vertex 110.0 30.99151006626721 11.000000000000002
  endloop
endfacet
facet normal -1.0 2.988517087740887e-31 -4.038014398429476e-29
  outer loop
    vertex 110.0 30.99151006626721 11.000000000000002
    vertex 110.0 100.0 21.0
    vertex 110.0 30.992876575481525 10.880852587690367
  endloop
endfacet
facet normal -1.0 2.988517087740887e-31 -4.038014398429476e-29
  outer loop
    vertex 110.0 30.992876575481525 10.880852587690367
    vertex 110.0 100.0 21.0
    vertex 110.0 39.89947260845676 11.994934291071283
  endloop
endfacet
facet normal -1.0 2.988517087740887e-31 -4.038014398429476e-29
  outer loop
    vertex 110.0 30.992876575481525 10.880852587690367
    vertex 110.0 39.89947260845676 11.994934291071283
    vertex 110.0 39.64539005310409 11.93501432372049
  endloop
endfacet
facet normal -1.0 2.988517087740887e-31 -4.038014398429476e-29
  outer loop
    vertex 110.0 30.992876575481525 10.880852587690367
    vertex 110.0 39.64539005310409 11.93501432372049
    vertex 110.0 39.415473579611735 11.811374675392372
  endloop
endfacet
facet normal -1.0 2.988517087740887e-31 -4.038014398429476e-29
  outer loop
    vertex 110.0 30.992876575481525 10.880852587690367
    vertex 110.0 39.415473579611735 11.811374675392372
    vertex 110.0 39.22539161569325 11.632441183796313
  endloop
endfacet
facet normal -1.0 2.988517087740887e-31 -4.038014398429476e-29
  outer loop
    vertex 110.0 30.992876575481525 10.880852587690367
    vertex 110.0 39.22539161569325 11.632441183796313
    vertex 110.0 39.08809793306439 11.410407870683008
  endloop
endfacet
facet normal -1.0 2.988517087740887e-31 -4.038014398429476e-29
  outer loop
    vertex 110.0 30.992876575481525 10.880852587690367
    vertex 110.0 39.08809793306439 11.410407870683008
    vertex 110.0 39.01294886930778 11.160405939413732
  endloop
endfacet
facet normal -1.0 2.988517087740887e-31 -4.038014398429476e-29
  outer loop
    vertex 110.0 30.992876575481525 10.880852587690367
    vertex 110.0 39.01294886930778 11.160405939413732
    vertex 110.0 39.00810278183588 11.000000000000002
  endloop
endfacet
facet normal -1.0 2.988517087740887e-31 -4.038014398429476e-29
  outer loop
    vertex 110.0 30.992876575481525 10.880852587690367
    vertex 110.0 39.00810278183588 11.000000000000002
    vertex 110.0 39.005065708928726 10.899472608456758
  endloop
endfacet
facet normal -1.0 2.988517087740887e-31 -4.038014398429476e-29
  outer loop
    vertex 110.0 39.89947260845676 11.994934291071283
    vertex 110.0 100.0 21.0
    vertex 110.0 40.00000000000001 11.991897218164127
  endloop
endfacet
facet normal -1.0 2.988517087740887e-31 -4.038014398429476e-29
  outer loop
    vertex 110.0 40.00000000000001 11.991897218164127
    vertex 110.0 100.0 21.0
    vertex 110.0 40.16040593941374 11.987051130692228
  endloop
endfacet
facet normal -1.0 2.988517087740887e-31 -4.038014398429476e-29
  outer loop
    vertex 110.0 40.16040593941374 11.987051130692228
    vertex 110.0 100.0 21.0
    vertex 110.0 40.41040787068301 11.911902066935614
  endloop
endfacet
facet normal -1.0 2.988517087740887e-31 -4.038014398429476e-29
  outer loop
    vertex 110.0 40.41040787068301 11.911902066935614
    vertex 110.0 100.0 21.0
    vertex 110.0 40.63244118379632 11.774608384306758
  endloop
endfacet
facet normal -1.0 2.988517087740887e-31 -4.038014398429476e-29
  outer loop
    vertex 110.0 40.63244118379632 11.774608384306758
    vertex 110.0 100.0 21.0
    vertex 110.0 40.81137467539238 11.584526420388276
  endloop
endfacet
facet normal -1.0 2.988517087740887e-31 -4.038014398429476e-29
  outer loop
    vertex 110.0 40.81137467539238 11.584526420388276
    vertex 110.0 100.0 21.0
    vertex 110.0 40.93501432372049 11.354609946895916
  endloop
endfacet
facet normal -1.0 2.988517087740887e-31 -4.038014398429476e-29
  outer loop
    vertex 110.0 40.93501432372049 11.354609946895916
    vertex 110.0 100.0 21.0
    vertex 110.0 40.99493429107129 11.100527391543244
  endloop
endfacet
facet normal -1.0 2.988517087740887e-31 -4.038014398429476e-29
  outer loop
    vertex 110.0 40.99493429107129 11.100527391543244
    vertex 110.0 100.0 21.0
    vertex 110.0 49.74118095489749 11.965925826289068
  endloop
endfacet
facet normal -1.0 2.988517087740887e-31 -4.038014398429476e-29
  outer loop
    vertex 110.0 40.99493429107129 11.100527391543244
    vertex 110.0 49.74118095489749 11.965925826289068
    vertex 110.0 49.50000000000001 11.86602540378444
  endloop
endfacet
facet normal -1.0 2.988517087740887e-31 -4.038014398429476e-29
  outer loop
    vertex 110.0 40.99493429107129 11.100527391543244
    vertex 110.0 49.50000000000001 11.86602540378444
    vertex 110.0 49.29289321881346 11.707106781186548
  endloop
endfacet
facet normal -1.0 2.988517087740887e-31 -4.038014398429476e-29
  outer loop
    vertex 110.0 40.99493429107129 11.100527391543244
    vertex 110.0 49.29289321881346 11.707106781186548
    vertex 110.0 49.133974596215566 11.5
  endloop
endfacet
facet normal -1.0 2.988517087740887e-31 -4.038014398429476e-29
  outer loop
    vertex 110.0 40.99493429107129 11.100527391543244
    vertex 110.0 49.133974596215566 11.5
    vertex 110.0 49.03407417371094 11.258819045102522
  endloop
endfacet
facet normal -1.0 2.988517087740887e-31 -4.038014398429476e-29
  outer loop
    vertex 110.0 40.99493429107129 11.100527391543244
    vertex 110.0 49.03407417371094 11.258819045102522
    vertex 110.0 49.00000000000001 11.000000000000002
  endloop
endfacet
facet normal -1.0 2.988517087740887e-31 -4.038014398429476e-29
  outer loop
    vertex 110.0 49.74118095489749 11.965925826289068
    vertex 110.0 100.0 21.0
    vertex 110.0 50.00000000000001 12.0
  endloop
endfacet
facet normal -1.0 2.988517087740887e-31 -4.038014398429476e-29
  outer loop
    vertex 110.0 50.00000000000001 12.0
    vertex 110.0 100.0 21.0
    vertex 110.0 50.25881904510253 11.965925826289068
  endloop
endfacet
facet normal -1.0 2.988517087740887e-31 -4.038014398429476e-29
  outer loop
    vertex 110.0 50.25881904510253 11.965925826289068
    vertex 110.0 100.0 21.0
    vertex 110.0 50.5 11.866025403784437
  endloop
endfacet
facet normal -1.0 2.988517087740887e-31 -4.038014398429476e-29
  outer loop
    vertex 110.0 50.5 11.866025403784437
    vertex 110.0 100.0 21.0
    vertex 110.0 50.70710678118655 11.707106781186548
  endloop
endfacet
facet normal -1.0 2.988517087740887e-31 -4.038014398429476e-29
  outer loop
    vertex 110.0 50.70710678118655 11.707106781186548
    vertex 110.0 100.0 21.0
    vertex 110.0 50.86602540378444 11.5
  endloop
endfacet
facet normal -1.0 2.988517087740887e-31 -4.038014398429476e-29
  outer loop
    vertex 110.0 50.86602540378444 11.5
    vertex 110.0 100.0 21.0
    vertex 110.0 50.96592582628907 11.258819045102522
  endloop
endfacet
facet normal -1.0 2.988517087740887e-31 -4.038014398429476e-29
  outer loop
    vertex 110.0 50.96592582628907 11.258819045102522
    vertex 110.0 100.0 21.0
    vertex 110.0 51.0 11.000000000000002
  endloop
endfacet
facet normal -1.0 2.988517087740887e-31 -4.038014398429476e-29
  outer loop
    vertex 110.0 51.0 11.000000000000002
    vertex 110.0 100.0 21.0
    vertex 110.0 59.74118095489748 11.965925826289068
  endloop
endfacet
facet normal -1.0 2.988517087740887e-31 -4.038014398429476e-29
  outer loop
    vertex 110.0 51.0 11.000000000000002
    vertex 110.0 59.74118095489748 11.965925826289068
    vertex 110.0 59.50000000000001 11.86602540378444
  endloop
endfacet
facet normal -1.0 2.988517087740887e-31 -4.038014398429476e-29
  outer loop
    vertex 110.0 51.0 11.000000000000002
    vertex 110.0 59.50000000000001 11.86602540378444
    vertex 110.0 59.292893218813454 11.707106781186548
  endloop
endfacet
facet normal -1.0 2.988517087740887e-31 -4.038014398429476e-29
  outer loop
    vertex 110.0 51.0 11.000000000000002
    vertex 110.0 59.292893218813454 11.707106781186548
    vertex 110.0 59.133974596215566 11.5
  endloop
endfacet
facet normal -1.0 2.988517087740887e-31 -4.038014398429476e-29
  outer loop
    vertex 110.0 51.0 11.000000000000002
    vertex 110.0 59.133974596215566 11.5
    vertex 110.0 59.03407417371094 11.258819045102522
  endloop
endfacet
facet normal -1.0 2.988517087740887e-31 -4.038014398429476e-29
  outer loop
    vertex 110.0 51.0 11.000000000000002
    vertex 110.0 59.03407417371094 11.258819045102522
    vertex 110.0 59.00000000000001 11.000000000000002
  endloop
endfacet
facet normal -1.0 2.988517087740887e-31 -4.038014398429476e-29
  outer loop
    vertex 110.0 59.74118095489748 11.965925826289068
    vertex 110.0 100.0 21.0
    vertex 110.0 60.0 12.0
  endloop
endfacet
facet normal -1.0 2.988517087740887e-31 -4.038014398429476e-29
  outer loop
    vertex 110.0 60.0 12.0
    vertex 110.0 100.0 21.0
    vertex 110.0 60.25881904510253 11.965925826289068
  endloop
endfacet
facet normal -1.0 2.988517087740887e-31 -4.038014398429476e-29
  outer loop
    vertex 110.0 60.25881904510253 11.965925826289068
    vertex 110.0 100.0 21.0
    vertex 110.0 60.5 11.866025403784437
  endloop
endfacet
facet normal -1.0 2.988517087740887e-31 -4.038014398429476e-29
  outer loop
    vertex 110.0 60.5 11.866025403784437
    vertex 110.0 100.0 21.0
    vertex 110.0 60.70710678118655 11.707106781186548
  endloop
endfacet
facet normal -1.0 2.988517087740887e-31 -4.038014398429476e-29
  outer loop
    vertex 110.0 60.70710678118655 11.707106781186548
    vertex 110.0 100.0 21.0
    vertex 110.0 60.866025403784434 11.5
  endloop
endfacet
facet normal -1.0 2.988517087740887e-31 -4.038014398429476e-29
  outer loop
    vertex 110.0 60.866025403784434 11.5
    vertex 110.0 100.0 21.0
    vertex 110.0 60.96592582628907 11.258819045102522
  endloop
endfacet
facet normal -1.0 2.988517087740887e-31 -4.038014398429476e-29
  outer loop
    vertex 110.0 60.96592582628907 11.258819045102522
    vertex 110.0 100.0 21.0
    vertex 110.0 61.0 11.000000000000002
  endloop
endfacet
facet normal -1.0 2.988517087740887e-31 -4.038014398429476e-29
  outer loop
    vertex 110.0 61.0 11.000000000000002
    vertex 110.0 100.0 21.0
    vertex 110.0 69.74118095489749 11.965925826289068
  endloop
endfacet
facet normal -1.0 2.988517087740887e-31 -4.038014398429476e-29
  outer loop
    vertex 110.0 61.0 11.000000000000002
    vertex 110.0 69.74118095489749 11.965925826289068
    vertex 110.0 69.50000000000001 11.86602540378444
  endloop
endfacet
facet normal -1.0 2.988517087740887e-31 -4.038014398429476e-29
  outer loop
    vertex 110.0 61.0 11.000000000000002
    vertex 110.0 69.50000000000001 11.86602540378444
    vertex 110.0 69.29289321881346 11.707106781186548
  endloop
endfacet
facet normal -1.0 2.988517087740887e-31 -4.038014398429476e-29
  outer loop
    vertex 110.0 61.0 11.000000000000002
    vertex 110.0 69.29289321881346 11.707106781186548
    vertex 110.0 69.13397459621558 11.5
  endloop
endfacet
facet normal -1.0 2.988517087740887e-31 -4.038014398429476e-29
  outer loop
    vertex 110.0 61.0 11.000000000000002
    vertex 110.0 69.13397459621558 11.5
    vertex 110.0 69.03407417371095 11.258819045102522
  endloop
endfacet
facet normal -1.0 2.988517087740887e-31 -4.038014398429476e-29
  outer loop
    vertex 110.0 61.0 11.000000000000002
    vertex 110.0 69.03407417371095 11.258819045102522
    vertex 110.0 69.00000000000001 11.000000000000002
  endloop
endfacet
facet normal -1.0 2.988517087740887e-31 -4.038014398429476e-29
  outer loop
    vertex 110.0 69.74118095489749 11.965925826289068
    vertex 110.0 100.0 21.0
    vertex 110.0 70.0 12.0
  endloop
endfacet
facet normal -1.0 2.988517087740887e-31 -4.038014398429476e-29
  outer loop
    vertex 110.0 70.0 12.0
    vertex 110.0 100.0 21.0
    vertex 110.0 70.25881904510253 11.965925826289068
  endloop
endfacet
facet normal -1.0 2.988517087740887e-31 -4.038014398429476e-29
  outer loop
    vertex 110.0 70.25881904510253 11.965925826289068
    vertex 110.0 100.0 21.0
    vertex 110.0 70.5 11.866025403784437
  endloop
endfacet
facet normal -1.0 2.988517087740887e-31 -4.038014398429476e-29
  outer loop
    vertex 110.0 70.5 11.866025403784437
    vertex 110.0 100.0 21.0
    vertex 110.0 70.70710678118655 11.707106781186548
  endloop
endfacet
facet normal -1.0 2.988517087740887e-31 -4.038014398429476e-29
  outer loop
    vertex 110.0 70.70710678118655 11.707106781186548
    vertex 110.0 100.0 21.0
    vertex 110.0 70.86602540378443 11.5
  endloop
endfacet
facet normal -1.0 2.988517087740887e-31 -4.038014398429476e-29
  outer loop
    vertex 110.0 70.86602540378443 11.5
    vertex 110.0 100.0 21.0
    vertex 110.0 70.96592582628908 11.258819045102522
  endloop
endfacet
facet normal -1.0 2.988517087740887e-31 -4.038014398429476e-29
  outer loop
    vertex 110.0 70.96592582628908 11.258819045102522
    vertex 110.0 100.0 21.0
    vertex 110.0 71.0 11.000000000000002
  endloop
endfacet
facet normal -1.0 2.988517087740887e-31 -4.038014398429476e-29
  outer loop
    vertex 110.0 71.0 11.000000000000002
    vertex 110.0 100.0 21.0
    vertex 110.0 79.5 11.86602540378444
  endloop
endfacet
facet normal -1.0 2.988517087740887e-31 -4.038014398429476e-29
  outer loop
    vertex 110.0 71.0 11.000000000000002
    vertex 110.0 79.5 11.86602540378444
    vertex 110.0 79.29289321881345 11.707106781186548
  endloop
endfacet
facet normal -1.0 2.988517087740887e-31 -4.038014398429476e-29
  outer loop
    vertex 110.0 71.0 11.000000000000002
    vertex 110.0 79.29289321881345 11.707106781186548
    vertex 110.0 79.13397459621557 11.5
  endloop
endfacet
facet normal -1.0 2.988517087740887e-31 -4.038014398429476e-29
  outer loop
    vertex 110.0 71.0 11.000000000000002
    vertex 110.0 79.13397459621557 11.5
    vertex 110.0 79.03407417371093 11.258819045102522
  endloop
endfacet
facet normal -1.0 2.988517087740887e-31 -4.038014398429476e-29
  outer loop
    vertex 110.0 71.0 11.000000000000002
    vertex 110.0 79.03407417371093 11.258819045102522
    vertex 110.0 79.0 11.000000000000002
  endloop
endfacet
facet normal -1.0 2.988517087740887e-31 -4.038014398429476e-29
  outer loop
    vertex 110.0 79.5 11.86602540378444
    vertex 110.0 100.0 21.0
    vertex 110.0 79.74118095489747 11.965925826289068
  endloop
endfacet
facet normal -1.0 2.988517087740887e-31 -4.038014398429476e-29
  outer loop
    vertex 110.0 79.74118095489747 11.965925826289068
    vertex 110.0 100.0 21.0
    vertex 110.0 80.0 12.0
  endloop
endfacet
facet normal -1.0 2.988517087740887e-31 -4.038014398429476e-29
  outer loop
    vertex 110.0 80.0 12.0
    vertex 110.0 100.0 21.0
    vertex 110.0 80.25881904510253 11.965925826289068
  endloop
endfacet
facet normal -1.0 2.988517087740887e-31 -4.038014398429476e-29
  outer loop
    vertex 110.0 80.25881904510253 11.965925826289068
    vertex 110.0 100.0 21.0
    vertex 110.0 80.5 11.866025403784437
  endloop
endfacet
facet normal -1.0 2.988517087740887e-31 -4.038014398429476e-29
  outer loop
    vertex 110.0 80.5 11.866025403784437
    vertex 110.0 100.0 21.0
    vertex 110.0 80.70710678118655 11.707106781186548
  endloop
endfacet
facet normal -1.0 2.988517087740887e-31 -4.038014398429476e-29
  outer loop
    vertex 110.0 80.70710678118655 11.707106781186548
    vertex 110.0 100.0 21.0
    vertex 110.0 80.86602540378443 11.5
  endloop
endfacet
facet normal -1.0 2.988517087740887e-31 -4.038014398429476e-29
  outer loop
    vertex 110.0 80.86602540378443 11.5
    vertex 110.0 100.0 21.0
    vertex 110.0 80.96592582628907 11.258819045102522
  endloop
endfacet
facet normal -1.0 2.988517087740887e-31 -4.038014398429476e-29
  outer loop
    vertex 110.0 80.96592582628907 11.258819045102522
    vertex 110.0 100.0 21.0
    vertex 110.0 81.0 11.000000000000002
  endloop
endfacet
facet normal -1.0 2.988517087740887e-31 -4.038014398429476e-29
  outer loop
    vertex 110.0 81.0 11.000000000000002
    vertex 110.0 100.0 21.0
    vertex 110.0 89.37960206884095 11.784287196767597
  endloop
endfacet
facet normal -1.0 2.988517087740887e-31 -4.038014398429476e-29
  outer loop
    vertex 110.0 81.0 11.000000000000002
    vertex 110.0 89.37960206884095 11.784287196767597
    vertex 110.0 89.19775315236363 11.596992458459512
  endloop
endfacet
facet normal -1.0 2.988517087740887e-31 -4.038014398429476e-29
  outer loop
    vertex 110.0 81.0 11.000000000000002
    vertex 110.0 89.19775315236363 11.596992458459512
    vertex 110.0 89.07057603277715 11.369013670684097
  endloop
endfacet
facet normal -1.0 2.988517087740887e-31 -4.038014398429476e-29
  outer loop
    vertex 110.0 81.0 11.000000000000002
    vertex 110.0 89.07057603277715 11.369013670684097
    vertex 110.0 89.00673762061118 11.115887211075487
  endloop
endfacet
facet normal -1.0 2.988517087740887e-31 -4.038014398429476e-29
  outer loop
    vertex 110.0 89.37960206884095 11.784287196767597
    vertex 110.0 100.0 21.0
    vertex 110.0 89.60373007907069 11.918134058711841
  endloop
endfacet
facet normal -1.0 2.988517087740887e-31 -4.038014398429476e-29
  outer loop
    vertex 110.0 89.60373007907069 11.918134058711841
    vertex 110.0 100.0 21.0
    vertex 110.0 89.85486322954475 11.989411601843146
  endloop
endfacet
facet normal -1.0 2.988517087740887e-31 -4.038014398429476e-29
  outer loop
    vertex 110.0 89.85486322954475 11.989411601843146
    vertex 110.0 100.0 21.0
    vertex 110.0 90.0 11.991552743869422
  endloop
endfacet
facet normal -1.0 2.988517087740887e-31 -4.038014398429476e-29
  outer loop
    vertex 110.0 90.0 11.991552743869422
    vertex 110.0 100.0 21.0
    vertex 110.0 90.11588721107547 11.993262379388824
  endloop
endfacet
facet normal -1.0 2.988517087740887e-31 -4.038014398429476e-29
  outer loop
    vertex 110.0 90.11588721107547 11.993262379388824
    vertex 110.0 100.0 21.0
    vertex 110.0 90.3690136706841 11.929423967222846
  endloop
endfacet
facet normal -1.0 2.988517087740887e-31 -4.038014398429476e-29
  outer loop
    vertex 110.0 90.3690136706841 11.929423967222846
    vertex 110.0 100.0 21.0
    vertex 110.0 90.59699245845951 11.802246847636356
  endloop
endfacet
facet normal -1.0 2.988517087740887e-31 -4.038014398429476e-29
  outer loop
    vertex 110.0 90.59699245845951 11.802246847636356
    vertex 110.0 100.0 21.0
    vertex 110.0 90.78428719676758 11.62039793115905
  endloop
endfacet
facet normal -1.0 2.988517087740887e-31 -4.038014398429476e-29
  outer loop
    vertex 110.0 90.78428719676758 11.62039793115905
    vertex 110.0 100.0 21.0
    vertex 110.0 90.91813405871183 11.396269920929312
  endloop
endfacet
facet normal -1.0 2.988517087740887e-31 -4.038014398429476e-29
  outer loop
    vertex 110.0 90.91813405871183 11.396269920929312
    vertex 110.0 100.0 21.0
    vertex 110.0 90.98941160184313 11.145136770455249
  endloop
endfacet
facet normal -1.0 2.988517087740887e-31 -4.038014398429476e-29
  outer loop
    vertex 110.0 90.98941160184313 11.145136770455249
    vertex 110.0 100.0 21.0
    vertex 110.0 90.9915527438694 11.000000000000002
  endloop
endfacet
facet normal -1.0 2.988517087740887e-31 -4.038014398429476e-29
  outer loop
    vertex 110.0 90.9915527438694 11.000000000000002
    vertex 110.0 100.0 21.0
    vertex 110.0 90.99326237938881 10.884112788924515
  endloop
endfacet
facet normal -1.0 2.988517087740887e-31 -4.038014398429476e-29
  outer loop
    vertex 110.0 20.000000000000004 0.9999999999999999
    vertex 110.0 29.880852587690363 10.007123424518475
    vertex 110.0 100.0 0.9999999999999999
  endloop
endfacet
facet normal -1.0 2.988517087740887e-31 -4.038014398429476e-29
  outer loop
    vertex 110.0 29.880852587690363 10.007123424518475
    vertex 110.0 20.000000000000004 0.9999999999999999
    vertex 110.0 29.627937070143822 10.071792492905365
  endloop
endfacet
facet normal -1.0 2.988517087740887e-31 -4.038014398429476e-29
  outer loop
    vertex 110.0 29.627937070143822 10.071792492905365
    vertex 110.0 20.000000000000004 0.9999999999999999
    vertex 110.0 29.400377026403913 10.19971736896532
  endloop
endfacet
facet normal -1.0 2.988517087740887e-31 -4.038014398429476e-29
  outer loop
    vertex 110.0 29.400377026403913 10.19971736896532
    vertex 110.0 20.000000000000004 0.9999999999999999
    vertex 110.0 29.21368029739077 10.38218018380071
  endloop
endfacet
facet normal -1.0 2.988517087740887e-31 -4.038014398429476e-29
  outer loop
    vertex 110.0 29.21368029739077 10.38218018380071
    vertex 110.0 20.000000000000004 0.9999999999999999
    vertex 110.0 29.080569956655687 10.60674639811456
  endloop
endfacet
facet normal -1.0 2.988517087740887e-31 -4.038014398429476e-29
  outer loop
    vertex 110.0 29.080569956655687 10.60674639811456
    vertex 110.0 20.000000000000004 0.9999999999999999
    vertex 110.0 29.010117253944536 10.8581121955146
  endloop
endfacet
facet normal -1.0 2.988517087740887e-31 -4.038014398429476e-29
  outer loop
    vertex 110.0 29.010117253944536 10.8581121955146
    vertex 110.0 20.000000000000004 0.9999999999999999
    vertex 110.0 29.008489933732793 11.000000000000002
  endloop
endfacet
facet normal -1.0 2.988517087740887e-31 -4.038014398429476e-29
  outer loop
    vertex 110.0 29.008489933732793 11.000000000000002
    vertex 110.0 20.000000000000004 0.9999999999999999
    vertex 110.0 29.00712342451848 11.119147412309635
  endloop
endfacet
facet normal -1.0 2.988517087740887e-31 -4.038014398429476e-29
  outer loop
    vertex 110.0 100.0 0.9999999999999999
    vertex 110.0 29.880852587690363 10.007123424518475
    vertex 110.0 30.141887804485407 10.010117253944534
  endloop
endfacet
facet normal -1.0 2.988517087740887e-31 -4.038014398429476e-29
  outer loop
    vertex 110.0 100.0 0.9999999999999999
    vertex 110.0 30.141887804485407 10.010117253944534
    vertex 110.0 30.39325360188544 10.080569956655685
  endloop
endfacet
facet normal -1.0 2.988517087740887e-31 -4.038014398429476e-29
  outer loop
    vertex 110.0 100.0 0.9999999999999999
    vertex 110.0 30.39325360188544 10.080569956655685
    vertex 110.0 30.617819816199294 10.213680297390765
  endloop
endfacet
facet normal -1.0 2.988517087740887e-31 -4.038014398429476e-29
  outer loop
    vertex 110.0 100.0 0.9999999999999999
    vertex 110.0 30.617819816199294 10.213680297390765
    vertex 110.0 30.800282631034683 10.400377026403916
  endloop
endfacet
facet normal -1.0 2.988517087740887e-31 -4.038014398429476e-29
  outer loop
    vertex 110.0 100.0 0.9999999999999999
    vertex 110.0 30.800282631034683 10.400377026403916
    vertex 110.0 30.928207507094637 10.627937070143822
  endloop
endfacet
facet normal -1.0 2.988517087740887e-31 -4.038014398429476e-29
  outer loop
    vertex 110.0 100.0 0.9999999999999999
    vertex 110.0 30.928207507094637 10.627937070143822
    vertex 110.0 30.992876575481525 10.880852587690367
  endloop
endfacet
facet normal -1.0 2.988517087740887e-31 -4.038014398429476e-29
  outer loop
    vertex 110.0 100.0 0.9999999999999999
    vertex 110.0 30.992876575481525 10.880852587690367
    vertex 110.0 39.83959406058628 10.012948869307776
  endloop
endfacet
facet normal -1.0 2.988517087740887e-31 -4.038014398429476e-29
  outer loop
    vertex 110.0 39.83959406058628 10.012948869307776
    vertex 110.0 30.992876575481525 10.880852587690367
    vertex 110.0 39.589592129317 10.088097933064388
  endloop
endfacet
facet normal -1.0 2.988517087740887e-31 -4.038014398429476e-29
  outer loop
    vertex 110.0 39.589592129317 10.088097933064388
    vertex 110.0 30.992876575481525 10.880852587690367
    vertex 110.0 39.3675588162037 10.225391615693244
  endloop
endfacet
facet normal -1.0 2.988517087740887e-31 -4.038014398429476e-29
  outer loop
    vertex 110.0 39.3675588162037 10.225391615693244
    vertex 110.0 30.992876575481525 10.880852587690367
    vertex 110.0 39.188625324607635 10.415473579611728
  endloop
endfacet
facet normal -1.0 2.988517087740887e-31 -4.038014398429476e-29
  outer loop
    vertex 110.0 39.188625324607635 10.415473579611728
    vertex 110.0 30.992876575481525 10.880852587690367
    vertex 110.0 39.06498567627952 10.645390053104087
  endloop
endfacet
facet normal -1.0 2.988517087740887e-31 -4.038014398429476e-29
  outer loop
    vertex 110.0 39.06498567627952 10.645390053104087
    vertex 110.0 30.992876575481525 10.880852587690367
    vertex 110.0 39.005065708928726 10.899472608456758
  endloop
endfacet
facet normal -1.0 2.988517087740887e-31 -4.038014398429476e-29
  outer loop
    vertex 110.0 100.0 0.9999999999999999
    vertex 110.0 39.83959406058628 10.012948869307776
    vertex 110.0 40.100527391543245 10.005065708928718
  endloop
endfacet
facet normal -1.0 2.988517087740887e-31 -4.038014398429476e-29
  outer loop
    vertex 110.0 100.0 0.9999999999999999
    vertex 110.0 40.100527391543245 10.005065708928718
    vertex 110.0 40.35460994689592 10.064985676279514
  endloop
endfacet
facet normal -1.0 2.988517087740887e-31 -4.038014398429476e-29
  outer loop
    vertex 110.0 100.0 0.9999999999999999
    vertex 110.0 40.35460994689592 10.064985676279514
    vertex 110.0 40.58452642038828 10.18862532460763
  endloop
endfacet
facet normal -1.0 2.988517087740887e-31 -4.038014398429476e-29
  outer loop
    vertex 110.0 100.0 0.9999999999999999
    vertex 110.0 40.58452642038828 10.18862532460763
    vertex 110.0 40.77460838430676 10.36755881620369
  endloop
endfacet
facet normal -1.0 2.988517087740887e-31 -4.038014398429476e-29
  outer loop
    vertex 110.0 100.0 0.9999999999999999
    vertex 110.0 40.77460838430676 10.36755881620369
    vertex 110.0 40.91190206693562 10.589592129316992
  endloop
endfacet
facet normal -1.0 2.988517087740887e-31 -4.038014398429476e-29
  outer loop
    vertex 110.0 100.0 0.9999999999999999
    vertex 110.0 40.91190206693562 10.589592129316992
    vertex 110.0 40.98705113069223 10.83959406058627
  endloop
endfacet
facet normal -1.0 2.988517087740887e-31 -4.038014398429476e-29
  outer loop
    vertex 110.0 100.0 0.9999999999999999
    vertex 110.0 40.98705113069223 10.83959406058627
    vertex 110.0 40.991897218164134 11.000000000000002
  endloop
endfacet
facet normal -1.0 2.988517087740887e-31 -4.038014398429476e-29
  outer loop
    vertex 110.0 100.0 0.9999999999999999
    vertex 110.0 40.991897218164134 11.000000000000002
    vertex 110.0 40.99493429107129 11.100527391543244
  endloop
endfacet
facet normal -1.0 2.988517087740887e-31 -4.038014398429476e-29
  outer loop
    vertex 110.0 100.0 0.9999999999999999
    vertex 110.0 40.99493429107129 11.100527391543244
    vertex 110.0 49.74118095489748 10.034074173710934
  endloop
endfacet
facet normal -1.0 2.988517087740887e-31 -4.038014398429476e-29
  outer loop
    vertex 110.0 49.74118095489748 10.034074173710934
    vertex 110.0 40.99493429107129 11.100527391543244
    vertex 110.0 49.50000000000001 10.133974596215563
  endloop
endfacet
facet normal -1.0 2.988517087740887e-31 -4.038014398429476e-29
  outer loop
    vertex 110.0 49.50000000000001 10.133974596215563
    vertex 110.0 40.99493429107129 11.100527391543244
    vertex 110.0 49.29289321881346 10.292893218813454
  endloop
endfacet
facet normal -1.0 2.988517087740887e-31 -4.038014398429476e-29
  outer loop
    vertex 110.0 49.29289321881346 10.292893218813454
    vertex 110.0 40.99493429107129 11.100527391543244
    vertex 110.0 49.133974596215566 10.500000000000002
  endloop
endfacet
facet normal -1.0 2.988517087740887e-31 -4.038014398429476e-29
  outer loop
    vertex 110.0 49.133974596215566 10.500000000000002
    vertex 110.0 40.99493429107129 11.100527391543244
    vertex 110.0 49.03407417371094 10.741180954897482
  endloop
endfacet
facet normal -1.0 2.988517087740887e-31 -4.038014398429476e-29
  outer loop
    vertex 110.0 49.03407417371094 10.741180954897482
    vertex 110.0 40.99493429107129 11.100527391543244
    vertex 110.0 49.00000000000001 11.000000000000002
  endloop
endfacet
facet normal -1.0 2.988517087740887e-31 -4.038014398429476e-29
  outer loop
    vertex 110.0 100.0 0.9999999999999999
    vertex 110.0 49.74118095489748 10.034074173710934
    vertex 110.0 50.00000000000001 10.000000000000004
  endloop
endfacet
facet normal -1.0 2.988517087740887e-31 -4.038014398429476e-29
  outer loop
    vertex 110.0 100.0 0.9999999999999999
    vertex 110.0 50.00000000000001 10.000000000000004
    vertex 110.0 50.25881904510253 10.034074173710934
  endloop
endfacet
facet normal -1.0 2.988517087740887e-31 -4.038014398429476e-29
  outer loop
    vertex 110.0 100.0 0.9999999999999999
    vertex 110.0 50.25881904510253 10.034074173710934
    vertex 110.0 50.5 10.133974596215563
  endloop
endfacet
facet normal -1.0 2.988517087740887e-31 -4.038014398429476e-29
  outer loop
    vertex 110.0 100.0 0.9999999999999999
    vertex 110.0 50.5 10.133974596215563
    vertex 110.0 50.707106781186546 10.292893218813454
  endloop
endfacet
facet normal -1.0 2.988517087740887e-31 -4.038014398429476e-29
  outer loop
    vertex 110.0 100.0 0.9999999999999999
    vertex 110.0 50.707106781186546 10.292893218813454
    vertex 110.0 50.86602540378444 10.500000000000002
  endloop
endfacet
facet normal -1.0 2.988517087740887e-31 -4.038014398429476e-29
  outer loop
    vertex 110.0 100.0 0.9999999999999999
    vertex 110.0 50.86602540378444 10.500000000000002
    vertex 110.0 50.96592582628907 10.741180954897482
  endloop
endfacet
facet normal -1.0 2.988517087740887e-31 -4.038014398429476e-29
  outer loop
    vertex 110.0 100.0 0.9999999999999999
    vertex 110.0 50.96592582628907 10.741180954897482
    vertex 110.0 51.0 11.000000000000002
  endloop
endfacet
facet normal -1.0 2.988517087740887e-31 -4.038014398429476e-29
  outer loop
    vertex 110.0 100.0 0.9999999999999999
    vertex 110.0 51.0 11.000000000000002
    vertex 110.0 59.74118095489748 10.034074173710934
  endloop
endfacet
facet normal -1.0 2.988517087740887e-31 -4.038014398429476e-29
  outer loop
    vertex 110.0 59.74118095489748 10.034074173710934
    vertex 110.0 51.0 11.000000000000002
    vertex 110.0 59.50000000000001 10.133974596215563
  endloop
endfacet
facet normal -1.0 2.988517087740887e-31 -4.038014398429476e-29
  outer loop
    vertex 110.0 59.50000000000001 10.133974596215563
    vertex 110.0 51.0 11.000000000000002
    vertex 110.0 59.292893218813454 10.292893218813454
  endloop
endfacet
facet normal -1.0 2.988517087740887e-31 -4.038014398429476e-29
  outer loop
    vertex 110.0 59.292893218813454 10.292893218813454
    vertex 110.0 51.0 11.000000000000002
    vertex 110.0 59.133974596215566 10.500000000000002
  endloop
endfacet
facet normal -1.0 2.988517087740887e-31 -4.038014398429476e-29
  outer loop
    vertex 110.0 59.133974596215566 10.500000000000002
    vertex 110.0 51.0 11.000000000000002
    vertex 110.0 59.034074173710934 10.741180954897482
  endloop
endfacet
facet normal -1.0 2.988517087740887e-31 -4.038014398429476e-29
  outer loop
    vertex 110.0 59.034074173710934 10.741180954897482
    vertex 110.0 51.0 11.000000000000002
    vertex 110.0 59.00000000000001 11.000000000000002
  endloop
endfacet
facet normal -1.0 2.988517087740887e-31 -4.038014398429476e-29
  outer loop
    vertex 110.0 100.0 0.9999999999999999
    vertex 110.0 59.74118095489748 10.034074173710934
    vertex 110.0 60.0 10.000000000000004
  endloop
endfacet
facet normal -1.0 2.988517087740887e-31 -4.038014398429476e-29
  outer loop
    vertex 110.0 100.0 0.9999999999999999
    vertex 110.0 60.0 10.000000000000004
    vertex 110.0 60.25881904510253 10.034074173710934
  endloop
endfacet
facet normal -1.0 2.988517087740887e-31 -4.038014398429476e-29
  outer loop
    vertex 110.0 100.0 0.9999999999999999
    vertex 110.0 60.25881904510253 10.034074173710934
    vertex 110.0 60.5 10.133974596215563
  endloop
endfacet
facet normal -1.0 2.988517087740887e-31 -4.038014398429476e-29
  outer loop
    vertex 110.0 100.0 0.9999999999999999
    vertex 110.0 60.5 10.133974596215563
    vertex 110.0 60.70710678118655 10.292893218813454
  endloop
endfacet
facet normal -1.0 2.988517087740887e-31 -4.038014398429476e-29
  outer loop
    vertex 110.0 100.0 0.9999999999999999
    vertex 110.0 60.70710678118655 10.292893218813454
    vertex 110.0 60.866025403784434 10.500000000000002
  endloop
endfacet
facet normal -1.0 2.988517087740887e-31 -4.038014398429476e-29
  outer loop
    vertex 110.0 100.0 0.9999999999999999
    vertex 110.0 60.866025403784434 10.500000000000002
    vertex 110.0 60.965925826289066 10.741180954897482
  endloop
endfacet
facet normal -1.0 2.988517087740887e-31 -4.038014398429476e-29
  outer loop
    vertex 110.0 100.0 0.9999999999999999
    vertex 110.0 60.965925826289066 10.741180954897482
    vertex 110.0 61.0 11.000000000000002
  endloop
endfacet
facet normal -1.0 2.988517087740887e-31 -4.038014398429476e-29
  outer loop
    vertex 110.0 100.0 0.9999999999999999
    vertex 110.0 61.0 11.000000000000002
    vertex 110.0 69.74118095489749 10.034074173710934
  endloop
endfacet
facet normal -1.0 2.988517087740887e-31 -4.038014398429476e-29
  outer loop
    vertex 110.0 69.74118095489749 10.034074173710934
    vertex 110.0 61.0 11.000000000000002
    vertex 110.0 69.50000000000001 10.133974596215563
  endloop
endfacet
facet normal -1.0 2.988517087740887e-31 -4.038014398429476e-29
  outer loop
    vertex 110.0 69.50000000000001 10.133974596215563
    vertex 110.0 61.0 11.000000000000002
    vertex 110.0 69.29289321881346 10.292893218813454
  endloop
endfacet
facet normal -1.0 2.988517087740887e-31 -4.038014398429476e-29
  outer loop
    vertex 110.0 69.29289321881346 10.292893218813454
    vertex 110.0 61.0 11.000000000000002
    vertex 110.0 69.13397459621558 10.500000000000002
  endloop
endfacet
facet normal -1.0 2.988517087740887e-31 -4.038014398429476e-29
  outer loop
    vertex 110.0 69.13397459621558 10.500000000000002
    vertex 110.0 61.0 11.000000000000002
    vertex 110.0 69.03407417371093 10.741180954897482
  endloop
endfacet
facet normal -1.0 2.988517087740887e-31 -4.038014398429476e-29
  outer loop
    vertex 110.0 69.03407417371093 10.741180954897482
    vertex 110.0 61.0 11.000000000000002
    vertex 110.0 69.00000000000001 11.000000000000002
  endloop
endfacet
facet normal -1.0 2.988517087740887e-31 -4.038014398429476e-29
  outer loop
    vertex 110.0 100.0 0.9999999999999999
    vertex 110.0 69.74118095489749 10.034074173710934
    vertex 110.0 70.0 10.000000000000004
  endloop
endfacet
facet normal -1.0 2.988517087740887e-31 -4.038014398429476e-29
  outer loop
    vertex 110.0 100.0 0.9999999999999999
    vertex 110.0 70.0 10.000000000000004
    vertex 110.0 70.25881904510253 10.034074173710934
  endloop
endfacet
facet normal -1.0 2.988517087740887e-31 -4.038014398429476e-29
  outer loop
    vertex 110.0 100.0 0.9999999999999999
    vertex 110.0 70.25881904510253 10.034074173710934
    vertex 110.0 70.5 10.133974596215563
  endloop
endfacet
facet normal -1.0 2.988517087740887e-31 -4.038014398429476e-29
  outer loop
    vertex 110.0 100.0 0.9999999999999999
    vertex 110.0 70.5 10.133974596215563
    vertex 110.0 70.70710678118655 10.292893218813454
  endloop
endfacet
facet normal -1.0 2.988517087740887e-31 -4.038014398429476e-29
  outer loop
    vertex 110.0 100.0 0.9999999999999999
    vertex 110.0 70.70710678118655 10.292893218813454
    vertex 110.0 70.86602540378443 10.500000000000002
  endloop
endfacet
facet normal -1.0 2.988517087740887e-31 -4.038014398429476e-29
  outer loop
    vertex 110.0 100.0 0.9999999999999999
    vertex 110.0 70.86602540378443 10.500000000000002
    vertex 110.0 70.96592582628907 10.741180954897482
  endloop
endfacet
facet normal -1.0 2.988517087740887e-31 -4.038014398429476e-29
  outer loop
    vertex 110.0 100.0 0.9999999999999999
    vertex 110.0 70.96592582628907 10.741180954897482
    vertex 110.0 71.0 11.000000000000002
  endloop
endfacet
facet normal -1.0 2.988517087740887e-31 -4.038014398429476e-29
  outer loop
    vertex 110.0 100.0 0.9999999999999999
    vertex 110.0 71.0 11.000000000000002
    vertex 110.0 79.5 10.133974596215563
  endloop
endfacet
facet normal -1.0 2.988517087740887e-31 -4.038014398429476e-29
  outer loop
    vertex 110.0 79.5 10.133974596215563
    vertex 110.0 71.0 11.000000000000002
    vertex 110.0 79.29289321881345 10.292893218813454
  endloop
endfacet
facet normal -1.0 2.988517087740887e-31 -4.038014398429476e-29
  outer loop
    vertex 110.0 79.29289321881345 10.292893218813454
    vertex 110.0 71.0 11.000000000000002
    vertex 110.0 79.13397459621557 10.500000000000002
  endloop
endfacet
facet normal -1.0 2.988517087740887e-31 -4.038014398429476e-29
  outer loop
    vertex 110.0 79.13397459621557 10.500000000000002
    vertex 110.0 71.0 11.000000000000002
    vertex 110.0 79.03407417371093 10.741180954897482
  endloop
endfacet
facet normal -1.0 2.988517087740887e-31 -4.038014398429476e-29
  outer loop
    vertex 110.0 79.03407417371093 10.741180954897482
    vertex 110.0 71.0 11.000000000000002
    vertex 110.0 79.0 11.000000000000002
  endloop
endfacet
facet normal -1.0 2.988517087740887e-31 -4.038014398429476e-29
  outer loop
    vertex 110.0 100.0 0.9999999999999999
    vertex 110.0 79.5 10.133974596215563
    vertex 110.0 79.74118095489747 10.034074173710934
  endloop
endfacet
facet normal -1.0 2.988517087740887e-31 -4.038014398429476e-29
  outer loop
    vertex 110.0 100.0 0.9999999999999999
    vertex 110.0 79.74118095489747 10.034074173710934
    vertex 110.0 80.0 10.000000000000004
  endloop
endfacet
facet normal -1.0 2.988517087740887e-31 -4.038014398429476e-29
  outer loop
    vertex 110.0 100.0 0.9999999999999999
    vertex 110.0 80.0 10.000000000000004
    vertex 110.0 80.25881904510253 10.034074173710934
  endloop
endfacet
facet normal -1.0 2.988517087740887e-31 -4.038014398429476e-29
  outer loop
    vertex 110.0 100.0 0.9999999999999999
    vertex 110.0 80.25881904510253 10.034074173710934
    vertex 110.0 80.5 10.133974596215563
  endloop
endfacet
facet normal -1.0 2.988517087740887e-31 -4.038014398429476e-29
  outer loop
    vertex 110.0 100.0 0.9999999999999999
    vertex 110.0 80.5 10.133974596215563
    vertex 110.0 80.70710678118655 10.292893218813454
  endloop
endfacet
facet normal -1.0 2.988517087740887e-31 -4.038014398429476e-29
  outer loop
    vertex 110.0 100.0 0.9999999999999999
    vertex 110.0 80.70710678118655 10.292893218813454
    vertex 110.0 80.86602540378443 10.500000000000002
  endloop
endfacet
facet normal -1.0 2.988517087740887e-31 -4.038014398429476e-29
  outer loop
    vertex 110.0 100.0 0.9999999999999999
    vertex 110.0 80.86602540378443 10.500000000000002
    vertex 110.0 80.96592582628907 10.741180954897482
  endloop
endfacet
facet normal -1.0 2.988517087740887e-31 -4.038014398429476e-29
  outer loop
    vertex 110.0 100.0 0.9999999999999999
    vertex 110.0 80.96592582628907 10.741180954897482
    vertex 110.0 81.0 11.000000000000002
  endloop
endfacet
facet normal -1.0 2.988517087740887e-31 -4.038014398429476e-29
  outer loop
    vertex 110.0 100.0 0.9999999999999999
    vertex 110.0 81.0 11.000000000000002
    vertex 110.0 89.40300754154048 10.197753152363646
  endloop
endfacet
facet normal -1.0 2.988517087740887e-31 -4.038014398429476e-29
  outer loop
    vertex 110.0 89.40300754154048 10.197753152363646
    vertex 110.0 81.0 11.000000000000002
    vertex 110.0 89.2157128032324 10.379602068840953
  endloop
endfacet
facet normal -1.0 2.988517087740887e-31 -4.038014398429476e-29
  outer loop
    vertex 110.0 89.2157128032324 10.379602068840953
    vertex 110.0 81.0 11.000000000000002
    vertex 110.0 89.08186594128816 10.60373007907069
  endloop
endfacet
facet normal -1.0 2.988517087740887e-31 -4.038014398429476e-29
  outer loop
    vertex 110.0 89.08186594128816 10.60373007907069
    vertex 110.0 81.0 11.000000000000002
    vertex 110.0 89.01058839815686 10.854863229544753
  endloop
endfacet
facet normal -1.0 2.988517087740887e-31 -4.038014398429476e-29
  outer loop
    vertex 110.0 89.01058839815686 10.854863229544753
    vertex 110.0 81.0 11.000000000000002
    vertex 110.0 89.00673762061118 11.115887211075487
  endloop
endfacet
facet normal -1.0 2.988517087740887e-31 -4.038014398429476e-29
  outer loop
    vertex 110.0 89.01058839815686 10.854863229544753
    vertex 110.0 89.00673762061118 11.115887211075487
    vertex 110.0 89.00844725613058 11.000000000000002
  endloop
endfacet
facet normal -1.0 2.988517087740887e-31 -4.038014398429476e-29
  outer loop
    vertex 110.0 100.0 0.9999999999999999
    vertex 110.0 89.40300754154048 10.197753152363646
    vertex 110.0 89.63098632931589 10.070576032777158
  endloop
endfacet
facet normal -1.0 2.988517087740887e-31 -4.038014398429476e-29
  outer loop
    vertex 110.0 100.0 0.9999999999999999
    vertex 110.0 89.63098632931589 10.070576032777158
    vertex 110.0 89.88411278892451 10.00673762061118
  endloop
endfacet
facet normal -1.0 2.988517087740887e-31 -4.038014398429476e-29
  outer loop
    vertex 110.0 100.0 0.9999999999999999
    vertex 110.0 89.88411278892451 10.00673762061118
    vertex 110.0 90.14513677045524 10.010588398156855
  endloop
endfacet
facet normal -1.0 2.988517087740887e-31 -4.038014398429476e-29
  outer loop
    vertex 110.0 100.0 0.9999999999999999
    vertex 110.0 90.14513677045524 10.010588398156855
    vertex 110.0 90.3962699209293 10.08186594128816
  endloop
endfacet
facet normal -1.0 2.988517087740887e-31 -4.038014398429476e-29
  outer loop
    vertex 110.0 100.0 0.9999999999999999
    vertex 110.0 90.3962699209293 10.08186594128816
    vertex 110.0 90.62039793115903 10.215712803232405
  endloop
endfacet
facet normal -1.0 2.988517087740887e-31 -4.038014398429476e-29
  outer loop
    vertex 110.0 100.0 0.9999999999999999
    vertex 110.0 90.62039793115903 10.215712803232405
    vertex 110.0 90.80224684763635 10.40300754154049
  endloop
endfacet
facet normal -1.0 2.988517087740887e-31 -4.038014398429476e-29
  outer loop
    vertex 110.0 100.0 0.9999999999999999
    vertex 110.0 90.80224684763635 10.40300754154049
    vertex 110.0 90.92942396722283 10.630986329315904
  endloop
endfacet
facet normal -1.0 2.988517087740887e-31 -4.038014398429476e-29
  outer loop
    vertex 110.0 100.0 0.9999999999999999
    vertex 110.0 90.92942396722283 10.630986329315904
    vertex 110.0 90.99326237938881 10.884112788924515
  endloop
endfacet
facet normal -1.0 2.988517087740887e-31 -4.038014398429476e-29
  outer loop
    vertex 110.0 100.0 0.9999999999999999
    vertex 110.0 90.99326237938881 10.884112788924515
    vertex 110.0 100.0 21.0
  endloop
endfacet
facet normal -0.7071067811865474 0.7071067811865478 0.0
  outer loop
    vertex 100.0 10.000000000000004 21.0
    vertex 110.0 20.000000000000004 0.9999999999999999
    vertex 100.0 10.000000000000004 0.9999999999999999
  endloop
endfacet
facet normal -0.7071067811865474 0.7071067811865478 0.0
  outer loop
    vertex 110.0 20.000000000000004 0.9999999999999999
    vertex 100.0 10.000000000000004 21.0
    vertex 110.0 20.000000000000004 21.0
  endloop
endfacet
facet normal 0.0 1.0 0.0
  outer loop
    vertex 20.000000000000004 10.000000000000004 21.0
    vertex 100.0 10.000000000000004 0.9999999999999999
    vertex 20.000000000000004 10.000000000000004 0.9999999999999999
  endloop
endfacet
facet normal 0.0 1.0 0.0
  outer loop
    vertex 100.0 10.000000000000004 0.9999999999999999
    vertex 20.000000000000004 10.000000000000004 21.0
    vertex 100.0 10.000000000000004 21.0
  endloop
endfacet
facet normal 0.7071067811865476 0.7071067811865476 0.0
  outer loop
    vertex 10.000000000000004 20.000000000000004 0.9999999999999999
    vertex 20.000000000000004 10.000000000000004 21.0
    vertex 20.000000000000004 10.000000000000004 0.9999999999999999
  endloop
endfacet
facet normal 0.7071067811865476 0.7071067811865476 0.0
  outer loop
    vertex 20.000000000000004 10.000000000000004 21.0
    vertex 10.000000000000004 20.000000000000004 0.9999999999999999
    vertex 10.000000000000004 20.000000000000004 21.0
  endloop
endfacet
facet normal -1.0 -6.795542002000094e-32 3.876979075691564e-30
  outer loop
    vertex 8.000000000000004 19.171572875253812 21.0
    vertex 8.000000000000004 28.602970760994772 11.631090888483259
    vertex 8.000000000000004 19.171572875253812 0.9999999999999999
  endloop
endfacet
facet normal -1.0 -6.795542002000094e-32 3.876979075691564e-30
  outer loop
    vertex 8.000000000000004 28.602970760994772 11.631090888483259
    vertex 8.000000000000004 19.171572875253812 21.0
    vertex 8.000000000000004 28.79274074177744 11.810355223518453
  endloop
endfacet
facet normal -1.0 -6.795542002000094e-32 3.876979075691564e-30
  outer loop
    vertex 8.000000000000004 28.79274074177744 11.810355223518453
    vertex 8.000000000000004 19.171572875253812 21.0
    vertex 8.000000000000004 29.022441491284543 11.934395189246189
  endloop
endfacet
facet normal -1.0 -6.795542002000094e-32 3.876979075691564e-30
  outer loop
    vertex 8.000000000000004 29.022441491284543 11.934395189246189
    vertex 8.000000000000004 19.171572875253812 21.0
    vertex 8.000000000000004 29.276419283035615 11.994757666987859
  endloop
endfacet
facet normal -1.0 -6.795542002000094e-32 3.876979075691564e-30
  outer loop
    vertex 8.000000000000004 29.276419283035615 11.994757666987859
    vertex 8.000000000000004 19.171572875253812 21.0
    vertex 8.000000000000004 100.82842712474618 21.0
  endloop
endfacet
facet normal -1.0 -6.795542002000094e-32 3.876979075691564e-30
  outer loop
    vertex 8.000000000000004 19.171572875253812 0.9999999999999999
    vertex 8.000000000000004 28.602970760994772 11.631090888483259
    vertex 8.000000000000004 28.466064059517162 11.408818752324935
  endloop
endfacet
facet normal -1.0 -6.795542002000094e-32 3.876979075691564e-30
  outer loop
    vertex 8.000000000000004 19.171572875253812 0.9999999999999999
    vertex 8.000000000000004 28.466064059517162 11.408818752324935
    vertex 8.000000000000004 28.391350602801285 11.1586862938006
  endloop
endfacet
facet normal -1.0 -6.795542002000094e-32 3.876979075691564e-30
  outer loop
    vertex 8.000000000000004 19.171572875253812 0.9999999999999999
    vertex 8.000000000000004 28.391350602801285 11.1586862938006
    vertex 8.000000000000004 28.383921989452507 10.897739626595252
  endloop
endfacet
facet normal -1.0 -6.795542002000094e-32 3.876979075691564e-30
  outer loop
    vertex 8.000000000000004 28.383921989452507 10.897739626595252
    vertex 8.000000000000004 28.391350602801285 11.1586862938006
    vertex 8.000000000000004 28.386833131346222 11.000000000000002
  endloop
endfacet
facet normal -1.0 -6.795542002000094e-32 3.876979075691564e-30
  outer loop
    vertex 8.000000000000004 29.276419283035615 11.994757666987859
    vertex 8.000000000000004 100.82842712474618 21.0
    vertex 8.000000000000004 29.37867965644036 11.991846525094147
  endloop
endfacet
facet normal -1.0 -6.795542002000094e-32 3.876979075691564e-30
  outer loop
    vertex 8.000000000000004 29.37867965644036 11.991846525094147
    vertex 8.000000000000004 100.82842712474618 21.0
    vertex 8.000000000000004 29.53736595024096 11.987329053639078
  endloop
endfacet
facet normal -1.0 -6.795542002000094e-32 3.876979075691564e-30
  outer loop
    vertex 8.000000000000004 29.53736595024096 11.987329053639078
    vertex 8.000000000000004 100.82842712474618 21.0
    vertex 8.000000000000004 29.787498408765295 11.912615596923201
  endloop
endfacet
facet normal -1.0 -6.795542002000094e-32 3.876979075691564e-30
  outer loop
    vertex 8.000000000000004 29.787498408765295 11.912615596923201
    vertex 8.000000000000004 100.82842712474618 21.0
    vertex 8.000000000000004 30.00977054492362 11.775708895445591
  endloop
endfacet
facet normal -1.0 -6.795542002000094e-32 3.876979075691564e-30
  outer loop
    vertex 8.000000000000004 30.00977054492362 11.775708895445591
    vertex 8.000000000000004 100.82842712474618 21.0
    vertex 8.000000000000004 30.189034879958815 11.585938914662924
  endloop
endfacet
facet normal -1.0 -6.795542002000094e-32 3.876979075691564e-30
  outer loop
    vertex 8.000000000000004 30.189034879958815 11.585938914662924
    vertex 8.000000000000004 100.82842712474618 21.0
    vertex 8.000000000000004 30.31307484568655 11.35623816515582
  endloop
endfacet
facet normal -1.0 -6.795542002000094e-32 3.876979075691564e-30
  outer loop
    vertex 8.000000000000004 30.31307484568655 11.35623816515582
    vertex 8.000000000000004 100.82842712474618 21.0
    vertex 8.000000000000004 30.373437323428217 11.10226037340475
  endloop
endfacet
facet normal -1.0 -6.795542002000094e-32 3.876979075691564e-30
  outer loop
    vertex 8.000000000000004 30.373437323428217 11.10226037340475
    vertex 8.000000000000004 100.82842712474618 21.0
    vertex 8.000000000000004 39.55985852993921 11.99966381529139
  endloop
endfacet
facet normal -1.0 -6.795542002000094e-32 3.876979075691564e-30
  outer loop
    vertex 8.000000000000004 30.373437323428217 11.10226037340475
    vertex 8.000000000000004 39.55985852993921 11.99966381529139
    vertex 8.000000000000004 39.302009967872465 11.958890460487384
  endloop
endfacet
facet normal -1.0 -6.795542002000094e-32 3.876979075691564e-30
  outer loop
    vertex 8.000000000000004 30.373437323428217 11.10226037340475
    vertex 8.000000000000004 39.302009967872465 11.958890460487384
    vertex 8.000000000000004 39.06350030325669 11.852770305442574
  endloop
endfacet
facet normal -1.0 -6.795542002000094e-32 3.876979075691564e-30
  outer loop
    vertex 8.000000000000004 30.373437323428217 11.10226037340475
    vertex 8.000000000000004 39.06350030325669 11.852770305442574
    vertex 8.000000000000004 38.860583575579604 11.688535263351413
  endloop
endfacet
facet normal -1.0 -6.795542002000094e-32 3.876979075691564e-30
  outer loop
    vertex 8.000000000000004 30.373437323428217 11.10226037340475
    vertex 8.000000000000004 38.860583575579604 11.688535263351413
    vertex 8.000000000000004 38.707088224496644 11.477377680921176
  endloop
endfacet
facet normal -1.0 -6.795542002000094e-32 3.876979075691564e-30
  outer loop
    vertex 8.000000000000004 30.373437323428217 11.10226037340475
    vertex 8.000000000000004 38.707088224496644 11.477377680921176
    vertex 8.000000000000004 38.61347470452105 11.233687598440081
  endloop
endfacet
facet normal -1.0 -6.795542002000094e-32 3.876979075691564e-30
  outer loop
    vertex 8.000000000000004 30.373437323428217 11.10226037340475
    vertex 8.000000000000004 38.61347470452105 11.233687598440081
    vertex 8.000000000000004 38.588854286066045 11.000000000000002
  endloop
endfacet
facet normal -1.0 -6.795542002000094e-32 3.876979075691564e-30
  outer loop
    vertex 8.000000000000004 30.373437323428217 11.10226037340475
    vertex 8.000000000000004 38.588854286066045 11.000000000000002
    vertex 8.000000000000004 38.586122622335516 10.974072092312309
  endloop
endfacet
facet normal -1.0 -6.795542002000094e-32 3.876979075691564e-30
  outer loop
    vertex 8.000000000000004 39.55985852993921 11.99966381529139
    vertex 8.000000000000004 100.82842712474618 21.0
    vertex 8.000000000000004 39.58578643762691 11.996932151560857
  endloop
endfacet
facet normal -1.0 -6.795542002000094e-32 3.876979075691564e-30
  outer loop
    vertex 8.000000000000004 39.58578643762691 11.996932151560857
    vertex 8.000000000000004 100.82842712474618 21.0
    vertex 8.000000000000004 39.819474036066985 11.972311733105853
  endloop
endfacet
facet normal -1.0 -6.795542002000094e-32 3.876979075691564e-30
  outer loop
    vertex 8.000000000000004 39.819474036066985 11.972311733105853
    vertex 8.000000000000004 100.82842712474618 21.0
    vertex 8.000000000000004 40.06316411854808 11.878698213130264
  endloop
endfacet
facet normal -1.0 -6.795542002000094e-32 3.876979075691564e-30
  outer loop
    vertex 8.000000000000004 40.06316411854808 11.878698213130264
    vertex 8.000000000000004 100.82842712474618 21.0
    vertex 8.000000000000004 40.27432170097832 11.725202862047304
  endloop
endfacet
facet normal -1.0 -6.795542002000094e-32 3.876979075691564e-30
  outer loop
    vertex 8.000000000000004 40.27432170097832 11.725202862047304
    vertex 8.000000000000004 100.82842712474618 21.0
    vertex 8.000000000000004 40.43855674306948 11.522286134370212
  endloop
endfacet
facet normal -1.0 -6.795542002000094e-32 3.876979075691564e-30
  outer loop
    vertex 8.000000000000004 40.43855674306948 11.522286134370212
    vertex 8.000000000000004 100.82842712474618 21.0
    vertex 8.000000000000004 40.54467689811429 11.283776469754441
  endloop
endfacet
facet normal -1.0 -6.795542002000094e-32 3.876979075691564e-30
  outer loop
    vertex 8.000000000000004 40.54467689811429 11.283776469754441
    vertex 8.000000000000004 100.82842712474618 21.0
    vertex 8.000000000000004 40.58545025291829 11.025927907687691
  endloop
endfacet
facet normal -1.0 -6.795542002000094e-32 3.876979075691564e-30
  outer loop
    vertex 8.000000000000004 40.58545025291829 11.025927907687691
    vertex 8.000000000000004 100.82842712474618 21.0
    vertex 8.000000000000004 49.50340027224948 11.957180147041148
  endloop
endfacet
facet normal -1.0 -6.795542002000094e-32 3.876979075691564e-30
  outer loop
    vertex 8.000000000000004 40.58545025291829 11.025927907687691
    vertex 8.000000000000004 49.50340027224948 11.957180147041148
    vertex 8.000000000000004 49.26552805355051 11.849638736444613
  endloop
endfacet
facet normal -1.0 -6.795542002000094e-32 3.876979075691564e-30
  outer loop
    vertex 8.000000000000004 40.58545025291829 11.025927907687691
    vertex 8.000000000000004 49.26552805355051 11.849638736444613
    vertex 8.000000000000004 49.06359489935207 11.684195850053772
  endloop
endfacet
facet normal -1.0 -6.795542002000094e-32 3.876979075691564e-30
  outer loop
    vertex 8.000000000000004 40.58545025291829 11.025927907687691
    vertex 8.000000000000004 49.06359489935207 11.684195850053772
    vertex 8.000000000000004 48.91136222040247 11.472126147168874
  endloop
endfacet
facet normal -1.0 -6.795542002000094e-32 3.876979075691564e-30
  outer loop
    vertex 8.000000000000004 40.58545025291829 11.025927907687691
    vertex 8.000000000000004 48.91136222040247 11.472126147168874
    vertex 8.000000000000004 48.81920442219571 11.227881827579765
  endloop
endfacet
facet normal -1.0 -6.795542002000094e-32 3.876979075691564e-30
  outer loop
    vertex 8.000000000000004 40.58545025291829 11.025927907687691
    vertex 8.000000000000004 48.81920442219571 11.227881827579765
    vertex 8.000000000000004 48.796569661084085 11.000000000000002
  endloop
endfacet
facet normal -1.0 -6.795542002000094e-32 3.876979075691564e-30
  outer loop
    vertex 8.000000000000004 40.58545025291829 11.025927907687691
    vertex 8.000000000000004 48.796569661084085 11.000000000000002
    vertex 8.000000000000004 48.79340190638164 10.96810773803362
  endloop
endfacet
facet normal -1.0 -6.795542002000094e-32 3.876979075691564e-30
  outer loop
    vertex 8.000000000000004 49.50340027224948 11.957180147041148
    vertex 8.000000000000004 100.82842712474618 21.0
    vertex 8.000000000000004 49.76100095684707 11.999491312431816
  endloop
endfacet
facet normal -1.0 -6.795542002000094e-32 3.876979075691564e-30
  outer loop
    vertex 8.000000000000004 49.76100095684707 11.999491312431816
    vertex 8.000000000000004 100.82842712474618 21.0
    vertex 8.000000000000004 49.792893218813454 11.996323557729369
  endloop
endfacet
facet normal -1.0 -6.795542002000094e-32 3.876979075691564e-30
  outer loop
    vertex 8.000000000000004 49.792893218813454 11.996323557729369
    vertex 8.000000000000004 100.82842712474618 21.0
    vertex 8.000000000000004 50.02077504639322 11.973688796617745
  endloop
endfacet
facet normal -1.0 -6.795542002000094e-32 3.876979075691564e-30
  outer loop
    vertex 8.000000000000004 50.02077504639322 11.973688796617745
    vertex 8.000000000000004 100.82842712474618 21.0
    vertex 8.000000000000004 50.265019365982326 11.881530998410993
  endloop
endfacet
facet normal -1.0 -6.795542002000094e-32 3.876979075691564e-30
  outer loop
    vertex 8.000000000000004 50.265019365982326 11.881530998410993
    vertex 8.000000000000004 100.82842712474618 21.0
    vertex 8.000000000000004 50.47708906886722 11.729298319461385
  endloop
endfacet
facet normal -1.0 -6.795542002000094e-32 3.876979075691564e-30
  outer loop
    vertex 8.000000000000004 50.47708906886722 11.729298319461385
    vertex 8.000000000000004 100.82842712474618 21.0
    vertex 8.000000000000004 50.642531955258065 11.527365165262943
  endloop
endfacet
facet normal -1.0 -6.795542002000094e-32 3.876979075691564e-30
  outer loop
    vertex 8.000000000000004 50.642531955258065 11.527365165262943
    vertex 8.000000000000004 100.82842712474618 21.0
    vertex 8.000000000000004 50.7500733658546 11.289492946563973
  endloop
endfacet
facet normal -1.0 -6.795542002000094e-32 3.876979075691564e-30
  outer loop
    vertex 8.000000000000004 50.7500733658546 11.289492946563973
    vertex 8.000000000000004 100.82842712474618 21.0
    vertex 8.000000000000004 50.79238453124527 11.031892261966382
  endloop
endfacet
facet normal -1.0 -6.795542002000094e-32 3.876979075691564e-30
  outer loop
    vertex 8.000000000000004 50.79238453124527 11.031892261966382
    vertex 8.000000000000004 100.82842712474618 21.0
    vertex 8.000000000000004 59.85078369099918 11.988804577825253
  endloop
endfacet
facet normal -1.0 -6.795542002000094e-32 3.876979075691564e-30
  outer loop
    vertex 8.000000000000004 50.79238453124527 11.031892261966382
    vertex 8.000000000000004 59.85078369099918 11.988804577825253
    vertex 8.000000000000004 59.59994665680685 11.916491856264955
  endloop
endfacet
facet normal -1.0 -6.795542002000094e-32 3.876979075691564e-30
  outer loop
    vertex 8.000000000000004 50.79238453124527 11.031892261966382
    vertex 8.000000000000004 59.59994665680685 11.916491856264955
    vertex 8.000000000000004 59.37637259683372 11.781721729274606
  endloop
endfacet
facet normal -1.0 -6.795542002000094e-32 3.876979075691564e-30
  outer loop
    vertex 8.000000000000004 50.79238453124527 11.031892261966382
    vertex 8.000000000000004 59.37637259683372 11.781721729274606
    vertex 8.000000000000004 59.19529771379336 11.593678558290428
  endloop
endfacet
facet normal -1.0 -6.795542002000094e-32 3.876979075691564e-30
  outer loop
    vertex 8.000000000000004 50.79238453124527 11.031892261966382
    vertex 8.000000000000004 59.19529771379336 11.593678558290428
    vertex 8.000000000000004 59.06906196172458 11.365177174658966
  endloop
endfacet
facet normal -1.0 -6.795542002000094e-32 3.876979075691564e-30
  outer loop
    vertex 8.000000000000004 50.79238453124527 11.031892261966382
    vertex 8.000000000000004 59.06906196172458 11.365177174658966
    vertex 8.000000000000004 59.006268098516415 11.11178957005831
  endloop
endfacet
facet normal -1.0 -6.795542002000094e-32 3.876979075691564e-30
  outer loop
    vertex 8.000000000000004 59.85078369099918 11.988804577825253
    vertex 8.000000000000004 100.82842712474618 21.0
    vertex 8.000000000000004 60.0 11.991621514563226
  endloop
endfacet
facet normal -1.0 -6.795542002000094e-32 3.876979075691564e-30
  outer loop
    vertex 8.000000000000004 60.0 11.991621514563226
    vertex 8.000000000000004 100.82842712474618 21.0
    vertex 8.000000000000004 60.11178957005831 11.993731901483587
  endloop
endfacet
facet normal -1.0 -6.795542002000094e-32 3.876979075691564e-30
  outer loop
    vertex 8.000000000000004 60.11178957005831 11.993731901483587
    vertex 8.000000000000004 100.82842712474618 21.0
    vertex 8.000000000000004 60.36517717465897 11.930938038275428
  endloop
endfacet
facet normal -1.0 -6.795542002000094e-32 3.876979075691564e-30
  outer loop
    vertex 8.000000000000004 60.36517717465897 11.930938038275428
    vertex 8.000000000000004 100.82842712474618 21.0
    vertex 8.000000000000004 60.593678558290435 11.804702286206647
  endloop
endfacet
facet normal -1.0 -6.795542002000094e-32 3.876979075691564e-30
  outer loop
    vertex 8.000000000000004 60.593678558290435 11.804702286206647
    vertex 8.000000000000004 100.82842712474618 21.0
    vertex 8.000000000000004 60.78172172927461 11.623627403166287
  endloop
endfacet
facet normal -1.0 -6.795542002000094e-32 3.876979075691564e-30
  outer loop
    vertex 8.000000000000004 60.78172172927461 11.623627403166287
    vertex 8.000000000000004 100.82842712474618 21.0
    vertex 8.000000000000004 60.916491856264955 11.400053343193159
  endloop
endfacet
facet normal -1.0 -6.795542002000094e-32 3.876979075691564e-30
  outer loop
    vertex 8.000000000000004 60.916491856264955 11.400053343193159
    vertex 8.000000000000004 100.82842712474618 21.0
    vertex 8.000000000000004 60.988804577825256 11.149216309000824
  endloop
endfacet
facet normal -1.0 -6.795542002000094e-32 3.876979075691564e-30
  outer loop
    vertex 8.000000000000004 60.988804577825256 11.149216309000824
    vertex 8.000000000000004 100.82842712474618 21.0
    vertex 8.000000000000004 60.99162151456322 11.000000000000002
  endloop
endfacet
facet normal -1.0 -6.795542002000094e-32 3.876979075691564e-30
  outer loop
    vertex 8.000000000000004 60.99162151456322 11.000000000000002
    vertex 8.000000000000004 100.82842712474618 21.0
    vertex 8.000000000000004 60.993731901483585 10.888210429941694
  endloop
endfacet
facet normal -1.0 -6.795542002000094e-32 3.876979075691564e-30
  outer loop
    vertex 8.000000000000004 60.993731901483585 10.888210429941694
    vertex 8.000000000000004 100.82842712474618 21.0
    vertex 8.000000000000004 69.98498010637016 11.975017815393656
  endloop
endfacet
facet normal -1.0 -6.795542002000094e-32 3.876979075691564e-30
  outer loop
    vertex 8.000000000000004 60.993731901483585 10.888210429941694
    vertex 8.000000000000004 69.98498010637016 11.975017815393656
    vertex 8.000000000000004 69.74019570933555 11.884304275112905
  endloop
endfacet
facet normal -1.0 -6.795542002000094e-32 3.876979075691564e-30
  outer loop
    vertex 8.000000000000004 60.993731901483585 10.888210429941694
    vertex 8.000000000000004 69.74019570933555 11.884304275112905
    vertex 8.000000000000004 69.52723053024056 11.733326859865121
  endloop
endfacet
facet normal -1.0 -6.795542002000094e-32 3.876979075691564e-30
  outer loop
    vertex 8.000000000000004 60.993731901483585 10.888210429941694
    vertex 8.000000000000004 69.52723053024056 11.733326859865121
    vertex 8.000000000000004 69.36059779409892 11.532374430997464
  endloop
endfacet
facet normal -1.0 -6.795542002000094e-32 3.876979075691564e-30
  outer loop
    vertex 8.000000000000004 60.993731901483585 10.888210429941694
    vertex 8.000000000000004 69.36059779409892 11.532374430997464
    vertex 8.000000000000004 69.25165324650504 11.295141564447674
  endloop
endfacet
facet normal -1.0 -6.795542002000094e-32 3.876979075691564e-30
  outer loop
    vertex 8.000000000000004 60.993731901483585 10.888210429941694
    vertex 8.000000000000004 69.25165324650504 11.295141564447674
    vertex 8.000000000000004 69.20782127833809 11.037795288025274
  endloop
endfacet
facet normal -1.0 -6.795542002000094e-32 3.876979075691564e-30
  outer loop
    vertex 8.000000000000004 69.98498010637016 11.975017815393656
    vertex 8.000000000000004 100.82842712474618 21.0
    vertex 8.000000000000004 70.20710678118654 11.995756735109731
  endloop
endfacet
facet normal -1.0 -6.795542002000094e-32 3.876979075691564e-30
  outer loop
    vertex 8.000000000000004 70.20710678118654 11.995756735109731
    vertex 8.000000000000004 100.82842712474618 21.0
    vertex 8.000000000000004 70.24490206921182 11.999285502848455
  endloop
endfacet
facet normal -1.0 -6.795542002000094e-32 3.876979075691564e-30
  outer loop
    vertex 8.000000000000004 70.24490206921182 11.999285502848455
    vertex 8.000000000000004 100.82842712474618 21.0
    vertex 8.000000000000004 70.50224834563421 11.955453534681505
  endloop
endfacet
facet normal -1.0 -6.795542002000094e-32 3.876979075691564e-30
  outer loop
    vertex 8.000000000000004 70.50224834563421 11.955453534681505
    vertex 8.000000000000004 100.82842712474618 21.0
    vertex 8.000000000000004 70.739481212184 11.846508987087633
  endloop
endfacet
facet normal -1.0 -6.795542002000094e-32 3.876979075691564e-30
  outer loop
    vertex 8.000000000000004 70.739481212184 11.846508987087633
    vertex 8.000000000000004 100.82842712474618 21.0
    vertex 8.000000000000004 70.94043364105167 11.679876250945982
  endloop
endfacet
facet normal -1.0 -6.795542002000094e-32 3.876979075691564e-30
  outer loop
    vertex 8.000000000000004 70.94043364105167 11.679876250945982
    vertex 8.000000000000004 100.82842712474618 21.0
    vertex 8.000000000000004 71.09141105629945 11.46691107185099
  endloop
endfacet
facet normal -1.0 -6.795542002000094e-32 3.876979075691564e-30
  outer loop
    vertex 8.000000000000004 71.09141105629945 11.46691107185099
    vertex 8.000000000000004 100.82842712474618 21.0
    vertex 8.000000000000004 71.18212459658021 11.222126674816385
  endloop
endfacet
facet normal -1.0 -6.795542002000094e-32 3.876979075691564e-30
  outer loop
    vertex 8.000000000000004 71.18212459658021 11.222126674816385
    vertex 8.000000000000004 100.82842712474618 21.0
    vertex 8.000000000000004 71.20286351629628 11.000000000000002
  endloop
endfacet
facet normal -1.0 -6.795542002000094e-32 3.876979075691564e-30
  outer loop
    vertex 8.000000000000004 71.20286351629628 11.000000000000002
    vertex 8.000000000000004 100.82842712474618 21.0
    vertex 8.000000000000004 71.206392284035 10.962204711974728
  endloop
endfacet
facet normal -1.0 -6.795542002000094e-32 3.876979075691564e-30
  outer loop
    vertex 8.000000000000004 71.206392284035 10.962204711974728
    vertex 8.000000000000004 100.82842712474618 21.0
    vertex 8.000000000000004 80.1072367323897 11.951716988318138
  endloop
endfacet
facet normal -1.0 -6.795542002000094e-32 3.876979075691564e-30
  outer loop
    vertex 8.000000000000004 71.206392284035 10.962204711974728
    vertex 8.000000000000004 80.1072367323897 11.951716988318138
    vertex 8.000000000000004 79.87137423209543 11.83983656832964
  endloop
endfacet
facet normal -1.0 -6.795542002000094e-32 3.876979075691564e-30
  outer loop
    vertex 8.000000000000004 71.206392284035 10.962204711974728
    vertex 8.000000000000004 79.87137423209543 11.83983656832964
    vertex 8.000000000000004 79.67250533507517 11.670722674105024
  endloop
endfacet
facet normal -1.0 -6.795542002000094e-32 3.876979075691564e-30
  outer loop
    vertex 8.000000000000004 71.206392284035 10.962204711974728
    vertex 8.000000000000004 79.67250533507517 11.670722674105024
    vertex 8.000000000000004 79.52418262801449 11.455900138061779
  endloop
endfacet
facet normal -1.0 -6.795542002000094e-32 3.876979075691564e-30
  outer loop
    vertex 8.000000000000004 71.206392284035 10.962204711974728
    vertex 8.000000000000004 79.52418262801449 11.455900138061779
    vertex 8.000000000000004 79.43651405828466 11.210008761020227
  endloop
endfacet
facet normal -1.0 -6.795542002000094e-32 3.876979075691564e-30
  outer loop
    vertex 8.000000000000004 71.206392284035 10.962204711974728
    vertex 8.000000000000004 79.43651405828466 11.210008761020227
    vertex 8.000000000000004 79.41547409403366 10.949805633971032
  endloop
endfacet
facet normal -1.0 -6.795542002000094e-32 3.876979075691564e-30
  outer loop
    vertex 8.000000000000004 79.41547409403366 10.949805633971032
    vertex 8.000000000000004 79.43651405828466 11.210008761020227
    vertex 8.000000000000004 79.41953279878032 11.000000000000002
  endloop
endfacet
facet normal -1.0 -6.795542002000094e-32 3.876979075691564e-30
  outer loop
    vertex 8.000000000000004 80.1072367323897 11.951716988318138
    vertex 8.000000000000004 100.82842712474618 21.0
    vertex 8.000000000000004 80.36401919634412 11.998739468339444
  endloop
endfacet
facet normal -1.0 -6.795542002000094e-32 3.876979075691564e-30
  outer loop
    vertex 8.000000000000004 80.36401919634412 11.998739468339444
    vertex 8.000000000000004 100.82842712474618 21.0
    vertex 8.000000000000004 80.41421356237309 11.994680763592777
  endloop
endfacet
facet normal -1.0 -6.795542002000094e-32 3.876979075691564e-30
  outer loop
    vertex 8.000000000000004 80.41421356237309 11.994680763592777
    vertex 8.000000000000004 100.82842712474618 21.0
    vertex 8.000000000000004 80.62422232339331 11.977699504088426
  endloop
endfacet
facet normal -1.0 -6.795542002000094e-32 3.876979075691564e-30
  outer loop
    vertex 8.000000000000004 80.62422232339331 11.977699504088426
    vertex 8.000000000000004 100.82842712474618 21.0
    vertex 8.000000000000004 80.87011370043487 11.890030934358608
  endloop
endfacet
facet normal -1.0 -6.795542002000094e-32 3.876979075691564e-30
  outer loop
    vertex 8.000000000000004 80.87011370043487 11.890030934358608
    vertex 8.000000000000004 100.82842712474618 21.0
    vertex 8.000000000000004 81.08493623647811 11.741708227297913
  endloop
endfacet
facet normal -1.0 -6.795542002000094e-32 3.876979075691564e-30
  outer loop
    vertex 8.000000000000004 81.08493623647811 11.741708227297913
    vertex 8.000000000000004 100.82842712474618 21.0
    vertex 8.000000000000004 81.25405013070272 11.542839330277664
  endloop
endfacet
facet normal -1.0 -6.795542002000094e-32 3.876979075691564e-30
  outer loop
    vertex 8.000000000000004 81.25405013070272 11.542839330277664
    vertex 8.000000000000004 100.82842712474618 21.0
    vertex 8.000000000000004 81.36593055069122 11.306976829983403
  endloop
endfacet
facet normal -1.0 -6.795542002000094e-32 3.876979075691564e-30
  outer loop
    vertex 8.000000000000004 81.36593055069122 11.306976829983403
    vertex 8.000000000000004 100.82842712474618 21.0
    vertex 8.000000000000004 81.41295303071253 11.05019436602897
  endloop
endfacet
facet normal -1.0 -6.795542002000094e-32 3.876979075691564e-30
  outer loop
    vertex 8.000000000000004 81.41295303071253 11.05019436602897
    vertex 8.000000000000004 100.82842712474618 21.0
    vertex 8.000000000000004 89.9469763373379 11.738417335436282
  endloop
endfacet
facet normal -1.0 -6.795542002000094e-32 3.876979075691564e-30
  outer loop
    vertex 8.000000000000004 81.41295303071253 11.05019436602897
    vertex 8.000000000000004 89.9469763373379 11.738417335436282
    vertex 8.000000000000004 89.77883758250206 11.538723303116544
  endloop
endfacet
facet normal -1.0 -6.795542002000094e-32 3.876979075691564e-30
  outer loop
    vertex 8.000000000000004 81.41295303071253 11.05019436602897
    vertex 8.000000000000004 89.77883758250206 11.538723303116544
    vertex 8.000000000000004 89.6681126355637 11.302316167971767
  endloop
endfacet
facet normal -1.0 -6.795542002000094e-32 3.876979075691564e-30
  outer loop
    vertex 8.000000000000004 81.41295303071253 11.05019436602897
    vertex 8.000000000000004 89.6681126355637 11.302316167971767
    vertex 8.000000000000004 89.62234721867505 11.045306685580805
  endloop
endfacet
facet normal -1.0 -6.795542002000094e-32 3.876979075691564e-30
  outer loop
    vertex 8.000000000000004 89.9469763373379 11.738417335436282
    vertex 8.000000000000004 100.82842712474618 21.0
    vertex 8.000000000000004 90.1610705217916 11.887789446638381
  endloop
endfacet
facet normal -1.0 -6.795542002000094e-32 3.876979075691564e-30
  outer loop
    vertex 8.000000000000004 90.1610705217916 11.887789446638381
    vertex 8.000000000000004 100.82842712474618 21.0
    vertex 8.000000000000004 90.40652997099998 11.976660174193503
  endloop
endfacet
facet normal -1.0 -6.795542002000094e-32 3.876979075691564e-30
  outer loop
    vertex 8.000000000000004 90.40652997099998 11.976660174193503
    vertex 8.000000000000004 100.82842712474618 21.0
    vertex 8.000000000000004 90.62132034355965 11.995086399488432
  endloop
endfacet
facet normal -1.0 -6.795542002000094e-32 3.876979075691564e-30
  outer loop
    vertex 8.000000000000004 90.62132034355965 11.995086399488432
    vertex 8.000000000000004 100.82842712474618 21.0
    vertex 8.000000000000004 90.66662702914044 11.998973124884591
  endloop
endfacet
facet normal -1.0 -6.795542002000094e-32 3.876979075691564e-30
  outer loop
    vertex 8.000000000000004 90.66662702914044 11.998973124884591
    vertex 8.000000000000004 100.82842712474618 21.0
    vertex 8.000000000000004 90.92363651153141 11.953207707995938
  endloop
endfacet
facet normal -1.0 -6.795542002000094e-32 3.876979075691564e-30
  outer loop
    vertex 8.000000000000004 90.92363651153141 11.953207707995938
    vertex 8.000000000000004 100.82842712474618 21.0
    vertex 8.000000000000004 91.16004364667619 11.842482761057578
  endloop
endfacet
facet normal -1.0 -6.795542002000094e-32 3.876979075691564e-30
  outer loop
    vertex 8.000000000000004 91.16004364667619 11.842482761057578
    vertex 8.000000000000004 100.82842712474618 21.0
    vertex 8.000000000000004 91.35973767899593 11.674344006221737
  endloop
endfacet
facet normal -1.0 -6.795542002000094e-32 3.876979075691564e-30
  outer loop
    vertex 8.000000000000004 91.35973767899593 11.674344006221737
    vertex 8.000000000000004 100.82842712474618 21.0
    vertex 8.000000000000004 91.50910979019802 11.460249821768047
  endloop
endfacet
facet normal -1.0 -6.795542002000094e-32 3.876979075691564e-30
  outer loop
    vertex 8.000000000000004 91.50910979019802 11.460249821768047
    vertex 8.000000000000004 100.82842712474618 21.0
    vertex 8.000000000000004 91.59798051775314 11.214790372559655
  endloop
endfacet
facet normal -1.0 -6.795542002000094e-32 3.876979075691564e-30
  outer loop
    vertex 8.000000000000004 91.59798051775314 11.214790372559655
    vertex 8.000000000000004 100.82842712474618 21.0
    vertex 8.000000000000004 91.61640674304807 11.000000000000002
  endloop
endfacet
facet normal -1.0 -6.795542002000094e-32 3.876979075691564e-30
  outer loop
    vertex 8.000000000000004 91.61640674304807 11.000000000000002
    vertex 8.000000000000004 100.82842712474618 21.0
    vertex 8.000000000000004 91.62029346844423 10.954693314419197
  endloop
endfacet
facet normal -1.0 -6.795542002000094e-32 3.876979075691564e-30
  outer loop
    vertex 8.000000000000004 19.171572875253812 0.9999999999999999
    vertex 8.000000000000004 29.219993362639762 10.012670946360926
    vertex 8.000000000000004 100.82842712474618 0.9999999999999999
  endloop
endfacet
facet normal -1.0 -6.795542002000094e-32 3.876979075691564e-30
  outer loop
    vertex 8.000000000000004 29.219993362639762 10.012670946360926
    vertex 8.000000000000004 19.171572875253812 0.9999999999999999
    vertex 8.000000000000004 28.96986090411543 10.087384403076802
  endloop
endfacet
facet normal -1.0 -6.795542002000094e-32 3.876979075691564e-30
  outer loop
    vertex 8.000000000000004 28.96986090411543 10.087384403076802
    vertex 8.000000000000004 19.171572875253812 0.9999999999999999
    vertex 8.000000000000004 28.747588767957108 10.22429110455441
  endloop
endfacet
facet normal -1.0 -6.795542002000094e-32 3.876979075691564e-30
  outer loop
    vertex 8.000000000000004 28.747588767957108 10.22429110455441
    vertex 8.000000000000004 19.171572875253812 0.9999999999999999
    vertex 8.000000000000004 28.56832443292191 10.414061085337078
  endloop
endfacet
facet normal -1.0 -6.795542002000094e-32 3.876979075691564e-30
  outer loop
    vertex 8.000000000000004 28.56832443292191 10.414061085337078
    vertex 8.000000000000004 19.171572875253812 0.9999999999999999
    vertex 8.000000000000004 28.444284467194173 10.643761834844183
  endloop
endfacet
facet normal -1.0 -6.795542002000094e-32 3.876979075691564e-30
  outer loop
    vertex 8.000000000000004 28.444284467194173 10.643761834844183
    vertex 8.000000000000004 19.171572875253812 0.9999999999999999
    vertex 8.000000000000004 28.383921989452507 10.897739626595252
  endloop
endfacet
facet normal -1.0 -6.795542002000094e-32 3.876979075691564e-30
  outer loop
    vertex 8.000000000000004 100.82842712474618 0.9999999999999999
    vertex 8.000000000000004 29.219993362639762 10.012670946360926
    vertex 8.000000000000004 29.480940029845108 10.005242333012143
  endloop
endfacet
facet normal -1.0 -6.795542002000094e-32 3.876979075691564e-30
  outer loop
    vertex 8.000000000000004 100.82842712474618 0.9999999999999999
    vertex 8.000000000000004 29.480940029845108 10.005242333012143
    vertex 8.000000000000004 29.734917821596184 10.065604810753813
  endloop
endfacet
facet normal -1.0 -6.795542002000094e-32 3.876979075691564e-30
  outer loop
    vertex 8.000000000000004 100.82842712474618 0.9999999999999999
    vertex 8.000000000000004 29.734917821596184 10.065604810753813
    vertex 8.000000000000004 29.964618571103284 10.18964477648155
  endloop
endfacet
facet normal -1.0 -6.795542002000094e-32 3.876979075691564e-30
  outer loop
    vertex 8.000000000000004 100.82842712474618 0.9999999999999999
    vertex 8.000000000000004 29.964618571103284 10.18964477648155
    vertex 8.000000000000004 30.15438855188595 10.368909111516745
  endloop
endfacet
facet normal -1.0 -6.795542002000094e-32 3.876979075691564e-30
  outer loop
    vertex 8.000000000000004 100.82842712474618 0.9999999999999999
    vertex 8.000000000000004 30.15438855188595 10.368909111516745
    vertex 8.000000000000004 30.29129525336356 10.591181247675067
  endloop
endfacet
facet normal -1.0 -6.795542002000094e-32 3.876979075691564e-30
  outer loop
    vertex 8.000000000000004 100.82842712474618 0.9999999999999999
    vertex 8.000000000000004 30.29129525336356 10.591181247675067
    vertex 8.000000000000004 30.366008710079438 10.841313706199402
  endloop
endfacet
facet normal -1.0 -6.795542002000094e-32 3.876979075691564e-30
  outer loop
    vertex 8.000000000000004 100.82842712474618 0.9999999999999999
    vertex 8.000000000000004 30.366008710079438 10.841313706199402
    vertex 8.000000000000004 30.370526181534505 11.000000000000002
  endloop
endfacet
facet normal -1.0 -6.795542002000094e-32 3.876979075691564e-30
  outer loop
    vertex 8.000000000000004 100.82842712474618 0.9999999999999999
    vertex 8.000000000000004 30.370526181534505 11.000000000000002
    vertex 8.000000000000004 30.373437323428217 11.10226037340475
  endloop
endfacet
facet normal -1.0 -6.795542002000094e-32 3.876979075691564e-30
  outer loop
    vertex 8.000000000000004 100.82842712474618 0.9999999999999999
    vertex 8.000000000000004 30.373437323428217 11.10226037340475
    vertex 8.000000000000004 39.35209883918682 10.027688266894149
  endloop
endfacet
facet normal -1.0 -6.795542002000094e-32 3.876979075691564e-30
  outer loop
    vertex 8.000000000000004 39.35209883918682 10.027688266894149
    vertex 8.000000000000004 30.373437323428217 11.10226037340475
    vertex 8.000000000000004 39.10840875670573 10.121301786869738
  endloop
endfacet
facet normal -1.0 -6.795542002000094e-32 3.876979075691564e-30
  outer loop
    vertex 8.000000000000004 39.10840875670573 10.121301786869738
    vertex 8.000000000000004 30.373437323428217 11.10226037340475
    vertex 8.000000000000004 38.897251174275496 10.274797137952698
  endloop
endfacet
facet normal -1.0 -6.795542002000094e-32 3.876979075691564e-30
  outer loop
    vertex 8.000000000000004 38.897251174275496 10.274797137952698
    vertex 8.000000000000004 30.373437323428217 11.10226037340475
    vertex 8.000000000000004 38.73301613218434 10.477713865629788
  endloop
endfacet
facet normal -1.0 -6.795542002000094e-32 3.876979075691564e-30
  outer loop
    vertex 8.000000000000004 38.73301613218434 10.477713865629788
    vertex 8.000000000000004 30.373437323428217 11.10226037340475
    vertex 8.000000000000004 38.62689597713952 10.71622353024556
  endloop
endfacet
facet normal -1.0 -6.795542002000094e-32 3.876979075691564e-30
  outer loop
    vertex 8.000000000000004 38.62689597713952 10.71622353024556
    vertex 8.000000000000004 30.373437323428217 11.10226037340475
    vertex 8.000000000000004 38.586122622335516 10.974072092312309
  endloop
endfacet
facet normal -1.0 -6.795542002000094e-32 3.876979075691564e-30
  outer loop
    vertex 8.000000000000004 100.82842712474618 0.9999999999999999
    vertex 8.000000000000004 39.35209883918682 10.027688266894149
    vertex 8.000000000000004 39.611714345314596 10.000336184708612
  endloop
endfacet
facet normal -1.0 -6.795542002000094e-32 3.876979075691564e-30
  outer loop
    vertex 8.000000000000004 100.82842712474618 0.9999999999999999
    vertex 8.000000000000004 39.611714345314596 10.000336184708612
    vertex 8.000000000000004 39.869562907381344 10.041109539512618
  endloop
endfacet
facet normal -1.0 -6.795542002000094e-32 3.876979075691564e-30
  outer loop
    vertex 8.000000000000004 100.82842712474618 0.9999999999999999
    vertex 8.000000000000004 39.869562907381344 10.041109539512618
    vertex 8.000000000000004 40.10807257199712 10.14722969455743
  endloop
endfacet
facet normal -1.0 -6.795542002000094e-32 3.876979075691564e-30
  outer loop
    vertex 8.000000000000004 100.82842712474618 0.9999999999999999
    vertex 8.000000000000004 40.10807257199712 10.14722969455743
    vertex 8.000000000000004 40.310989299674205 10.311464736648588
  endloop
endfacet
facet normal -1.0 -6.795542002000094e-32 3.876979075691564e-30
  outer loop
    vertex 8.000000000000004 100.82842712474618 0.9999999999999999
    vertex 8.000000000000004 40.310989299674205 10.311464736648588
    vertex 8.000000000000004 40.46448465075717 10.522622319078826
  endloop
endfacet
facet normal -1.0 -6.795542002000094e-32 3.876979075691564e-30
  outer loop
    vertex 8.000000000000004 100.82842712474618 0.9999999999999999
    vertex 8.000000000000004 40.46448465075717 10.522622319078826
    vertex 8.000000000000004 40.55809817073276 10.76631240155992
  endloop
endfacet
facet normal -1.0 -6.795542002000094e-32 3.876979075691564e-30
  outer loop
    vertex 8.000000000000004 100.82842712474618 0.9999999999999999
    vertex 8.000000000000004 40.55809817073276 10.76631240155992
    vertex 8.000000000000004 40.582718589187756 11.000000000000002
  endloop
endfacet
facet normal -1.0 -6.795542002000094e-32 3.876979075691564e-30
  outer loop
    vertex 8.000000000000004 100.82842712474618 0.9999999999999999
    vertex 8.000000000000004 40.582718589187756 11.000000000000002
    vertex 8.000000000000004 40.58545025291829 11.025927907687691
  endloop
endfacet
facet normal -1.0 -6.795542002000094e-32 3.876979075691564e-30
  outer loop
    vertex 8.000000000000004 100.82842712474618 0.9999999999999999
    vertex 8.000000000000004 40.58545025291829 11.025927907687691
    vertex 8.000000000000004 49.565011391233696 10.026311203382257
  endloop
endfacet
facet normal -1.0 -6.795542002000094e-32 3.876979075691564e-30
  outer loop
    vertex 8.000000000000004 49.565011391233696 10.026311203382257
    vertex 8.000000000000004 40.58545025291829 11.025927907687691
    vertex 8.000000000000004 49.32076707164458 10.118469001589009
  endloop
endfacet
facet normal -1.0 -6.795542002000094e-32 3.876979075691564e-30
  outer loop
    vertex 8.000000000000004 49.32076707164458 10.118469001589009
    vertex 8.000000000000004 40.58545025291829 11.025927907687691
    vertex 8.000000000000004 49.108697368759685 10.270701680538616
  endloop
endfacet
facet normal -1.0 -6.795542002000094e-32 3.876979075691564e-30
  outer loop
    vertex 8.000000000000004 49.108697368759685 10.270701680538616
    vertex 8.000000000000004 40.58545025291829 11.025927907687691
    vertex 8.000000000000004 48.94325448236884 10.47263483473706
  endloop
endfacet
facet normal -1.0 -6.795542002000094e-32 3.876979075691564e-30
  outer loop
    vertex 8.000000000000004 48.94325448236884 10.47263483473706
    vertex 8.000000000000004 40.58545025291829 11.025927907687691
    vertex 8.000000000000004 48.83571307177231 10.710507053436029
  endloop
endfacet
facet normal -1.0 -6.795542002000094e-32 3.876979075691564e-30
  outer loop
    vertex 8.000000000000004 48.83571307177231 10.710507053436029
    vertex 8.000000000000004 40.58545025291829 11.025927907687691
    vertex 8.000000000000004 48.79340190638164 10.96810773803362
  endloop
endfacet
facet normal -1.0 -6.795542002000094e-32 3.876979075691564e-30
  outer loop
    vertex 8.000000000000004 100.82842712474618 0.9999999999999999
    vertex 8.000000000000004 49.565011391233696 10.026311203382257
    vertex 8.000000000000004 49.82478548077984 10.000508687568185
  endloop
endfacet
facet normal -1.0 -6.795542002000094e-32 3.876979075691564e-30
  outer loop
    vertex 8.000000000000004 100.82842712474618 0.9999999999999999
    vertex 8.000000000000004 49.82478548077984 10.000508687568185
    vertex 8.000000000000004 50.08238616537743 10.042819852958853
  endloop
endfacet
facet normal -1.0 -6.795542002000094e-32 3.876979075691564e-30
  outer loop
    vertex 8.000000000000004 100.82842712474618 0.9999999999999999
    vertex 8.000000000000004 50.08238616537743 10.042819852958853
    vertex 8.000000000000004 50.320258384076396 10.150361263555391
  endloop
endfacet
facet normal -1.0 -6.795542002000094e-32 3.876979075691564e-30
  outer loop
    vertex 8.000000000000004 100.82842712474618 0.9999999999999999
    vertex 8.000000000000004 50.320258384076396 10.150361263555391
    vertex 8.000000000000004 50.52219153827484 10.31580414994623
  endloop
endfacet
facet normal -1.0 -6.795542002000094e-32 3.876979075691564e-30
  outer loop
    vertex 8.000000000000004 100.82842712474618 0.9999999999999999
    vertex 8.000000000000004 50.52219153827484 10.31580414994623
    vertex 8.000000000000004 50.67442421722444 10.527873852831128
  endloop
endfacet
facet normal -1.0 -6.795542002000094e-32 3.876979075691564e-30
  outer loop
    vertex 8.000000000000004 100.82842712474618 0.9999999999999999
    vertex 8.000000000000004 50.67442421722444 10.527873852831128
    vertex 8.000000000000004 50.7665820154312 10.772118172420239
  endloop
endfacet
facet normal -1.0 -6.795542002000094e-32 3.876979075691564e-30
  outer loop
    vertex 8.000000000000004 100.82842712474618 0.9999999999999999
    vertex 8.000000000000004 50.7665820154312 10.772118172420239
    vertex 8.000000000000004 50.78921677654282 11.000000000000002
  endloop
endfacet
facet normal -1.0 -6.795542002000094e-32 3.876979075691564e-30
  outer loop
    vertex 8.000000000000004 100.82842712474618 0.9999999999999999
    vertex 8.000000000000004 50.78921677654282 11.000000000000002
    vertex 8.000000000000004 50.79238453124527 11.031892261966382
  endloop
endfacet
facet normal -1.0 -6.795542002000094e-32 3.876979075691564e-30
  outer loop
    vertex 8.000000000000004 100.82842712474618 0.9999999999999999
    vertex 8.000000000000004 50.79238453124527 11.031892261966382
    vertex 8.000000000000004 59.888210429941694 10.006268098516417
  endloop
endfacet
facet normal -1.0 -6.795542002000094e-32 3.876979075691564e-30
  outer loop
    vertex 8.000000000000004 59.888210429941694 10.006268098516417
    vertex 8.000000000000004 50.79238453124527 11.031892261966382
    vertex 8.000000000000004 59.63482282534103 10.069061961724573
  endloop
endfacet
facet normal -1.0 -6.795542002000094e-32 3.876979075691564e-30
  outer loop
    vertex 8.000000000000004 59.63482282534103 10.069061961724573
    vertex 8.000000000000004 50.79238453124527 11.031892261966382
    vertex 8.000000000000004 59.40632144170957 10.195297713793355
  endloop
endfacet
facet normal -1.0 -6.795542002000094e-32 3.876979075691564e-30
  outer loop
    vertex 8.000000000000004 59.40632144170957 10.195297713793355
    vertex 8.000000000000004 50.79238453124527 11.031892261966382
    vertex 8.000000000000004 59.2182782707254 10.376372596833715
  endloop
endfacet
facet normal -1.0 -6.795542002000094e-32 3.876979075691564e-30
  outer loop
    vertex 8.000000000000004 59.2182782707254 10.376372596833715
    vertex 8.000000000000004 50.79238453124527 11.031892261966382
    vertex 8.000000000000004 59.083508143735045 10.599946656806843
  endloop
endfacet
facet normal -1.0 -6.795542002000094e-32 3.876979075691564e-30
  outer loop
    vertex 8.000000000000004 59.083508143735045 10.599946656806843
    vertex 8.000000000000004 50.79238453124527 11.031892261966382
    vertex 8.000000000000004 59.01119542217475 10.850783690999178
  endloop
endfacet
facet normal -1.0 -6.795542002000094e-32 3.876979075691564e-30
  outer loop
    vertex 8.000000000000004 59.01119542217475 10.850783690999178
    vertex 8.000000000000004 50.79238453124527 11.031892261966382
    vertex 8.000000000000004 59.006268098516415 11.11178957005831
  endloop
endfacet
facet normal -1.0 -6.795542002000094e-32 3.876979075691564e-30
  outer loop
    vertex 8.000000000000004 59.01119542217475 10.850783690999178
    vertex 8.000000000000004 59.006268098516415 11.11178957005831
    vertex 8.000000000000004 59.00837848543678 11.000000000000002
  endloop
endfacet
facet normal -1.0 -6.795542002000094e-32 3.876979075691564e-30
  outer loop
    vertex 8.000000000000004 100.82842712474618 0.9999999999999999
    vertex 8.000000000000004 59.888210429941694 10.006268098516417
    vertex 8.000000000000004 60.14921630900083 10.01119542217475
  endloop
endfacet
facet normal -1.0 -6.795542002000094e-32 3.876979075691564e-30
  outer loop
    vertex 8.000000000000004 100.82842712474618 0.9999999999999999
    vertex 8.000000000000004 60.14921630900083 10.01119542217475
    vertex 8.000000000000004 60.40005334319316 10.083508143735047
  endloop
endfacet
facet normal -1.0 -6.795542002000094e-32 3.876979075691564e-30
  outer loop
    vertex 8.000000000000004 100.82842712474618 0.9999999999999999
    vertex 8.000000000000004 60.40005334319316 10.083508143735047
    vertex 8.000000000000004 60.62362740316629 10.218278270725397
  endloop
endfacet
facet normal -1.0 -6.795542002000094e-32 3.876979075691564e-30
  outer loop
    vertex 8.000000000000004 100.82842712474618 0.9999999999999999
    vertex 8.000000000000004 60.62362740316629 10.218278270725397
    vertex 8.000000000000004 60.80470228620665 10.406321441709574
  endloop
endfacet
facet normal -1.0 -6.795542002000094e-32 3.876979075691564e-30
  outer loop
    vertex 8.000000000000004 100.82842712474618 0.9999999999999999
    vertex 8.000000000000004 60.80470228620665 10.406321441709574
    vertex 8.000000000000004 60.93093803827542 10.634822825341036
  endloop
endfacet
facet normal -1.0 -6.795542002000094e-32 3.876979075691564e-30
  outer loop
    vertex 8.000000000000004 100.82842712474618 0.9999999999999999
    vertex 8.000000000000004 60.93093803827542 10.634822825341036
    vertex 8.000000000000004 60.993731901483585 10.888210429941694
  endloop
endfacet
facet normal -1.0 -6.795542002000094e-32 3.876979075691564e-30
  outer loop
    vertex 8.000000000000004 100.82842712474618 0.9999999999999999
    vertex 8.000000000000004 60.993731901483585 10.888210429941694
    vertex 8.000000000000004 69.91196521673888 10.044546465318497
  endloop
endfacet
facet normal -1.0 -6.795542002000094e-32 3.876979075691564e-30
  outer loop
    vertex 8.000000000000004 69.91196521673888 10.044546465318497
    vertex 8.000000000000004 60.993731901483585 10.888210429941694
    vertex 8.000000000000004 69.67473235018909 10.153491012912369
  endloop
endfacet
facet normal -1.0 -6.795542002000094e-32 3.876979075691564e-30
  outer loop
    vertex 8.000000000000004 69.67473235018909 10.153491012912369
    vertex 8.000000000000004 60.993731901483585 10.888210429941694
    vertex 8.000000000000004 69.47377992132142 10.32012374905402
  endloop
endfacet
facet normal -1.0 -6.795542002000094e-32 3.876979075691564e-30
  outer loop
    vertex 8.000000000000004 69.47377992132142 10.32012374905402
    vertex 8.000000000000004 60.993731901483585 10.888210429941694
    vertex 8.000000000000004 69.32280250607364 10.53308892814901
  endloop
endfacet
facet normal -1.0 -6.795542002000094e-32 3.876979075691564e-30
  outer loop
    vertex 8.000000000000004 69.32280250607364 10.53308892814901
    vertex 8.000000000000004 60.993731901483585 10.888210429941694
    vertex 8.000000000000004 69.23208896579288 10.777873325183617
  endloop
endfacet
facet normal -1.0 -6.795542002000094e-32 3.876979075691564e-30
  outer loop
    vertex 8.000000000000004 69.23208896579288 10.777873325183617
    vertex 8.000000000000004 60.993731901483585 10.888210429941694
    vertex 8.000000000000004 69.21135004607682 11.000000000000002
  endloop
endfacet
facet normal -1.0 -6.795542002000094e-32 3.876979075691564e-30
  outer loop
    vertex 8.000000000000004 69.21135004607682 11.000000000000002
    vertex 8.000000000000004 60.993731901483585 10.888210429941694
    vertex 8.000000000000004 69.20782127833809 11.037795288025274
  endloop
endfacet
facet normal -1.0 -6.795542002000094e-32 3.876979075691564e-30
  outer loop
    vertex 8.000000000000004 100.82842712474618 0.9999999999999999
    vertex 8.000000000000004 69.91196521673888 10.044546465318497
    vertex 8.000000000000004 70.16931149316127 10.000714497151547
  endloop
endfacet
facet normal -1.0 -6.795542002000094e-32 3.876979075691564e-30
  outer loop
    vertex 8.000000000000004 100.82842712474618 0.9999999999999999
    vertex 8.000000000000004 70.16931149316127 10.000714497151547
    vertex 8.000000000000004 70.42923345600293 10.024982184606346
  endloop
endfacet
facet normal -1.0 -6.795542002000094e-32 3.876979075691564e-30
  outer loop
    vertex 8.000000000000004 100.82842712474618 0.9999999999999999
    vertex 8.000000000000004 70.42923345600293 10.024982184606346
    vertex 8.000000000000004 70.67401785303754 10.115695724887097
  endloop
endfacet
facet normal -1.0 -6.795542002000094e-32 3.876979075691564e-30
  outer loop
    vertex 8.000000000000004 100.82842712474618 0.9999999999999999
    vertex 8.000000000000004 70.67401785303754 10.115695724887097
    vertex 8.000000000000004 70.88698303213253 10.266673140134882
  endloop
endfacet
facet normal -1.0 -6.795542002000094e-32 3.876979075691564e-30
  outer loop
    vertex 8.000000000000004 100.82842712474618 0.9999999999999999
    vertex 8.000000000000004 70.88698303213253 10.266673140134882
    vertex 8.000000000000004 71.05361576827417 10.46762556900254
  endloop
endfacet
facet normal -1.0 -6.795542002000094e-32 3.876979075691564e-30
  outer loop
    vertex 8.000000000000004 100.82842712474618 0.9999999999999999
    vertex 8.000000000000004 71.05361576827417 10.46762556900254
    vertex 8.000000000000004 71.16256031586805 10.704858435552326
  endloop
endfacet
facet normal -1.0 -6.795542002000094e-32 3.876979075691564e-30
  outer loop
    vertex 8.000000000000004 100.82842712474618 0.9999999999999999
    vertex 8.000000000000004 71.16256031586805 10.704858435552326
    vertex 8.000000000000004 71.206392284035 10.962204711974728
  endloop
endfacet
facet normal -1.0 -6.795542002000094e-32 3.876979075691564e-30
  outer loop
    vertex 8.000000000000004 100.82842712474618 0.9999999999999999
    vertex 8.000000000000004 71.206392284035 10.962204711974728
    vertex 8.000000000000004 79.95831342431131 10.109969065641394
  endloop
endfacet
facet normal -1.0 -6.795542002000094e-32 3.876979075691564e-30
  outer loop
    vertex 8.000000000000004 79.95831342431131 10.109969065641394
    vertex 8.000000000000004 71.206392284035 10.962204711974728
    vertex 8.000000000000004 79.74349088826807 10.25829177270209
  endloop
endfacet
facet normal -1.0 -6.795542002000094e-32 3.876979075691564e-30
  outer loop
    vertex 8.000000000000004 79.74349088826807 10.25829177270209
    vertex 8.000000000000004 71.206392284035 10.962204711974728
    vertex 8.000000000000004 79.57437699404345 10.457160669722336
  endloop
endfacet
facet normal -1.0 -6.795542002000094e-32 3.876979075691564e-30
  outer loop
    vertex 8.000000000000004 79.57437699404345 10.457160669722336
    vertex 8.000000000000004 71.206392284035 10.962204711974728
    vertex 8.000000000000004 79.46249657405495 10.693023170016598
  endloop
endfacet
facet normal -1.0 -6.795542002000094e-32 3.876979075691564e-30
  outer loop
    vertex 8.000000000000004 79.46249657405495 10.693023170016598
    vertex 8.000000000000004 71.206392284035 10.962204711974728
    vertex 8.000000000000004 79.41547409403366 10.949805633971032
  endloop
endfacet
facet normal -1.0 -6.795542002000094e-32 3.876979075691564e-30
  outer loop
    vertex 8.000000000000004 100.82842712474618 0.9999999999999999
    vertex 8.000000000000004 79.95831342431131 10.109969065641394
    vertex 8.000000000000004 80.20420480135287 10.022300495911576
  endloop
endfacet
facet normal -1.0 -6.795542002000094e-32 3.876979075691564e-30
  outer loop
    vertex 8.000000000000004 100.82842712474618 0.9999999999999999
    vertex 8.000000000000004 80.20420480135287 10.022300495911576
    vertex 8.000000000000004 80.46440792840205 10.00126053166056
  endloop
endfacet
facet normal -1.0 -6.795542002000094e-32 3.876979075691564e-30
  outer loop
    vertex 8.000000000000004 100.82842712474618 0.9999999999999999
    vertex 8.000000000000004 80.46440792840205 10.00126053166056
    vertex 8.000000000000004 80.72119039235649 10.048283011681864
  endloop
endfacet
facet normal -1.0 -6.795542002000094e-32 3.876979075691564e-30
  outer loop
    vertex 8.000000000000004 100.82842712474618 0.9999999999999999
    vertex 8.000000000000004 80.72119039235649 10.048283011681864
    vertex 8.000000000000004 80.95705289265075 10.160163431670364
  endloop
endfacet
facet normal -1.0 -6.795542002000094e-32 3.876979075691564e-30
  outer loop
    vertex 8.000000000000004 100.82842712474618 0.9999999999999999
    vertex 8.000000000000004 80.95705289265075 10.160163431670364
    vertex 8.000000000000004 81.155921789671 10.329277325894978
  endloop
endfacet
facet normal -1.0 -6.795542002000094e-32 3.876979075691564e-30
  outer loop
    vertex 8.000000000000004 100.82842712474618 0.9999999999999999
    vertex 8.000000000000004 81.155921789671 10.329277325894978
    vertex 8.000000000000004 81.3042444967317 10.544099861938221
  endloop
endfacet
facet normal -1.0 -6.795542002000094e-32 3.876979075691564e-30
  outer loop
    vertex 8.000000000000004 100.82842712474618 0.9999999999999999
    vertex 8.000000000000004 81.3042444967317 10.544099861938221
    vertex 8.000000000000004 81.39191306646151 10.789991238979775
  endloop
endfacet
facet normal -1.0 -6.795542002000094e-32 3.876979075691564e-30
  outer loop
    vertex 8.000000000000004 100.82842712474618 0.9999999999999999
    vertex 8.000000000000004 81.39191306646151 10.789991238979775
    vertex 8.000000000000004 81.40889432596586 11.000000000000002
  endloop
endfacet
facet normal -1.0 -6.795542002000094e-32 3.876979075691564e-30
  outer loop
    vertex 8.000000000000004 100.82842712474618 0.9999999999999999
    vertex 8.000000000000004 81.40889432596586 11.000000000000002
    vertex 8.000000000000004 81.41295303071253 11.05019436602897
  endloop
endfacet
facet normal -1.0 -6.795542002000094e-32 3.876979075691564e-30
  outer loop
    vertex 8.000000000000004 100.82842712474618 0.9999999999999999
    vertex 8.000000000000004 81.41295303071253 11.05019436602897
    vertex 8.000000000000004 89.88290300812335 10.325655993778264
  endloop
endfacet
facet normal -1.0 -6.795542002000094e-32 3.876979075691564e-30
  outer loop
    vertex 8.000000000000004 89.88290300812335 10.325655993778264
    vertex 8.000000000000004 81.41295303071253 11.05019436602897
    vertex 8.000000000000004 89.73353089692127 10.539750178231955
  endloop
endfacet
facet normal -1.0 -6.795542002000094e-32 3.876979075691564e-30
  outer loop
    vertex 8.000000000000004 89.73353089692127 10.539750178231955
    vertex 8.000000000000004 81.41295303071253 11.05019436602897
    vertex 8.000000000000004 89.64466016936613 10.785209627440345
  endloop
endfacet
facet normal -1.0 -6.795542002000094e-32 3.876979075691564e-30
  outer loop
    vertex 8.000000000000004 89.64466016936613 10.785209627440345
    vertex 8.000000000000004 81.41295303071253 11.05019436602897
    vertex 8.000000000000004 89.6262339440712 11.000000000000002
  endloop
endfacet
facet normal -1.0 -6.795542002000094e-32 3.876979075691564e-30
  outer loop
    vertex 8.000000000000004 89.6262339440712 11.000000000000002
    vertex 8.000000000000004 81.41295303071253 11.05019436602897
    vertex 8.000000000000004 89.62234721867505 11.045306685580805
  endloop
endfacet
facet normal -1.0 -6.795542002000094e-32 3.876979075691564e-30
  outer loop
    vertex 8.000000000000004 100.82842712474618 0.9999999999999999
    vertex 8.000000000000004 89.88290300812335 10.325655993778264
    vertex 8.000000000000004 90.0825970404431 10.157517238942424
  endloop
endfacet
facet normal -1.0 -6.795542002000094e-32 3.876979075691564e-30
  outer loop
    vertex 8.000000000000004 100.82842712474618 0.9999999999999999
    vertex 8.000000000000004 90.0825970404431 10.157517238942424
    vertex 8.000000000000004 90.31900417558788 10.046792292004065
  endloop
endfacet
facet normal -1.0 -6.795542002000094e-32 3.876979075691564e-30
  outer loop
    vertex 8.000000000000004 100.82842712474618 0.9999999999999999
    vertex 8.000000000000004 90.31900417558788 10.046792292004065
    vertex 8.000000000000004 90.57601365797885 10.00102687511541
  endloop
endfacet
facet normal -1.0 -6.795542002000094e-32 3.876979075691564e-30
  outer loop
    vertex 8.000000000000004 100.82842712474618 0.9999999999999999
    vertex 8.000000000000004 90.57601365797885 10.00102687511541
    vertex 8.000000000000004 90.83611071611931 10.023339825806499
  endloop
endfacet
facet normal -1.0 -6.795542002000094e-32 3.876979075691564e-30
  outer loop
    vertex 8.000000000000004 100.82842712474618 0.9999999999999999
    vertex 8.000000000000004 90.83611071611931 10.023339825806499
    vertex 8.000000000000004 91.08157016532769 10.11221055336162
  endloop
endfacet
facet normal -1.0 -6.795542002000094e-32 3.876979075691564e-30
  outer loop
    vertex 8.000000000000004 100.82842712474618 0.9999999999999999
    vertex 8.000000000000004 91.08157016532769 10.11221055336162
    vertex 8.000000000000004 91.29566434978138 10.26158266456372
  endloop
endfacet
facet normal -1.0 -6.795542002000094e-32 3.876979075691564e-30
  outer loop
    vertex 8.000000000000004 100.82842712474618 0.9999999999999999
    vertex 8.000000000000004 91.29566434978138 10.26158266456372
    vertex 8.000000000000004 91.46380310461723 10.461276696883457
  endloop
endfacet
facet normal -1.0 -6.795542002000094e-32 3.876979075691564e-30
  outer loop
    vertex 8.000000000000004 100.82842712474618 0.9999999999999999
    vertex 8.000000000000004 91.46380310461723 10.461276696883457
    vertex 8.000000000000004 91.57452805155557 10.697683832028234
  endloop
endfacet
facet normal -1.0 -6.795542002000094e-32 3.876979075691564e-30
  outer loop
    vertex 8.000000000000004 100.82842712474618 0.9999999999999999
    vertex 8.000000000000004 91.57452805155557 10.697683832028234
    vertex 8.000000000000004 91.62029346844423 10.954693314419197
  endloop
endfacet
facet normal -1.0 -6.795542002000094e-32 3.876979075691564e-30
  outer loop
    vertex 8.000000000000004 100.82842712474618 0.9999999999999999
    vertex 8.000000000000004 91.62029346844423 10.954693314419197
    vertex 8.000000000000004 100.82842712474618 21.0
  endloop
endfacet
facet normal -0.0 -0.9995950344028316 0.028456408719339993
  outer loop
    vertex 10.000000000000004 30.373437323428217 11.10226037340475
    vertex 8.000000000000004 30.370526181534505 11.000000000000002
    vertex 10.000000000000004 30.370526181534505 11.000000000000002
  endloop
endfacet
facet normal -0.0 -0.9995950344028316 0.028456408719339993
  outer loop
    vertex 8.000000000000004 30.370526181534505 11.000000000000002
    vertex 10.000000000000004 30.373437323428217 11.10226037340475
    vertex 8.000000000000004 30.373437323428217 11.10226037340475
  endloop
endfacet
facet normal -0.0 -0.9995950344028329 0.02845640871929535
  outer loop
    vertex 10.000000000000004 30.370526181534505 11.000000000000002
    vertex 8.000000000000004 30.366008710079438 10.841313706199402
    vertex 10.000000000000004 30.366008710079438 10.841313706199402
  endloop
endfacet
facet normal -0.0 -0.9995950344028329 0.02845640871929535
  outer loop
    vertex 8.000000000000004 30.366008710079438 10.841313706199402
    vertex 10.000000000000004 30.370526181534505 11.000000000000002
    vertex 8.000000000000004 30.370526181534505 11.000000000000002
  endloop
endfacet
facet normal -0.0 -0.9581695990282231 0.2862010123987939
  outer loop
    vertex 10.000000000000004 30.366008710079438 10.841313706199402
    vertex 8.000000000000004 30.29129525336356 10.591181247675067
    vertex 10.000000000000004 30.29129525336356 10.591181247675067
  endloop
endfacet
facet normal -0.0 -0.9581695990282231 0.2862010123987939
  outer loop
    vertex 8.000000000000004 30.29129525336356 10.591181247675067
    vertex 10.000000000000004 30.366008710079438 10.841313706199402
    vertex 8.000000000000004 30.366008710079438 10.841313706199402
  endloop
endfacet
facet normal -0.0 -0.8514464889299721 0.5244414900528211
  outer loop
    vertex 10.000000000000004 30.29129525336356 10.591181247675067
    vertex 8.000000000000004 30.15438855188595 10.368909111516745
    vertex 10.000000000000004 30.15438855188595 10.368909111516745
  endloop
endfacet
facet normal -0.0 -0.8514464889299721 0.5244414900528211
  outer loop
    vertex 8.000000000000004 30.15438855188595 10.368909111516745
    vertex 10.000000000000004 30.29129525336356 10.591181247675067
    vertex 8.000000000000004 30.29129525336356 10.591181247675067
  endloop
endfacet
facet normal -0.0 -0.6866987076929891 0.7269421468402962
  outer loop
    vertex 10.000000000000004 29.964618571103284 10.18964477648155
    vertex 8.000000000000004 30.15438855188595 10.368909111516745
    vertex 8.000000000000004 29.964618571103284 10.18964477648155
  endloop
endfacet
facet normal -0.0 -0.6866987076929891 0.7269421468402962
  outer loop
    vertex 8.000000000000004 30.15438855188595 10.368909111516745
    vertex 10.000000000000004 29.964618571103284 10.18964477648155
    vertex 10.000000000000004 30.15438855188595 10.368909111516745
  endloop
endfacet
facet normal -0.0 -0.47515354435001755 0.8799028976492894
  outer loop
    vertex 10.000000000000004 29.734917821596184 10.065604810753813
    vertex 8.000000000000004 29.964618571103284 10.18964477648155
    vertex 8.000000000000004 29.734917821596184 10.065604810753813
  endloop
endfacet
facet normal -0.0 -0.47515354435001755 0.8799028976492894
  outer loop
    vertex 8.000000000000004 29.964618571103284 10.18964477648155
    vertex 10.000000000000004 29.734917821596184 10.065604810753813
    vertex 10.000000000000004 29.964618571103284 10.18964477648155
  endloop
endfacet
facet normal -0.0 -0.2312274521879295 0.9728997200917877
  outer loop
    vertex 10.000000000000004 29.480940029845108 10.005242333012143
    vertex 8.000000000000004 29.734917821596184 10.065604810753813
    vertex 8.000000000000004 29.480940029845108 10.005242333012143
  endloop
endfacet
facet normal -0.0 -0.2312274521879295 0.9728997200917877
  outer loop
    vertex 8.000000000000004 29.734917821596184 10.065604810753813
    vertex 10.000000000000004 29.480940029845108 10.005242333012143
    vertex 10.000000000000004 29.734917821596184 10.065604810753813
  endloop
endfacet
facet normal 0.0 0.028456408719323947 0.999595034402832
  outer loop
    vertex 10.000000000000004 29.219993362639762 10.012670946360926
    vertex 8.000000000000004 29.480940029845108 10.005242333012143
    vertex 8.000000000000004 29.219993362639762 10.012670946360926
  endloop
endfacet
facet normal 0.0 0.028456408719323947 0.999595034402832
  outer loop
    vertex 8.000000000000004 29.480940029845108 10.005242333012143
    vertex 10.000000000000004 29.219993362639762 10.012670946360926
    vertex 10.000000000000004 29.480940029845108 10.005242333012143
  endloop
endfacet
facet normal 0.0 0.2862010123987939 0.9581695990282231
  outer loop
    vertex 10.000000000000004 28.96986090411543 10.087384403076802
    vertex 8.000000000000004 29.219993362639762 10.012670946360926
    vertex 8.000000000000004 28.96986090411543 10.087384403076802
  endloop
endfacet
facet normal 0.0 0.2862010123987939 0.9581695990282231
  outer loop
    vertex 8.000000000000004 29.219993362639762 10.012670946360926
    vertex 10.000000000000004 28.96986090411543 10.087384403076802
    vertex 10.000000000000004 29.219993362639762 10.012670946360926
  endloop
endfacet
facet normal 0.0 0.5244414900528235 0.8514464889299704
  outer loop
    vertex 10.000000000000004 28.747588767957108 10.22429110455441
    vertex 8.000000000000004 28.96986090411543 10.087384403076802
    vertex 8.000000000000004 28.747588767957108 10.22429110455441
  endloop
endfacet
facet normal 0.0 0.5244414900528235 0.8514464889299704
  outer loop
    vertex 8.000000000000004 28.96986090411543 10.087384403076802
    vertex 10.000000000000004 28.747588767957108 10.22429110455441
    vertex 10.000000000000004 28.96986090411543 10.087384403076802
  endloop
endfacet
facet normal 0.0 0.7269421468402855 0.6866987076930003
  outer loop
    vertex 8.000000000000004 28.56832443292191 10.414061085337078
    vertex 10.000000000000004 28.747588767957108 10.22429110455441
    vertex 8.000000000000004 28.747588767957108 10.22429110455441
  endloop
endfacet
facet normal 0.0 0.7269421468402855 0.6866987076930003
  outer loop
    vertex 10.000000000000004 28.747588767957108 10.22429110455441
    vertex 8.000000000000004 28.56832443292191 10.414061085337078
    vertex 10.000000000000004 28.56832443292191 10.414061085337078
  endloop
endfacet
facet normal 0.0 0.8799028976492964 0.4751535443500048
  outer loop
    vertex 8.000000000000004 28.444284467194173 10.643761834844183
    vertex 10.000000000000004 28.56832443292191 10.414061085337078
    vertex 8.000000000000004 28.56832443292191 10.414061085337078
  endloop
endfacet
facet normal 0.0 0.8799028976492964 0.4751535443500048
  outer loop
    vertex 10.000000000000004 28.56832443292191 10.414061085337078
    vertex 8.000000000000004 28.444284467194173 10.643761834844183
    vertex 10.000000000000004 28.444284467194173 10.643761834844183
  endloop
endfacet
facet normal 0.0 0.9728997200917894 0.23122745218792293
  outer loop
    vertex 8.000000000000004 28.383921989452507 10.897739626595252
    vertex 10.000000000000004 28.444284467194173 10.643761834844183
    vertex 8.000000000000004 28.444284467194173 10.643761834844183
  endloop
endfacet
facet normal 0.0 0.9728997200917894 0.23122745218792293
  outer loop
    vertex 10.000000000000004 28.444284467194173 10.643761834844183
    vertex 8.000000000000004 28.383921989452507 10.897739626595252
    vertex 10.000000000000004 28.383921989452507 10.897739626595252
  endloop
endfacet
facet normal -0.0 0.9995950344028316 -0.028456408719339993
  outer loop
    vertex 8.000000000000004 28.386833131346222 11.000000000000002
    vertex 10.000000000000004 28.383921989452507 10.897739626595252
    vertex 8.000000000000004 28.383921989452507 10.897739626595252
  endloop
endfacet
facet normal -0.0 0.9995950344028316 -0.028456408719339993
  outer loop
    vertex 10.000000000000004 28.383921989452507 10.897739626595252
    vertex 8.000000000000004 28.386833131346222 11.000000000000002
    vertex 10.000000000000004 28.386833131346222 11.000000000000002
  endloop
endfacet
facet normal -0.0 0.9995950344028329 -0.02845640871929535
  outer loop
    vertex 8.000000000000004 28.391350602801285 11.1586862938006
    vertex 10.000000000000004 28.386833131346222 11.000000000000002
    vertex 8.000000000000004 28.386833131346222 11.000000000000002
  endloop
endfacet
facet normal -0.0 0.9995950344028329 -0.02845640871929535
  outer loop
    vertex 10.000000000000004 28.386833131346222 11.000000000000002
    vertex 8.000000000000004 28.391350602801285 11.1586862938006
    vertex 10.000000000000004 28.391350602801285 11.1586862938006
  endloop
endfacet
facet normal -0.0 0.9581695990282231 -0.2862010123987939
  outer loop
    vertex 8.000000000000004 28.466064059517162 11.408818752324935
    vertex 10.000000000000004 28.391350602801285 11.1586862938006
    vertex 8.000000000000004 28.391350602801285 11.1586862938006
  endloop
endfacet
facet normal -0.0 0.9581695990282231 -0.2862010123987939
  outer loop
    vertex 10.000000000000004 28.391350602801285 11.1586862938006
    vertex 8.000000000000004 28.466064059517162 11.408818752324935
    vertex 10.000000000000004 28.466064059517162 11.408818752324935
  endloop
endfacet
facet normal -0.0 0.8514464889299721 -0.5244414900528211
  outer loop
    vertex 8.000000000000004 28.602970760994772 11.631090888483259
    vertex 10.000000000000004 28.466064059517162 11.408818752324935
    vertex 8.000000000000004 28.466064059517162 11.408818752324935
  endloop
endfacet
facet normal -0.0 0.8514464889299721 -0.5244414900528211
  outer loop
    vertex 10.000000000000004 28.466064059517162 11.408818752324935
    vertex 8.000000000000004 28.602970760994772 11.631090888483259
    vertex 10.000000000000004 28.602970760994772 11.631090888483259
  endloop
endfacet
facet normal -0.0 0.686698707692992 -0.7269421468402936
  outer loop
    vertex 10.000000000000004 28.79274074177744 11.810355223518453
    vertex 8.000000000000004 28.602970760994772 11.631090888483259
    vertex 8.000000000000004 28.79274074177744 11.810355223518453
  endloop
endfacet
facet normal -0.0 0.686698707692992 -0.7269421468402936
  outer loop
    vertex 8.000000000000004 28.602970760994772 11.631090888483259
    vertex 10.000000000000004 28.79274074177744 11.810355223518453
    vertex 10.000000000000004 28.602970760994772 11.631090888483259
  endloop
endfacet
facet normal -0.0 0.47515354435001345 -0.8799028976492916
  outer loop
    vertex 10.000000000000004 29.022441491284543 11.934395189246189
    vertex 8.000000000000004 28.79274074177744 11.810355223518453
    vertex 8.000000000000004 29.022441491284543 11.934395189246189
  endloop
endfacet
facet normal -0.0 0.47515354435001345 -0.8799028976492916
  outer loop
    vertex 8.000000000000004 28.79274074177744 11.810355223518453
    vertex 10.000000000000004 29.022441491284543 11.934395189246189
    vertex 10.000000000000004 28.79274074177744 11.810355223518453
  endloop
endfacet
facet normal -0.0 0.2312274521879295 -0.9728997200917877
  outer loop
    vertex 10.000000000000004 29.276419283035615 11.994757666987859
    vertex 8.000000000000004 29.022441491284543 11.934395189246189
    vertex 8.000000000000004 29.276419283035615 11.994757666987859
  endloop
endfacet
facet normal -0.0 0.2312274521879295 -0.9728997200917877
  outer loop
    vertex 8.000000000000004 29.022441491284543 11.934395189246189
    vertex 10.000000000000004 29.276419283035615 11.994757666987859
    vertex 10.000000000000004 29.022441491284543 11.934395189246189
  endloop
endfacet
facet normal -0.0 -0.028456408719327003 -0.9995950344028318
  outer loop
    vertex 10.000000000000004 29.37867965644036 11.991846525094147
    vertex 8.000000000000004 29.276419283035615 11.994757666987859
    vertex 8.000000000000004 29.37867965644036 11.991846525094147
  endloop
endfacet
facet normal -0.0 -0.028456408719327003 -0.9995950344028318
  outer loop
    vertex 8.000000000000004 29.276419283035615 11.994757666987859
    vertex 10.000000000000004 29.37867965644036 11.991846525094147
    vertex 10.000000000000004 29.276419283035615 11.994757666987859
  endloop
endfacet
facet normal -0.0 -0.028456408719321973 -0.999595034402832
  outer loop
    vertex 10.000000000000004 29.53736595024096 11.987329053639078
    vertex 8.000000000000004 29.37867965644036 11.991846525094147
    vertex 8.000000000000004 29.53736595024096 11.987329053639078
  endloop
endfacet
facet normal -0.0 -0.028456408719321973 -0.999595034402832
  outer loop
    vertex 8.000000000000004 29.37867965644036 11.991846525094147
    vertex 10.000000000000004 29.53736595024096 11.987329053639078
    vertex 10.000000000000004 29.37867965644036 11.991846525094147
  endloop
endfacet
facet normal -0.0 -0.2862010123987939 -0.9581695990282231
  outer loop
    vertex 10.000000000000004 29.787498408765295 11.912615596923201
    vertex 8.000000000000004 29.53736595024096 11.987329053639078
    vertex 8.000000000000004 29.787498408765295 11.912615596923201
  endloop
endfacet
facet normal -0.0 -0.2862010123987939 -0.9581695990282231
  outer loop
    vertex 8.000000000000004 29.53736595024096 11.987329053639078
    vertex 10.000000000000004 29.787498408765295 11.912615596923201
    vertex 10.000000000000004 29.53736595024096 11.987329053639078
  endloop
endfacet
facet normal -0.0 -0.5244414900528235 -0.8514464889299704
  outer loop
    vertex 10.000000000000004 30.00977054492362 11.775708895445591
    vertex 8.000000000000004 29.787498408765295 11.912615596923201
    vertex 8.000000000000004 30.00977054492362 11.775708895445591
  endloop
endfacet
facet normal -0.0 -0.5244414900528235 -0.8514464889299704
  outer loop
    vertex 8.000000000000004 29.787498408765295 11.912615596923201
    vertex 10.000000000000004 30.00977054492362 11.775708895445591
    vertex 10.000000000000004 29.787498408765295 11.912615596923201
  endloop
endfacet
facet normal -0.0 -0.7269421468402855 -0.6866987076930003
  outer loop
    vertex 10.000000000000004 30.00977054492362 11.775708895445591
    vertex 8.000000000000004 30.189034879958815 11.585938914662924
    vertex 10.000000000000004 30.189034879958815 11.585938914662924
  endloop
endfacet
facet normal -0.0 -0.7269421468402855 -0.6866987076930003
  outer loop
    vertex 8.000000000000004 30.189034879958815 11.585938914662924
    vertex 10.000000000000004 30.00977054492362 11.775708895445591
    vertex 8.000000000000004 30.00977054492362 11.775708895445591
  endloop
endfacet
facet normal -0.0 -0.8799028976492964 -0.4751535443500048
  outer loop
    vertex 10.000000000000004 30.189034879958815 11.585938914662924
    vertex 8.000000000000004 30.31307484568655 11.35623816515582
    vertex 10.000000000000004 30.31307484568655 11.35623816515582
  endloop
endfacet
facet normal -0.0 -0.8799028976492964 -0.4751535443500048
  outer loop
    vertex 8.000000000000004 30.31307484568655 11.35623816515582
    vertex 10.000000000000004 30.189034879958815 11.585938914662924
    vertex 8.000000000000004 30.189034879958815 11.585938914662924
  endloop
endfacet
facet normal -0.0 -0.9728997200917894 -0.23122745218792293
  outer loop
    vertex 10.000000000000004 30.31307484568655 11.35623816515582
    vertex 8.000000000000004 30.373437323428217 11.10226037340475
    vertex 10.000000000000004 30.373437323428217 11.10226037340475
  endloop
endfacet
facet normal -0.0 -0.9728997200917894 -0.23122745218792293
  outer loop
    vertex 8.000000000000004 30.373437323428217 11.10226037340475
    vertex 10.000000000000004 30.31307484568655 11.35623816515582
    vertex 8.000000000000004 30.31307484568655 11.35623816515582
  endloop
endfacet
facet normal -0.0 -0.9944958238346794 0.10477622046715836
  outer loop
    vertex 10.000000000000004 40.58545025291829 11.025927907687691
    vertex 8.000000000000004 40.582718589187756 11.000000000000002
    vertex 10.000000000000004 40.582718589187756 11.000000000000002
  endloop
endfacet
facet normal -0.0 -0.9944958238346794 0.10477622046715836
  outer loop
    vertex 8.000000000000004 40.582718589187756 11.000000000000002
    vertex 10.000000000000004 40.58545025291829 11.025927907687691
    vertex 8.000000000000004 40.58545025291829 11.025927907687691
  endloop
endfacet
facet normal -0.0 -0.9944958238346971 0.10477622046698963
  outer loop
    vertex 10.000000000000004 40.582718589187756 11.000000000000002
    vertex 8.000000000000004 40.55809817073276 10.76631240155992
    vertex 10.000000000000004 40.55809817073276 10.76631240155992
  endloop
endfacet
facet normal -0.0 -0.9944958238346971 0.10477622046698963
  outer loop
    vertex 8.000000000000004 40.55809817073276 10.76631240155992
    vertex 10.000000000000004 40.582718589187756 11.000000000000002
    vertex 8.000000000000004 40.582718589187756 11.000000000000002
  endloop
endfacet
facet normal -0.0 -0.9334911190478268 0.358600516813398
  outer loop
    vertex 10.000000000000004 40.55809817073276 10.76631240155992
    vertex 8.000000000000004 40.46448465075717 10.522622319078826
    vertex 10.000000000000004 40.46448465075717 10.522622319078826
  endloop
endfacet
facet normal -0.0 -0.9334911190478268 0.358600516813398
  outer loop
    vertex 8.000000000000004 40.46448465075717 10.522622319078826
    vertex 10.000000000000004 40.55809817073276 10.76631240155992
    vertex 8.000000000000004 40.55809817073276 10.76631240155992
  endloop
endfacet
facet normal -0.0 -0.8088705371648712 0.5879867805543018
  outer loop
    vertex 10.000000000000004 40.46448465075717 10.522622319078826
    vertex 8.000000000000004 40.310989299674205 10.311464736648588
    vertex 10.000000000000004 40.310989299674205 10.311464736648588
  endloop
endfacet
facet normal -0.0 -0.8088705371648712 0.5879867805543018
  outer loop
    vertex 8.000000000000004 40.310989299674205 10.311464736648588
    vertex 10.000000000000004 40.46448465075717 10.522622319078826
    vertex 8.000000000000004 40.46448465075717 10.522622319078826
  endloop
endfacet
facet normal -0.0 -0.6291267648958903 0.7773027168945388
  outer loop
    vertex 10.000000000000004 40.10807257199712 10.14722969455743
    vertex 8.000000000000004 40.310989299674205 10.311464736648588
    vertex 8.000000000000004 40.10807257199712 10.14722969455743
  endloop
endfacet
facet normal -0.0 -0.6291267648958903 0.7773027168945388
  outer loop
    vertex 8.000000000000004 40.310989299674205 10.311464736648588
    vertex 10.000000000000004 40.10807257199712 10.14722969455743
    vertex 10.000000000000004 40.310989299674205 10.311464736648588
  endloop
endfacet
facet normal -0.0 -0.40650904328038556 0.9136467576318901
  outer loop
    vertex 10.000000000000004 39.869562907381344 10.041109539512618
    vertex 8.000000000000004 40.10807257199712 10.14722969455743
    vertex 8.000000000000004 39.869562907381344 10.041109539512618
  endloop
endfacet
facet normal -0.0 -0.40650904328038556 0.9136467576318901
  outer loop
    vertex 8.000000000000004 40.10807257199712 10.14722969455743
    vertex 10.000000000000004 39.869562907381344 10.041109539512618
    vertex 10.000000000000004 40.10807257199712 10.14722969455743
  endloop
endfacet
facet normal -0.0 -0.15618840215329308 0.987727281709279
  outer loop
    vertex 10.000000000000004 39.611714345314596 10.000336184708612
    vertex 8.000000000000004 39.869562907381344 10.041109539512618
    vertex 8.000000000000004 39.611714345314596 10.000336184708612
  endloop
endfacet
facet normal -0.0 -0.15618840215329308 0.987727281709279
  outer loop
    vertex 8.000000000000004 39.869562907381344 10.041109539512618
    vertex 10.000000000000004 39.611714345314596 10.000336184708612
    vertex 10.000000000000004 39.869562907381344 10.041109539512618
  endloop
endfacet
facet normal 0.0 0.10477622046701492 0.9944958238346945
  outer loop
    vertex 10.000000000000004 39.35209883918682 10.027688266894149
    vertex 8.000000000000004 39.611714345314596 10.000336184708612
    vertex 8.000000000000004 39.35209883918682 10.027688266894149
  endloop
endfacet
facet normal 0.0 0.10477622046701492 0.9944958238346945
  outer loop
    vertex 8.000000000000004 39.611714345314596 10.000336184708612
    vertex 10.000000000000004 39.35209883918682 10.027688266894149
    vertex 10.000000000000004 39.611714345314596 10.000336184708612
  endloop
endfacet
facet normal 0.0 0.3586005168133987 0.9334911190478266
  outer loop
    vertex 10.000000000000004 39.10840875670573 10.121301786869738
    vertex 8.000000000000004 39.35209883918682 10.027688266894149
    vertex 8.000000000000004 39.10840875670573 10.121301786869738
  endloop
endfacet
facet normal 0.0 0.3586005168133987 0.9334911190478266
  outer loop
    vertex 8.000000000000004 39.35209883918682 10.027688266894149
    vertex 10.000000000000004 39.10840875670573 10.121301786869738
    vertex 10.000000000000004 39.35209883918682 10.027688266894149
  endloop
endfacet
facet normal 0.0 0.5879867805543018 0.8088705371648712
  outer loop
    vertex 10.000000000000004 38.897251174275496 10.274797137952698
    vertex 8.000000000000004 39.10840875670573 10.121301786869738
    vertex 8.000000000000004 38.897251174275496 10.274797137952698
  endloop
endfacet
facet normal 0.0 0.5879867805543018 0.8088705371648712
  outer loop
    vertex 8.000000000000004 39.10840875670573 10.121301786869738
    vertex 10.000000000000004 38.897251174275496 10.274797137952698
    vertex 10.000000000000004 39.10840875670573 10.121301786869738
  endloop
endfacet
facet normal 0.0 0.7773027168945414 0.6291267648958869
  outer loop
    vertex 8.000000000000004 38.73301613218434 10.477713865629788
    vertex 10.000000000000004 38.897251174275496 10.274797137952698
    vertex 8.000000000000004 38.897251174275496 10.274797137952698
  endloop
endfacet
facet normal 0.0 0.7773027168945414 0.6291267648958869
  outer loop
    vertex 10.000000000000004 38.897251174275496 10.274797137952698
    vertex 8.000000000000004 38.73301613218434 10.477713865629788
    vertex 10.000000000000004 38.73301613218434 10.477713865629788
  endloop
endfacet
facet normal 0.0 0.9136467576318803 0.4065090432804076
  outer loop
    vertex 8.000000000000004 38.62689597713952 10.71622353024556
    vertex 10.000000000000004 38.73301613218434 10.477713865629788
    vertex 8.000000000000004 38.73301613218434 10.477713865629788
  endloop
endfacet
facet normal 0.0 0.9136467576318803 0.4065090432804076
  outer loop
    vertex 10.000000000000004 38.73301613218434 10.477713865629788
    vertex 8.000000000000004 38.62689597713952 10.71622353024556
    vertex 10.000000000000004 38.62689597713952 10.71622353024556
  endloop
endfacet
facet normal 0.0 0.9877272817092818 0.15618840215327476
  outer loop
    vertex 8.000000000000004 38.586122622335516 10.974072092312309
    vertex 10.000000000000004 38.62689597713952 10.71622353024556
    vertex 8.000000000000004 38.62689597713952 10.71622353024556
  endloop
endfacet
facet normal 0.0 0.9877272817092818 0.15618840215327476
  outer loop
    vertex 10.000000000000004 38.62689597713952 10.71622353024556
    vertex 8.000000000000004 38.586122622335516 10.974072092312309
    vertex 10.000000000000004 38.586122622335516 10.974072092312309
  endloop
endfacet
facet normal -0.0 0.9944958238347026 -0.10477622046693878
  outer loop
    vertex 8.000000000000004 38.588854286066045 11.000000000000002
    vertex 10.000000000000004 38.586122622335516 10.974072092312309
    vertex 8.000000000000004 38.586122622335516 10.974072092312309
  endloop
endfacet
facet normal -0.0 0.9944958238347026 -0.10477622046693878
  outer loop
    vertex 10.000000000000004 38.586122622335516 10.974072092312309
    vertex 8.000000000000004 38.588854286066045 11.000000000000002
    vertex 10.000000000000004 38.588854286066045 11.000000000000002
  endloop
endfacet
facet normal -0.0 0.9944958238346947 -0.10477622046701339
  outer loop
    vertex 8.000000000000004 38.61347470452105 11.233687598440081
    vertex 10.000000000000004 38.588854286066045 11.000000000000002
    vertex 8.000000000000004 38.588854286066045 11.000000000000002
  endloop
endfacet
facet normal -0.0 0.9944958238346947 -0.10477622046701339
  outer loop
    vertex 10.000000000000004 38.588854286066045 11.000000000000002
    vertex 8.000000000000004 38.61347470452105 11.233687598440081
    vertex 10.000000000000004 38.61347470452105 11.233687598440081
  endloop
endfacet
facet normal -0.0 0.9334911190478268 -0.358600516813398
  outer loop
    vertex 8.000000000000004 38.707088224496644 11.477377680921176
    vertex 10.000000000000004 38.61347470452105 11.233687598440081
    vertex 8.000000000000004 38.61347470452105 11.233687598440081
  endloop
endfacet
facet normal -0.0 0.9334911190478268 -0.358600516813398
  outer loop
    vertex 10.000000000000004 38.61347470452105 11.233687598440081
    vertex 8.000000000000004 38.707088224496644 11.477377680921176
    vertex 10.000000000000004 38.707088224496644 11.477377680921176
  endloop
endfacet
facet normal -0.0 0.8088705371648712 -0.5879867805543018
  outer loop
    vertex 8.000000000000004 38.860583575579604 11.688535263351413
    vertex 10.000000000000004 38.707088224496644 11.477377680921176
    vertex 8.000000000000004 38.707088224496644 11.477377680921176
  endloop
endfacet
facet normal -0.0 0.8088705371648712 -0.5879867805543018
  outer loop
    vertex 10.000000000000004 38.707088224496644 11.477377680921176
    vertex 8.000000000000004 38.860583575579604 11.688535263351413
    vertex 10.000000000000004 38.860583575579604 11.688535263351413
  endloop
endfacet
facet normal -0.0 0.6291267648958903 -0.7773027168945388
  outer loop
    vertex 10.000000000000004 39.06350030325669 11.852770305442574
    vertex 8.000000000000004 38.860583575579604 11.688535263351413
    vertex 8.000000000000004 39.06350030325669 11.852770305442574
  endloop
endfacet
facet normal -0.0 0.6291267648958903 -0.7773027168945388
  outer loop
    vertex 8.000000000000004 38.860583575579604 11.688535263351413
    vertex 10.000000000000004 39.06350030325669 11.852770305442574
    vertex 10.000000000000004 38.860583575579604 11.688535263351413
  endloop
endfacet
facet normal -0.0 0.40650904328038556 -0.9136467576318901
  outer loop
    vertex 10.000000000000004 39.302009967872465 11.958890460487384
    vertex 8.000000000000004 39.06350030325669 11.852770305442574
    vertex 8.000000000000004 39.302009967872465 11.958890460487384
  endloop
endfacet
facet normal -0.0 0.40650904328038556 -0.9136467576318901
  outer loop
    vertex 8.000000000000004 39.06350030325669 11.852770305442574
    vertex 10.000000000000004 39.302009967872465 11.958890460487384
    vertex 10.000000000000004 39.06350030325669 11.852770305442574
  endloop
endfacet
facet normal -0.0 0.15618840215329308 -0.987727281709279
  outer loop
    vertex 10.000000000000004 39.55985852993921 11.99966381529139
    vertex 8.000000000000004 39.302009967872465 11.958890460487384
    vertex 8.000000000000004 39.55985852993921 11.99966381529139
  endloop
endfacet
facet normal -0.0 0.15618840215329308 -0.987727281709279
  outer loop
    vertex 8.000000000000004 39.302009967872465 11.958890460487384
    vertex 10.000000000000004 39.55985852993921 11.99966381529139
    vertex 10.000000000000004 39.302009967872465 11.958890460487384
  endloop
endfacet
facet normal -0.0 -0.1047762204670401 -0.9944958238346918
  outer loop
    vertex 10.000000000000004 39.58578643762691 11.996932151560857
    vertex 8.000000000000004 39.55985852993921 11.99966381529139
    vertex 8.000000000000004 39.58578643762691 11.996932151560857
  endloop
endfacet
facet normal -0.0 -0.1047762204670401 -0.9944958238346918
  outer loop
    vertex 8.000000000000004 39.55985852993921 11.99966381529139
    vertex 10.000000000000004 39.58578643762691 11.996932151560857
    vertex 10.000000000000004 39.55985852993921 11.99966381529139
  endloop
endfacet
facet normal -0.0 -0.10477622046701214 -0.9944958238346948
  outer loop
    vertex 10.000000000000004 39.819474036066985 11.972311733105853
    vertex 8.000000000000004 39.58578643762691 11.996932151560857
    vertex 8.000000000000004 39.819474036066985 11.972311733105853
  endloop
endfacet
facet normal -0.0 -0.10477622046701214 -0.9944958238346948
  outer loop
    vertex 8.000000000000004 39.58578643762691 11.996932151560857
    vertex 10.000000000000004 39.819474036066985 11.972311733105853
    vertex 10.000000000000004 39.58578643762691 11.996932151560857
  endloop
endfacet
facet normal -0.0 -0.3586005168133987 -0.9334911190478266
  outer loop
    vertex 10.000000000000004 40.06316411854808 11.878698213130264
    vertex 8.000000000000004 39.819474036066985 11.972311733105853
    vertex 8.000000000000004 40.06316411854808 11.878698213130264
  endloop
endfacet
facet normal -0.0 -0.3586005168133987 -0.9334911190478266
  outer loop
    vertex 8.000000000000004 39.819474036066985 11.972311733105853
    vertex 10.000000000000004 40.06316411854808 11.878698213130264
    vertex 10.000000000000004 39.819474036066985 11.972311733105853
  endloop
endfacet
facet normal -0.0 -0.5879867805543018 -0.8088705371648712
  outer loop
    vertex 10.000000000000004 40.27432170097832 11.725202862047304
    vertex 8.000000000000004 40.06316411854808 11.878698213130264
    vertex 8.000000000000004 40.27432170097832 11.725202862047304
  endloop
endfacet
facet normal -0.0 -0.5879867805543018 -0.8088705371648712
  outer loop
    vertex 8.000000000000004 40.06316411854808 11.878698213130264
    vertex 10.000000000000004 40.27432170097832 11.725202862047304
    vertex 10.000000000000004 40.06316411854808 11.878698213130264
  endloop
endfacet
facet normal -0.0 -0.777302716894533 -0.6291267648958975
  outer loop
    vertex 10.000000000000004 40.27432170097832 11.725202862047304
    vertex 8.000000000000004 40.43855674306948 11.522286134370212
    vertex 10.000000000000004 40.43855674306948 11.522286134370212
  endloop
endfacet
facet normal -0.0 -0.777302716894533 -0.6291267648958975
  outer loop
    vertex 8.000000000000004 40.43855674306948 11.522286134370212
    vertex 10.000000000000004 40.27432170097832 11.725202862047304
    vertex 8.000000000000004 40.27432170097832 11.725202862047304
  endloop
endfacet
facet normal -0.0 -0.9136467576318875 -0.4065090432803916
  outer loop
    vertex 10.000000000000004 40.43855674306948 11.522286134370212
    vertex 8.000000000000004 40.54467689811429 11.283776469754441
    vertex 10.000000000000004 40.54467689811429 11.283776469754441
  endloop
endfacet
facet normal -0.0 -0.9136467576318875 -0.4065090432803916
  outer loop
    vertex 8.000000000000004 40.54467689811429 11.283776469754441
    vertex 10.000000000000004 40.43855674306948 11.522286134370212
    vertex 8.000000000000004 40.43855674306948 11.522286134370212
  endloop
endfacet
facet normal -0.0 -0.987727281709282 -0.15618840215327393
  outer loop
    vertex 10.000000000000004 40.54467689811429 11.283776469754441
    vertex 8.000000000000004 40.58545025291829 11.025927907687691
    vertex 10.000000000000004 40.58545025291829 11.025927907687691
  endloop
endfacet
facet normal -0.0 -0.987727281709282 -0.15618840215327393
  outer loop
    vertex 8.000000000000004 40.58545025291829 11.025927907687691
    vertex 10.000000000000004 40.54467689811429 11.283776469754441
    vertex 8.000000000000004 40.54467689811429 11.283776469754441
  endloop
endfacet
facet normal -0.0 -0.9951033012140436 0.09884037592458156
  outer loop
    vertex 10.000000000000004 50.79238453124527 11.031892261966382
    vertex 8.000000000000004 50.78921677654282 11.000000000000002
    vertex 10.000000000000004 50.78921677654282 11.000000000000002
  endloop
endfacet
facet normal -0.0 -0.9951033012140436 0.09884037592458156
  outer loop
    vertex 8.000000000000004 50.78921677654282 11.000000000000002
    vertex 10.000000000000004 50.79238453124527 11.031892261966382
    vertex 8.000000000000004 50.79238453124527 11.031892261966382
  endloop
endfacet
facet normal -0.0 -0.9951033012140436 0.09884037592458271
  outer loop
    vertex 10.000000000000004 50.78921677654282 11.000000000000002
    vertex 8.000000000000004 50.7665820154312 10.772118172420239
    vertex 10.000000000000004 50.7665820154312 10.772118172420239
  endloop
endfacet
facet normal -0.0 -0.9951033012140436 0.09884037592458271
  outer loop
    vertex 8.000000000000004 50.7665820154312 10.772118172420239
    vertex 10.000000000000004 50.78921677654282 11.000000000000002
    vertex 8.000000000000004 50.78921677654282 11.000000000000002
  endloop
endfacet
facet normal -0.0 -0.9356142067537739 0.35302415798427533
  outer loop
    vertex 10.000000000000004 50.7665820154312 10.772118172420239
    vertex 8.000000000000004 50.67442421722444 10.527873852831128
    vertex 10.000000000000004 50.67442421722444 10.527873852831128
  endloop
endfacet
facet normal -0.0 -0.9356142067537739 0.35302415798427533
  outer loop
    vertex 8.000000000000004 50.67442421722444 10.527873852831128
    vertex 10.000000000000004 50.7665820154312 10.772118172420239
    vertex 8.000000000000004 50.7665820154312 10.772118172420239
  endloop
endfacet
facet normal -0.0 -0.8123645502788265 0.5831499270773168
  outer loop
    vertex 10.000000000000004 50.67442421722444 10.527873852831128
    vertex 8.000000000000004 50.52219153827484 10.31580414994623
    vertex 10.000000000000004 50.52219153827484 10.31580414994623
  endloop
endfacet
facet normal -0.0 -0.8123645502788265 0.5831499270773168
  outer loop
    vertex 8.000000000000004 50.52219153827484 10.31580414994623
    vertex 10.000000000000004 50.67442421722444 10.527873852831128
    vertex 8.000000000000004 50.67442421722444 10.527873852831128
  endloop
endfacet
facet normal -0.0 -0.6337535921982596 0.7735349923408782
  outer loop
    vertex 10.000000000000004 50.320258384076396 10.150361263555391
    vertex 8.000000000000004 50.52219153827484 10.31580414994623
    vertex 8.000000000000004 50.320258384076396 10.150361263555391
  endloop
endfacet
facet normal -0.0 -0.6337535921982596 0.7735349923408782
  outer loop
    vertex 8.000000000000004 50.52219153827484 10.31580414994623
    vertex 10.000000000000004 50.320258384076396 10.150361263555391
    vertex 10.000000000000004 50.52219153827484 10.31580414994623
  endloop
endfacet
facet normal -0.0 -0.4119533741367287 0.9112049262034115
  outer loop
    vertex 10.000000000000004 50.08238616537743 10.042819852958853
    vertex 8.000000000000004 50.320258384076396 10.150361263555391
    vertex 8.000000000000004 50.08238616537743 10.042819852958853
  endloop
endfacet
facet normal -0.0 -0.4119533741367287 0.9112049262034115
  outer loop
    vertex 8.000000000000004 50.320258384076396 10.150361263555391
    vertex 10.000000000000004 50.08238616537743 10.042819852958853
    vertex 10.000000000000004 50.320258384076396 10.150361263555391
  endloop
endfacet
facet normal -0.0 -0.16207921441290327 0.9867777501825302
  outer loop
    vertex 10.000000000000004 49.82478548077984 10.000508687568185
    vertex 8.000000000000004 50.08238616537743 10.042819852958853
    vertex 8.000000000000004 49.82478548077984 10.000508687568185
  endloop
endfacet
facet normal -0.0 -0.16207921441290327 0.9867777501825302
  outer loop
    vertex 8.000000000000004 50.08238616537743 10.042819852958853
    vertex 10.000000000000004 49.82478548077984 10.000508687568185
    vertex 10.000000000000004 50.08238616537743 10.042819852958853
  endloop
endfacet
facet normal 0.0 0.09884037592459431 0.9951033012140423
  outer loop
    vertex 10.000000000000004 49.565011391233696 10.026311203382257
    vertex 8.000000000000004 49.82478548077984 10.000508687568185
    vertex 8.000000000000004 49.565011391233696 10.026311203382257
  endloop
endfacet
facet normal 0.0 0.09884037592459431 0.9951033012140423
  outer loop
    vertex 8.000000000000004 49.82478548077984 10.000508687568185
    vertex 10.000000000000004 49.565011391233696 10.026311203382257
    vertex 10.000000000000004 49.82478548077984 10.000508687568185
  endloop
endfacet
facet normal 0.0 0.3530241579842605 0.9356142067537795
  outer loop
    vertex 10.000000000000004 49.32076707164458 10.118469001589009
    vertex 8.000000000000004 49.565011391233696 10.026311203382257
    vertex 8.000000000000004 49.32076707164458 10.118469001589009
  endloop
endfacet
facet normal 0.0 0.3530241579842605 0.9356142067537795
  outer loop
    vertex 8.000000000000004 49.565011391233696 10.026311203382257
    vertex 10.000000000000004 49.32076707164458 10.118469001589009
    vertex 10.000000000000004 49.565011391233696 10.026311203382257
  endloop
endfacet
facet normal 0.0 0.583149927077323 0.8123645502788223
  outer loop
    vertex 10.000000000000004 49.108697368759685 10.270701680538616
    vertex 8.000000000000004 49.32076707164458 10.118469001589009
    vertex 8.000000000000004 49.108697368759685 10.270701680538616
  endloop
endfacet
facet normal 0.0 0.583149927077323 0.8123645502788223
  outer loop
    vertex 8.000000000000004 49.32076707164458 10.118469001589009
    vertex 10.000000000000004 49.108697368759685 10.270701680538616
    vertex 10.000000000000004 49.32076707164458 10.118469001589009
  endloop
endfacet
facet normal 0.0 0.7735349923408759 0.6337535921982621
  outer loop
    vertex 8.000000000000004 48.94325448236884 10.47263483473706
    vertex 10.000000000000004 49.108697368759685 10.270701680538616
    vertex 8.000000000000004 49.108697368759685 10.270701680538616
  endloop
endfacet
facet normal 0.0 0.7735349923408759 0.6337535921982621
  outer loop
    vertex 10.000000000000004 49.108697368759685 10.270701680538616
    vertex 8.000000000000004 48.94325448236884 10.47263483473706
    vertex 10.000000000000004 48.94325448236884 10.47263483473706
  endloop
endfacet
facet normal 0.0 0.9112049262034174 0.4119533741367157
  outer loop
    vertex 8.000000000000004 48.83571307177231 10.710507053436029
    vertex 10.000000000000004 48.94325448236884 10.47263483473706
    vertex 8.000000000000004 48.94325448236884 10.47263483473706
  endloop
endfacet
facet normal 0.0 0.9112049262034174 0.4119533741367157
  outer loop
    vertex 10.000000000000004 48.94325448236884 10.47263483473706
    vertex 8.000000000000004 48.83571307177231 10.710507053436029
    vertex 10.000000000000004 48.83571307177231 10.710507053436029
  endloop
endfacet
facet normal 0.0 0.9867777501825291 0.16207921441291026
  outer loop
    vertex 8.000000000000004 48.79340190638164 10.96810773803362
    vertex 10.000000000000004 48.83571307177231 10.710507053436029
    vertex 8.000000000000004 48.83571307177231 10.710507053436029
  endloop
endfacet
facet normal 0.0 0.9867777501825291 0.16207921441291026
  outer loop
    vertex 10.000000000000004 48.83571307177231 10.710507053436029
    vertex 8.000000000000004 48.79340190638164 10.96810773803362
    vertex 10.000000000000004 48.79340190638164 10.96810773803362
  endloop
endfacet
facet normal -0.0 0.995103301214044 -0.09884037592457724
  outer loop
    vertex 8.000000000000004 48.796569661084085 11.000000000000002
    vertex 10.000000000000004 48.79340190638164 10.96810773803362
    vertex 8.000000000000004 48.79340190638164 10.96810773803362
  endloop
endfacet
facet normal -0.0 0.995103301214044 -0.09884037592457724
  outer loop
    vertex 10.000000000000004 48.79340190638164 10.96810773803362
    vertex 8.000000000000004 48.796569661084085 11.000000000000002
    vertex 10.000000000000004 48.796569661084085 11.000000000000002
  endloop
endfacet
facet normal -0.0 0.9951033012140436 -0.09884037592458271
  outer loop
    vertex 8.000000000000004 48.81920442219571 11.227881827579765
    vertex 10.000000000000004 48.796569661084085 11.000000000000002
    vertex 8.000000000000004 48.796569661084085 11.000000000000002
  endloop
endfacet
facet normal -0.0 0.9951033012140436 -0.09884037592458271
  outer loop
    vertex 10.000000000000004 48.796569661084085 11.000000000000002
    vertex 8.000000000000004 48.81920442219571 11.227881827579765
    vertex 10.000000000000004 48.81920442219571 11.227881827579765
  endloop
endfacet
facet normal -0.0 0.9356142067537739 -0.35302415798427533
  outer loop
    vertex 8.000000000000004 48.91136222040247 11.472126147168874
    vertex 10.000000000000004 48.81920442219571 11.227881827579765
    vertex 8.000000000000004 48.81920442219571 11.227881827579765
  endloop
endfacet
facet normal -0.0 0.9356142067537739 -0.35302415798427533
  outer loop
    vertex 10.000000000000004 48.81920442219571 11.227881827579765
    vertex 8.000000000000004 48.91136222040247 11.472126147168874
    vertex 10.000000000000004 48.91136222040247 11.472126147168874
  endloop
endfacet
facet normal -0.0 0.8123645502788265 -0.5831499270773168
  outer loop
    vertex 8.000000000000004 49.06359489935207 11.684195850053772
    vertex 10.000000000000004 48.91136222040247 11.472126147168874
    vertex 8.000000000000004 48.91136222040247 11.472126147168874
  endloop
endfacet
facet normal -0.0 0.8123645502788265 -0.5831499270773168
  outer loop
    vertex 10.000000000000004 48.91136222040247 11.472126147168874
    vertex 8.000000000000004 49.06359489935207 11.684195850053772
    vertex 10.000000000000004 49.06359489935207 11.684195850053772
  endloop
endfacet
facet normal -0.0 0.6337535921982628 -0.7735349923408754
  outer loop
    vertex 10.000000000000004 49.26552805355051 11.849638736444613
    vertex 8.000000000000004 49.06359489935207 11.684195850053772
    vertex 8.000000000000004 49.26552805355051 11.849638736444613
  endloop
endfacet
facet normal -0.0 0.6337535921982628 -0.7735349923408754
  outer loop
    vertex 8.000000000000004 49.06359489935207 11.684195850053772
    vertex 10.000000000000004 49.26552805355051 11.849638736444613
    vertex 10.000000000000004 49.06359489935207 11.684195850053772
  endloop
endfacet
facet normal -0.0 0.4119533741367242 -0.9112049262034135
  outer loop
    vertex 10.000000000000004 49.50340027224948 11.957180147041148
    vertex 8.000000000000004 49.26552805355051 11.849638736444613
    vertex 8.000000000000004 49.50340027224948 11.957180147041148
  endloop
endfacet
facet normal -0.0 0.4119533741367242 -0.9112049262034135
  outer loop
    vertex 8.000000000000004 49.26552805355051 11.849638736444613
    vertex 10.000000000000004 49.50340027224948 11.957180147041148
    vertex 10.000000000000004 49.26552805355051 11.849638736444613
  endloop
endfacet
facet normal -0.0 0.16207921441290327 -0.9867777501825302
  outer loop
    vertex 10.000000000000004 49.76100095684707 11.999491312431816
    vertex 8.000000000000004 49.50340027224948 11.957180147041148
    vertex 8.000000000000004 49.76100095684707 11.999491312431816
  endloop
endfacet
facet normal -0.0 0.16207921441290327 -0.9867777501825302
  outer loop
    vertex 8.000000000000004 49.50340027224948 11.957180147041148
    vertex 10.000000000000004 49.76100095684707 11.999491312431816
    vertex 10.000000000000004 49.50340027224948 11.957180147041148
  endloop
endfacet
facet normal -0.0 -0.09884037592458156 -0.9951033012140436
  outer loop
    vertex 10.000000000000004 49.792893218813454 11.996323557729369
    vertex 8.000000000000004 49.76100095684707 11.999491312431816
    vertex 8.000000000000004 49.792893218813454 11.996323557729369
  endloop
endfacet
facet normal -0.0 -0.09884037592458156 -0.9951033012140436
  outer loop
    vertex 8.000000000000004 49.76100095684707 11.999491312431816
    vertex 10.000000000000004 49.792893218813454 11.996323557729369
    vertex 10.000000000000004 49.76100095684707 11.999491312431816
  endloop
endfacet
facet normal -0.0 -0.09884037592459366 -0.9951033012140423
  outer loop
    vertex 10.000000000000004 50.02077504639322 11.973688796617745
    vertex 8.000000000000004 49.792893218813454 11.996323557729369
    vertex 8.000000000000004 50.02077504639322 11.973688796617745
  endloop
endfacet
facet normal -0.0 -0.09884037592459366 -0.9951033012140423
  outer loop
    vertex 8.000000000000004 49.792893218813454 11.996323557729369
    vertex 10.000000000000004 50.02077504639322 11.973688796617745
    vertex 10.000000000000004 49.792893218813454 11.996323557729369
  endloop
endfacet
facet normal -0.0 -0.3530241579842676 -0.9356142067537767
  outer loop
    vertex 10.000000000000004 50.265019365982326 11.881530998410993
    vertex 8.000000000000004 50.02077504639322 11.973688796617745
    vertex 8.000000000000004 50.265019365982326 11.881530998410993
  endloop
endfacet
facet normal -0.0 -0.3530241579842676 -0.9356142067537767
  outer loop
    vertex 8.000000000000004 50.02077504639322 11.973688796617745
    vertex 10.000000000000004 50.265019365982326 11.881530998410993
    vertex 10.000000000000004 50.02077504639322 11.973688796617745
  endloop
endfacet
facet normal -0.0 -0.583149927077323 -0.8123645502788223
  outer loop
    vertex 10.000000000000004 50.47708906886722 11.729298319461385
    vertex 8.000000000000004 50.265019365982326 11.881530998410993
    vertex 8.000000000000004 50.47708906886722 11.729298319461385
  endloop
endfacet
facet normal -0.0 -0.583149927077323 -0.8123645502788223
  outer loop
    vertex 8.000000000000004 50.265019365982326 11.881530998410993
    vertex 10.000000000000004 50.47708906886722 11.729298319461385
    vertex 10.000000000000004 50.265019365982326 11.881530998410993
  endloop
endfacet
facet normal -0.0 -0.7735349923408759 -0.6337535921982621
  outer loop
    vertex 10.000000000000004 50.47708906886722 11.729298319461385
    vertex 8.000000000000004 50.642531955258065 11.527365165262943
    vertex 10.000000000000004 50.642531955258065 11.527365165262943
  endloop
endfacet
facet normal -0.0 -0.7735349923408759 -0.6337535921982621
  outer loop
    vertex 8.000000000000004 50.642531955258065 11.527365165262943
    vertex 10.000000000000004 50.47708906886722 11.729298319461385
    vertex 8.000000000000004 50.47708906886722 11.729298319461385
  endloop
endfacet
facet normal -0.0 -0.9112049262034174 -0.4119533741367157
  outer loop
    vertex 10.000000000000004 50.642531955258065 11.527365165262943
    vertex 8.000000000000004 50.7500733658546 11.289492946563973
    vertex 10.000000000000004 50.7500733658546 11.289492946563973
  endloop
endfacet
facet normal -0.0 -0.9112049262034174 -0.4119533741367157
  outer loop
    vertex 8.000000000000004 50.7500733658546 11.289492946563973
    vertex 10.000000000000004 50.642531955258065 11.527365165262943
    vertex 8.000000000000004 50.642531955258065 11.527365165262943
  endloop
endfacet
facet normal -0.0 -0.9867777501825293 -0.1620792144129094
  outer loop
    vertex 10.000000000000004 50.7500733658546 11.289492946563973
    vertex 8.000000000000004 50.79238453124527 11.031892261966382
    vertex 10.000000000000004 50.79238453124527 11.031892261966382
  endloop
endfacet
facet normal -0.0 -0.9867777501825293 -0.1620792144129094
  outer loop
    vertex 8.000000000000004 50.79238453124527 11.031892261966382
    vertex 10.000000000000004 50.7500733658546 11.289492946563973
    vertex 8.000000000000004 50.7500733658546 11.289492946563973
  endloop
endfacet
facet normal -0.0 -0.9998218542187529 -0.0188748463987116
  outer loop
    vertex 10.000000000000004 60.988804577825256 11.149216309000824
    vertex 8.000000000000004 60.99162151456322 11.000000000000002
    vertex 10.000000000000004 60.99162151456322 11.000000000000002
  endloop
endfacet
facet normal -0.0 -0.9998218542187529 -0.0188748463987116
  outer loop
    vertex 8.000000000000004 60.99162151456322 11.000000000000002
    vertex 10.000000000000004 60.988804577825256 11.149216309000824
    vertex 8.000000000000004 60.988804577825256 11.149216309000824
  endloop
endfacet
facet normal -0.0 -0.9998218542187516 -0.01887484639878663
  outer loop
    vertex 10.000000000000004 60.99162151456322 11.000000000000002
    vertex 8.000000000000004 60.993731901483585 10.888210429941694
    vertex 10.000000000000004 60.993731901483585 10.888210429941694
  endloop
endfacet
facet normal -0.0 -0.9998218542187516 -0.01887484639878663
  outer loop
    vertex 8.000000000000004 60.993731901483585 10.888210429941694
    vertex 10.000000000000004 60.99162151456322 11.000000000000002
    vertex 8.000000000000004 60.99162151456322 11.000000000000002
  endloop
endfacet
facet normal -0.0 -0.970638920399493 0.2405412359777571
  outer loop
    vertex 10.000000000000004 60.993731901483585 10.888210429941694
    vertex 8.000000000000004 60.93093803827542 10.634822825341036
    vertex 10.000000000000004 60.93093803827542 10.634822825341036
  endloop
endfacet
facet normal -0.0 -0.970638920399493 0.2405412359777571
  outer loop
    vertex 8.000000000000004 60.93093803827542 10.634822825341036
    vertex 10.000000000000004 60.993731901483585 10.888210429941694
    vertex 8.000000000000004 60.993731901483585 10.888210429941694
  endloop
endfacet
facet normal -0.0 -0.8753085482116818 0.4835648306355189
  outer loop
    vertex 10.000000000000004 60.93093803827542 10.634822825341036
    vertex 8.000000000000004 60.80470228620665 10.406321441709574
    vertex 10.000000000000004 60.80470228620665 10.406321441709574
  endloop
endfacet
facet normal -0.0 -0.8753085482116818 0.4835648306355189
  outer loop
    vertex 8.000000000000004 60.80470228620665 10.406321441709574
    vertex 10.000000000000004 60.93093803827542 10.634822825341036
    vertex 8.000000000000004 60.93093803827542 10.634822825341036
  endloop
endfacet
facet normal -0.0 -0.7203273449789936 0.6936342812141812
  outer loop
    vertex 10.000000000000004 60.80470228620665 10.406321441709574
    vertex 8.000000000000004 60.62362740316629 10.218278270725397
    vertex 10.000000000000004 60.62362740316629 10.218278270725397
  endloop
endfacet
facet normal -0.0 -0.7203273449789936 0.6936342812141812
  outer loop
    vertex 8.000000000000004 60.62362740316629 10.218278270725397
    vertex 10.000000000000004 60.80470228620665 10.406321441709574
    vertex 8.000000000000004 60.80470228620665 10.406321441709574
  endloop
endfacet
facet normal -0.0 -0.5162570235832113 0.8564337018129329
  outer loop
    vertex 10.000000000000004 60.40005334319316 10.083508143735047
    vertex 8.000000000000004 60.62362740316629 10.218278270725397
    vertex 8.000000000000004 60.40005334319316 10.083508143735047
  endloop
endfacet
facet normal -0.0 -0.5162570235832113 0.8564337018129329
  outer loop
    vertex 8.000000000000004 60.62362740316629 10.218278270725397
    vertex 10.000000000000004 60.40005334319316 10.083508143735047
    vertex 10.000000000000004 60.62362740316629 10.218278270725397
  endloop
endfacet
facet normal -0.0 -0.2770046391853291 0.960868580956733
  outer loop
    vertex 10.000000000000004 60.14921630900083 10.01119542217475
    vertex 8.000000000000004 60.40005334319316 10.083508143735047
    vertex 8.000000000000004 60.14921630900083 10.01119542217475
  endloop
endfacet
facet normal -0.0 -0.2770046391853291 0.960868580956733
  outer loop
    vertex 8.000000000000004 60.40005334319316 10.083508143735047
    vertex 10.000000000000004 60.14921630900083 10.01119542217475
    vertex 10.000000000000004 60.40005334319316 10.083508143735047
  endloop
endfacet
facet normal -0.0 -0.018874846398743428 0.9998218542187522
  outer loop
    vertex 10.000000000000004 59.888210429941694 10.006268098516417
    vertex 8.000000000000004 60.14921630900083 10.01119542217475
    vertex 8.000000000000004 59.888210429941694 10.006268098516417
  endloop
endfacet
facet normal -0.0 -0.018874846398743428 0.9998218542187522
  outer loop
    vertex 8.000000000000004 60.14921630900083 10.01119542217475
    vertex 10.000000000000004 59.888210429941694 10.006268098516417
    vertex 10.000000000000004 60.14921630900083 10.01119542217475
  endloop
endfacet
facet normal 0.0 0.24054123597773544 0.9706389203994982
  outer loop
    vertex 10.000000000000004 59.63482282534103 10.069061961724573
    vertex 8.000000000000004 59.888210429941694 10.006268098516417
    vertex 8.000000000000004 59.63482282534103 10.069061961724573
  endloop
endfacet
facet normal 0.0 0.24054123597773544 0.9706389203994982
  outer loop
    vertex 8.000000000000004 59.888210429941694 10.006268098516417
    vertex 10.000000000000004 59.63482282534103 10.069061961724573
    vertex 10.000000000000004 59.888210429941694 10.006268098516417
  endloop
endfacet
facet normal 0.0 0.4835648306355285 0.8753085482116764
  outer loop
    vertex 10.000000000000004 59.40632144170957 10.195297713793355
    vertex 8.000000000000004 59.63482282534103 10.069061961724573
    vertex 8.000000000000004 59.40632144170957 10.195297713793355
  endloop
endfacet
facet normal 0.0 0.4835648306355285 0.8753085482116764
  outer loop
    vertex 8.000000000000004 59.63482282534103 10.069061961724573
    vertex 10.000000000000004 59.40632144170957 10.195297713793355
    vertex 10.000000000000004 59.63482282534103 10.069061961724573
  endloop
endfacet
facet normal 0.0 0.6936342812141866 0.7203273449789885
  outer loop
    vertex 10.000000000000004 59.2182782707254 10.376372596833715
    vertex 8.000000000000004 59.40632144170957 10.195297713793355
    vertex 8.000000000000004 59.2182782707254 10.376372596833715
  endloop
endfacet
facet normal 0.0 0.6936342812141866 0.7203273449789885
  outer loop
    vertex 8.000000000000004 59.40632144170957 10.195297713793355
    vertex 10.000000000000004 59.2182782707254 10.376372596833715
    vertex 10.000000000000004 59.40632144170957 10.195297713793355
  endloop
endfacet
facet normal 0.0 0.8564337018129311 0.5162570235832146
  outer loop
    vertex 8.000000000000004 59.083508143735045 10.599946656806843
    vertex 10.000000000000004 59.2182782707254 10.376372596833715
    vertex 8.000000000000004 59.2182782707254 10.376372596833715
  endloop
endfacet
facet normal 0.0 0.8564337018129311 0.5162570235832146
  outer loop
    vertex 10.000000000000004 59.2182782707254 10.376372596833715
    vertex 8.000000000000004 59.083508143735045 10.599946656806843
    vertex 10.000000000000004 59.083508143735045 10.599946656806843
  endloop
endfacet
facet normal 0.0 0.960868580956736 0.27700463918531903
  outer loop
    vertex 8.000000000000004 59.01119542217475 10.850783690999178
    vertex 10.000000000000004 59.083508143735045 10.599946656806843
    vertex 8.000000000000004 59.083508143735045 10.599946656806843
  endloop
endfacet
facet normal 0.0 0.960868580956736 0.27700463918531903
  outer loop
    vertex 10.000000000000004 59.083508143735045 10.599946656806843
    vertex 8.000000000000004 59.01119542217475 10.850783690999178
    vertex 10.000000000000004 59.01119542217475 10.850783690999178
  endloop
endfacet
facet normal 0.0 0.9998218542187529 0.0188748463987116
  outer loop
    vertex 8.000000000000004 59.00837848543678 11.000000000000002
    vertex 10.000000000000004 59.01119542217475 10.850783690999178
    vertex 8.000000000000004 59.01119542217475 10.850783690999178
  endloop
endfacet
facet normal 0.0 0.9998218542187529 0.0188748463987116
  outer loop
    vertex 10.000000000000004 59.01119542217475 10.850783690999178
    vertex 8.000000000000004 59.00837848543678 11.000000000000002
    vertex 10.000000000000004 59.00837848543678 11.000000000000002
  endloop
endfacet
facet normal 0.0 0.9998218542187516 0.01887484639878663
  outer loop
    vertex 8.000000000000004 59.006268098516415 11.11178957005831
    vertex 10.000000000000004 59.00837848543678 11.000000000000002
    vertex 8.000000000000004 59.00837848543678 11.000000000000002
  endloop
endfacet
facet normal 0.0 0.9998218542187516 0.01887484639878663
  outer loop
    vertex 10.000000000000004 59.00837848543678 11.000000000000002
    vertex 8.000000000000004 59.006268098516415 11.11178957005831
    vertex 10.000000000000004 59.006268098516415 11.11178957005831
  endloop
endfacet
facet normal -0.0 0.9706389203994926 -0.24054123597775834
  outer loop
    vertex 8.000000000000004 59.06906196172458 11.365177174658966
    vertex 10.000000000000004 59.006268098516415 11.11178957005831
    vertex 8.000000000000004 59.006268098516415 11.11178957005831
  endloop
endfacet
facet normal -0.0 0.9706389203994926 -0.24054123597775834
  outer loop
    vertex 10.000000000000004 59.006268098516415 11.11178957005831
    vertex 8.000000000000004 59.06906196172458 11.365177174658966
    vertex 10.000000000000004 59.06906196172458 11.365177174658966
  endloop
endfacet
facet normal -0.0 0.8753085482116831 -0.48356483063551664
  outer loop
    vertex 8.000000000000004 59.19529771379336 11.593678558290428
    vertex 10.000000000000004 59.06906196172458 11.365177174658966
    vertex 8.000000000000004 59.06906196172458 11.365177174658966
  endloop
endfacet
facet normal -0.0 0.8753085482116831 -0.48356483063551664
  outer loop
    vertex 10.000000000000004 59.06906196172458 11.365177174658966
    vertex 8.000000000000004 59.19529771379336 11.593678558290428
    vertex 10.000000000000004 59.19529771379336 11.593678558290428
  endloop
endfacet
facet normal -0.0 0.7203273449789936 -0.6936342812141812
  outer loop
    vertex 8.000000000000004 59.37637259683372 11.781721729274606
    vertex 10.000000000000004 59.19529771379336 11.593678558290428
    vertex 8.000000000000004 59.19529771379336 11.593678558290428
  endloop
endfacet
facet normal -0.0 0.7203273449789936 -0.6936342812141812
  outer loop
    vertex 10.000000000000004 59.19529771379336 11.593678558290428
    vertex 8.000000000000004 59.37637259683372 11.781721729274606
    vertex 10.000000000000004 59.37637259683372 11.781721729274606
  endloop
endfacet
facet normal -0.0 0.5162570235832113 -0.8564337018129329
  outer loop
    vertex 10.000000000000004 59.59994665680685 11.916491856264955
    vertex 8.000000000000004 59.37637259683372 11.781721729274606
    vertex 8.000000000000004 59.59994665680685 11.916491856264955
  endloop
endfacet
facet normal -0.0 0.5162570235832113 -0.8564337018129329
  outer loop
    vertex 8.000000000000004 59.37637259683372 11.781721729274606
    vertex 10.000000000000004 59.59994665680685 11.916491856264955
    vertex 10.000000000000004 59.37637259683372 11.781721729274606
  endloop
endfacet
facet normal -0.0 0.2770046391853291 -0.960868580956733
  outer loop
    vertex 10.000000000000004 59.85078369099918 11.988804577825253
    vertex 8.000000000000004 59.59994665680685 11.916491856264955
    vertex 8.000000000000004 59.85078369099918 11.988804577825253
  endloop
endfacet
facet normal -0.0 0.2770046391853291 -0.960868580956733
  outer loop
    vertex 8.000000000000004 59.59994665680685 11.916491856264955
    vertex 10.000000000000004 59.85078369099918 11.988804577825253
    vertex 10.000000000000004 59.59994665680685 11.916491856264955
  endloop
endfacet
facet normal -0.0 0.018874846398739396 -0.9998218542187524
  outer loop
    vertex 10.000000000000004 60.0 11.991621514563226
    vertex 8.000000000000004 59.85078369099918 11.988804577825253
    vertex 8.000000000000004 60.0 11.991621514563226
  endloop
endfacet
facet normal -0.0 0.018874846398739396 -0.9998218542187524
  outer loop
    vertex 8.000000000000004 59.85078369099918 11.988804577825253
    vertex 10.000000000000004 60.0 11.991621514563226
    vertex 10.000000000000004 59.85078369099918 11.988804577825253
  endloop
endfacet
facet normal -0.0 0.01887484639874881 -0.9998218542187521
  outer loop
    vertex 10.000000000000004 60.11178957005831 11.993731901483587
    vertex 8.000000000000004 60.0 11.991621514563226
    vertex 8.000000000000004 60.11178957005831 11.993731901483587
  endloop
endfacet
facet normal -0.0 0.01887484639874881 -0.9998218542187521
  outer loop
    vertex 8.000000000000004 60.0 11.991621514563226
    vertex 10.000000000000004 60.11178957005831 11.993731901483587
    vertex 10.000000000000004 60.0 11.991621514563226
  endloop
endfacet
facet normal -0.0 -0.24054123597773544 -0.9706389203994982
  outer loop
    vertex 10.000000000000004 60.36517717465897 11.930938038275428
    vertex 8.000000000000004 60.11178957005831 11.993731901483587
    vertex 8.000000000000004 60.36517717465897 11.930938038275428
  endloop
endfacet
facet normal -0.0 -0.24054123597773544 -0.9706389203994982
  outer loop
    vertex 8.000000000000004 60.11178957005831 11.993731901483587
    vertex 10.000000000000004 60.36517717465897 11.930938038275428
    vertex 10.000000000000004 60.11178957005831 11.993731901483587
  endloop
endfacet
facet normal -0.0 -0.4835648306355285 -0.8753085482116764
  outer loop
    vertex 10.000000000000004 60.593678558290435 11.804702286206647
    vertex 8.000000000000004 60.36517717465897 11.930938038275428
    vertex 8.000000000000004 60.593678558290435 11.804702286206647
  endloop
endfacet
facet normal -0.0 -0.4835648306355285 -0.8753085482116764
  outer loop
    vertex 8.000000000000004 60.36517717465897 11.930938038275428
    vertex 10.000000000000004 60.593678558290435 11.804702286206647
    vertex 10.000000000000004 60.36517717465897 11.930938038275428
  endloop
endfacet
facet normal -0.0 -0.6936342812141866 -0.7203273449789885
  outer loop
    vertex 10.000000000000004 60.78172172927461 11.623627403166287
    vertex 8.000000000000004 60.593678558290435 11.804702286206647
    vertex 8.000000000000004 60.78172172927461 11.623627403166287
  endloop
endfacet
facet normal -0.0 -0.6936342812141866 -0.7203273449789885
  outer loop
    vertex 8.000000000000004 60.593678558290435 11.804702286206647
    vertex 10.000000000000004 60.78172172927461 11.623627403166287
    vertex 10.000000000000004 60.593678558290435 11.804702286206647
  endloop
endfacet
facet normal -0.0 -0.8564337018129311 -0.5162570235832146
  outer loop
    vertex 10.000000000000004 60.78172172927461 11.623627403166287
    vertex 8.000000000000004 60.916491856264955 11.400053343193159
    vertex 10.000000000000004 60.916491856264955 11.400053343193159
  endloop
endfacet
facet normal -0.0 -0.8564337018129311 -0.5162570235832146
  outer loop
    vertex 8.000000000000004 60.916491856264955 11.400053343193159
    vertex 10.000000000000004 60.78172172927461 11.623627403166287
    vertex 8.000000000000004 60.78172172927461 11.623627403166287
  endloop
endfacet
facet normal -0.0 -0.960868580956736 -0.27700463918531903
  outer loop
    vertex 10.000000000000004 60.916491856264955 11.400053343193159
    vertex 8.000000000000004 60.988804577825256 11.149216309000824
    vertex 10.000000000000004 60.988804577825256 11.149216309000824
  endloop
endfacet
facet normal -0.0 -0.960868580956736 -0.27700463918531903
  outer loop
    vertex 8.000000000000004 60.988804577825256 11.149216309000824
    vertex 10.000000000000004 60.916491856264955 11.400053343193159
    vertex 8.000000000000004 60.916491856264955 11.400053343193159
  endloop
endfacet
facet normal -0.0 -0.9956697518742403 -0.09296098753073248
  outer loop
    vertex 10.000000000000004 71.18212459658021 11.222126674816385
    vertex 8.000000000000004 71.20286351629628 11.000000000000002
    vertex 10.000000000000004 71.20286351629628 11.000000000000002
  endloop
endfacet
facet normal -0.0 -0.9956697518742403 -0.09296098753073248
  outer loop
    vertex 8.000000000000004 71.20286351629628 11.000000000000002
    vertex 10.000000000000004 71.18212459658021 11.222126674816385
    vertex 8.000000000000004 71.18212459658021 11.222126674816385
  endloop
endfacet
facet normal -0.0 -0.9956697518742504 -0.09296098753062298
  outer loop
    vertex 10.000000000000004 71.20286351629628 11.000000000000002
    vertex 8.000000000000004 71.206392284035 10.962204711974728
    vertex 10.000000000000004 71.206392284035 10.962204711974728
  endloop
endfacet
facet normal -0.0 -0.9956697518742504 -0.09296098753062298
  outer loop
    vertex 8.000000000000004 71.206392284035 10.962204711974728
    vertex 10.000000000000004 71.20286351629628 11.000000000000002
    vertex 8.000000000000004 71.20286351629628 11.000000000000002
  endloop
endfacet
facet normal -0.0 -0.9858032018146453 0.16790487572430315
  outer loop
    vertex 10.000000000000004 71.206392284035 10.962204711974728
    vertex 8.000000000000004 71.16256031586805 10.704858435552326
    vertex 10.000000000000004 71.16256031586805 10.704858435552326
  endloop
endfacet
facet normal -0.0 -0.9858032018146453 0.16790487572430315
  outer loop
    vertex 8.000000000000004 71.16256031586805 10.704858435552326
    vertex 10.000000000000004 71.206392284035 10.962204711974728
    vertex 8.000000000000004 71.206392284035 10.962204711974728
  endloop
endfacet
facet normal -0.0 -0.9087557926681864 0.41732829917466235
  outer loop
    vertex 10.000000000000004 71.16256031586805 10.704858435552326
    vertex 8.000000000000004 71.05361576827417 10.46762556900254
    vertex 10.000000000000004 71.05361576827417 10.46762556900254
  endloop
endfacet
facet normal -0.0 -0.9087557926681864 0.41732829917466235
  outer loop
    vertex 8.000000000000004 71.05361576827417 10.46762556900254
    vertex 10.000000000000004 71.16256031586805 10.704858435552326
    vertex 8.000000000000004 71.16256031586805 10.704858435552326
  endloop
endfacet
facet normal -0.0 -0.7697781780413715 0.6383114887038355
  outer loop
    vertex 10.000000000000004 71.05361576827417 10.46762556900254
    vertex 8.000000000000004 70.88698303213253 10.266673140134882
    vertex 10.000000000000004 70.88698303213253 10.266673140134882
  endloop
endfacet
facet normal -0.0 -0.7697781780413715 0.6383114887038355
  outer loop
    vertex 8.000000000000004 70.88698303213253 10.266673140134882
    vertex 10.000000000000004 71.05361576827417 10.46762556900254
    vertex 8.000000000000004 71.05361576827417 10.46762556900254
  endloop
endfacet
facet normal -0.0 -0.5783414526996131 0.8157948051374814
  outer loop
    vertex 10.000000000000004 70.67401785303754 10.115695724887097
    vertex 8.000000000000004 70.88698303213253 10.266673140134882
    vertex 8.000000000000004 70.67401785303754 10.115695724887097
  endloop
endfacet
facet normal -0.0 -0.5783414526996131 0.8157948051374814
  outer loop
    vertex 8.000000000000004 70.88698303213253 10.266673140134882
    vertex 10.000000000000004 70.67401785303754 10.115695724887097
    vertex 10.000000000000004 70.88698303213253 10.266673140134882
  endloop
endfacet
facet normal -0.0 -0.3474917131107924 0.9376830537656777
  outer loop
    vertex 10.000000000000004 70.42923345600293 10.024982184606346
    vertex 8.000000000000004 70.67401785303754 10.115695724887097
    vertex 8.000000000000004 70.42923345600293 10.024982184606346
  endloop
endfacet
facet normal -0.0 -0.3474917131107924 0.9376830537656777
  outer loop
    vertex 8.000000000000004 70.67401785303754 10.115695724887097
    vertex 10.000000000000004 70.42923345600293 10.024982184606346
    vertex 10.000000000000004 70.67401785303754 10.115695724887097
  endloop
endfacet
facet normal -0.0 -0.0929609875307127 0.9956697518742421
  outer loop
    vertex 10.000000000000004 70.16931149316127 10.000714497151547
    vertex 8.000000000000004 70.42923345600293 10.024982184606346
    vertex 8.000000000000004 70.16931149316127 10.000714497151547
  endloop
endfacet
facet normal -0.0 -0.0929609875307127 0.9956697518742421
  outer loop
    vertex 8.000000000000004 70.42923345600293 10.024982184606346
    vertex 10.000000000000004 70.16931149316127 10.000714497151547
    vertex 10.000000000000004 70.42923345600293 10.024982184606346
  endloop
endfacet
facet normal 0.0 0.16790487572430574 0.985803201814645
  outer loop
    vertex 10.000000000000004 69.91196521673888 10.044546465318497
    vertex 8.000000000000004 70.16931149316127 10.000714497151547
    vertex 8.000000000000004 69.91196521673888 10.044546465318497
  endloop
endfacet
facet normal 0.0 0.16790487572430574 0.985803201814645
  outer loop
    vertex 8.000000000000004 70.16931149316127 10.000714497151547
    vertex 10.000000000000004 69.91196521673888 10.044546465318497
    vertex 10.000000000000004 70.16931149316127 10.000714497151547
  endloop
endfacet
facet normal 0.0 0.4173282991746421 0.9087557926681957
  outer loop
    vertex 10.000000000000004 69.67473235018909 10.153491012912369
    vertex 8.000000000000004 69.91196521673888 10.044546465318497
    vertex 8.000000000000004 69.67473235018909 10.153491012912369
  endloop
endfacet
facet normal 0.0 0.4173282991746421 0.9087557926681957
  outer loop
    vertex 8.000000000000004 69.91196521673888 10.044546465318497
    vertex 10.000000000000004 69.67473235018909 10.153491012912369
    vertex 10.000000000000004 69.91196521673888 10.044546465318497
  endloop
endfacet
facet normal 0.0 0.6383114887038313 0.7697781780413749
  outer loop
    vertex 10.000000000000004 69.47377992132142 10.32012374905402
    vertex 8.000000000000004 69.67473235018909 10.153491012912369
    vertex 8.000000000000004 69.47377992132142 10.32012374905402
  endloop
endfacet
facet normal 0.0 0.6383114887038313 0.7697781780413749
  outer loop
    vertex 8.000000000000004 69.67473235018909 10.153491012912369
    vertex 10.000000000000004 69.47377992132142 10.32012374905402
    vertex 10.000000000000004 69.67473235018909 10.153491012912369
  endloop
endfacet
facet normal 0.0 0.8157948051374867 0.5783414526996055
  outer loop
    vertex 8.000000000000004 69.32280250607364 10.53308892814901
    vertex 10.000000000000004 69.47377992132142 10.32012374905402
    vertex 8.000000000000004 69.47377992132142 10.32012374905402
  endloop
endfacet
facet normal 0.0 0.8157948051374867 0.5783414526996055
  outer loop
    vertex 10.000000000000004 69.47377992132142 10.32012374905402
    vertex 8.000000000000004 69.32280250607364 10.53308892814901
    vertex 10.000000000000004 69.32280250607364 10.53308892814901
  endloop
endfacet
facet normal 0.0 0.9376830537656793 0.34749171311078825
  outer loop
    vertex 8.000000000000004 69.23208896579288 10.777873325183617
    vertex 10.000000000000004 69.32280250607364 10.53308892814901
    vertex 8.000000000000004 69.32280250607364 10.53308892814901
  endloop
endfacet
facet normal 0.0 0.9376830537656793 0.34749171311078825
  outer loop
    vertex 10.000000000000004 69.32280250607364 10.53308892814901
    vertex 8.000000000000004 69.23208896579288 10.777873325183617
    vertex 10.000000000000004 69.23208896579288 10.777873325183617
  endloop
endfacet
facet normal 0.0 0.9956697518742403 0.09296098753073248
  outer loop
    vertex 8.000000000000004 69.21135004607682 11.000000000000002
    vertex 10.000000000000004 69.23208896579288 10.777873325183617
    vertex 8.000000000000004 69.23208896579288 10.777873325183617
  endloop
endfacet
facet normal 0.0 0.9956697518742403 0.09296098753073248
  outer loop
    vertex 10.000000000000004 69.23208896579288 10.777873325183617
    vertex 8.000000000000004 69.21135004607682 11.000000000000002
    vertex 10.000000000000004 69.21135004607682 11.000000000000002
  endloop
endfacet
facet normal 0.0 0.9956697518742504 0.09296098753062298
  outer loop
    vertex 8.000000000000004 69.20782127833809 11.037795288025274
    vertex 10.000000000000004 69.21135004607682 11.000000000000002
    vertex 8.000000000000004 69.21135004607682 11.000000000000002
  endloop
endfacet
facet normal 0.0 0.9956697518742504 0.09296098753062298
  outer loop
    vertex 10.000000000000004 69.21135004607682 11.000000000000002
    vertex 8.000000000000004 69.20782127833809 11.037795288025274
    vertex 10.000000000000004 69.20782127833809 11.037795288025274
  endloop
endfacet
facet normal -0.0 0.9858032018146453 -0.16790487572430407
  outer loop
    vertex 8.000000000000004 69.25165324650504 11.295141564447674
    vertex 10.000000000000004 69.20782127833809 11.037795288025274
    vertex 8.000000000000004 69.20782127833809 11.037795288025274
  endloop
endfacet
facet normal -0.0 0.9858032018146453 -0.16790487572430407
  outer loop
    vertex 10.000000000000004 69.20782127833809 11.037795288025274
    vertex 8.000000000000004 69.25165324650504 11.295141564447674
    vertex 10.000000000000004 69.25165324650504 11.295141564447674
  endloop
endfacet
facet normal -0.0 0.9087557926681874 -0.41732829917466036
  outer loop
    vertex 8.000000000000004 69.36059779409892 11.532374430997464
    vertex 10.000000000000004 69.25165324650504 11.295141564447674
    vertex 8.000000000000004 69.25165324650504 11.295141564447674
  endloop
endfacet
facet normal -0.0 0.9087557926681874 -0.41732829917466036
  outer loop
    vertex 10.000000000000004 69.25165324650504 11.295141564447674
    vertex 8.000000000000004 69.36059779409892 11.532374430997464
    vertex 10.000000000000004 69.36059779409892 11.532374430997464
  endloop
endfacet
facet normal -0.0 0.7697781780413715 -0.6383114887038355
  outer loop
    vertex 8.000000000000004 69.52723053024056 11.733326859865121
    vertex 10.000000000000004 69.36059779409892 11.532374430997464
    vertex 8.000000000000004 69.36059779409892 11.532374430997464
  endloop
endfacet
facet normal -0.0 0.7697781780413715 -0.6383114887038355
  outer loop
    vertex 10.000000000000004 69.36059779409892 11.532374430997464
    vertex 8.000000000000004 69.52723053024056 11.733326859865121
    vertex 10.000000000000004 69.52723053024056 11.733326859865121
  endloop
endfacet
facet normal -0.0 0.5783414526996131 -0.8157948051374814
  outer loop
    vertex 10.000000000000004 69.74019570933555 11.884304275112905
    vertex 8.000000000000004 69.52723053024056 11.733326859865121
    vertex 8.000000000000004 69.74019570933555 11.884304275112905
  endloop
endfacet
facet normal -0.0 0.5783414526996131 -0.8157948051374814
  outer loop
    vertex 8.000000000000004 69.52723053024056 11.733326859865121
    vertex 10.000000000000004 69.74019570933555 11.884304275112905
    vertex 10.000000000000004 69.52723053024056 11.733326859865121
  endloop
endfacet
facet normal -0.0 0.3474917131107924 -0.9376830537656777
  outer loop
    vertex 10.000000000000004 69.98498010637016 11.975017815393656
    vertex 8.000000000000004 69.74019570933555 11.884304275112905
    vertex 8.000000000000004 69.98498010637016 11.975017815393656
  endloop
endfacet
facet normal -0.0 0.3474917131107924 -0.9376830537656777
  outer loop
    vertex 8.000000000000004 69.74019570933555 11.884304275112905
    vertex 10.000000000000004 69.98498010637016 11.975017815393656
    vertex 10.000000000000004 69.74019570933555 11.884304275112905
  endloop
endfacet
facet normal -0.0 0.09296098753071368 -0.9956697518742419
  outer loop
    vertex 10.000000000000004 70.20710678118654 11.995756735109731
    vertex 8.000000000000004 69.98498010637016 11.975017815393656
    vertex 8.000000000000004 70.20710678118654 11.995756735109731
  endloop
endfacet
facet normal -0.0 0.09296098753071368 -0.9956697518742419
  outer loop
    vertex 8.000000000000004 69.98498010637016 11.975017815393656
    vertex 10.000000000000004 70.20710678118654 11.995756735109731
    vertex 10.000000000000004 69.98498010637016 11.975017815393656
  endloop
endfacet
facet normal -0.0 0.09296098753070696 -0.9956697518742427
  outer loop
    vertex 10.000000000000004 70.24490206921182 11.999285502848455
    vertex 8.000000000000004 70.20710678118654 11.995756735109731
    vertex 8.000000000000004 70.24490206921182 11.999285502848455
  endloop
endfacet
facet normal -0.0 0.09296098753070696 -0.9956697518742427
  outer loop
    vertex 8.000000000000004 70.20710678118654 11.995756735109731
    vertex 10.000000000000004 70.24490206921182 11.999285502848455
    vertex 10.000000000000004 70.20710678118654 11.995756735109731
  endloop
endfacet
facet normal -0.0 -0.16790487572430574 -0.985803201814645
  outer loop
    vertex 10.000000000000004 70.50224834563421 11.955453534681505
    vertex 8.000000000000004 70.24490206921182 11.999285502848455
    vertex 8.000000000000004 70.50224834563421 11.955453534681505
  endloop
endfacet
facet normal -0.0 -0.16790487572430574 -0.985803201814645
  outer loop
    vertex 8.000000000000004 70.24490206921182 11.999285502848455
    vertex 10.000000000000004 70.50224834563421 11.955453534681505
    vertex 10.000000000000004 70.24490206921182 11.999285502848455
  endloop
endfacet
facet normal -0.0 -0.4173282991746421 -0.9087557926681957
  outer loop
    vertex 10.000000000000004 70.739481212184 11.846508987087633
    vertex 8.000000000000004 70.50224834563421 11.955453534681505
    vertex 8.000000000000004 70.739481212184 11.846508987087633
  endloop
endfacet
facet normal -0.0 -0.4173282991746421 -0.9087557926681957
  outer loop
    vertex 8.000000000000004 70.50224834563421 11.955453534681505
    vertex 10.000000000000004 70.739481212184 11.846508987087633
    vertex 10.000000000000004 70.50224834563421 11.955453534681505
  endloop
endfacet
facet normal -0.0 -0.6383114887038313 -0.7697781780413749
  outer loop
    vertex 10.000000000000004 70.94043364105167 11.679876250945982
    vertex 8.000000000000004 70.739481212184 11.846508987087633
    vertex 8.000000000000004 70.94043364105167 11.679876250945982
  endloop
endfacet
facet normal -0.0 -0.6383114887038313 -0.7697781780413749
  outer loop
    vertex 8.000000000000004 70.739481212184 11.846508987087633
    vertex 10.000000000000004 70.94043364105167 11.679876250945982
    vertex 10.000000000000004 70.739481212184 11.846508987087633
  endloop
endfacet
facet normal -0.0 -0.8157948051374885 -0.5783414526996029
  outer loop
    vertex 10.000000000000004 70.94043364105167 11.679876250945982
    vertex 8.000000000000004 71.09141105629945 11.46691107185099
    vertex 10.000000000000004 71.09141105629945 11.46691107185099
  endloop
endfacet
facet normal -0.0 -0.8157948051374885 -0.5783414526996029
  outer loop
    vertex 8.000000000000004 71.09141105629945 11.46691107185099
    vertex 10.000000000000004 70.94043364105167 11.679876250945982
    vertex 8.000000000000004 70.94043364105167 11.679876250945982
  endloop
endfacet
facet normal -0.0 -0.9376830537656786 -0.34749171311079
  outer loop
    vertex 10.000000000000004 71.09141105629945 11.46691107185099
    vertex 8.000000000000004 71.18212459658021 11.222126674816385
    vertex 10.000000000000004 71.18212459658021 11.222126674816385
  endloop
endfacet
facet normal -0.0 -0.9376830537656786 -0.34749171311079
  outer loop
    vertex 8.000000000000004 71.18212459658021 11.222126674816385
    vertex 10.000000000000004 71.09141105629945 11.46691107185099
    vertex 8.000000000000004 71.09141105629945 11.46691107185099
  endloop
endfacet
facet normal -0.0 -0.9967467932050067 0.08059671355294588
  outer loop
    vertex 10.000000000000004 81.41295303071253 11.05019436602897
    vertex 8.000000000000004 81.40889432596586 11.000000000000002
    vertex 10.000000000000004 81.40889432596586 11.000000000000002
  endloop
endfacet
facet normal -0.0 -0.9967467932050067 0.08059671355294588
  outer loop
    vertex 8.000000000000004 81.40889432596586 11.000000000000002
    vertex 10.000000000000004 81.41295303071253 11.05019436602897
    vertex 8.000000000000004 81.41295303071253 11.05019436602897
  endloop
endfacet
facet normal -0.0 -0.9967467932050135 0.08059671355286246
  outer loop
    vertex 10.000000000000004 81.40889432596586 11.000000000000002
    vertex 8.000000000000004 81.39191306646151 10.789991238979775
    vertex 10.000000000000004 81.39191306646151 10.789991238979775
  endloop
endfacet
facet normal -0.0 -0.9967467932050135 0.08059671355286246
  outer loop
    vertex 8.000000000000004 81.39191306646151 10.789991238979775
    vertex 10.000000000000004 81.40889432596586 11.000000000000002
    vertex 8.000000000000004 81.40889432596586 11.000000000000002
  endloop
endfacet
facet normal -0.0 -0.9419235053873707 0.33582750036107567
  outer loop
    vertex 10.000000000000004 81.39191306646151 10.789991238979775
    vertex 8.000000000000004 81.3042444967317 10.544099861938221
    vertex 10.000000000000004 81.3042444967317 10.544099861938221
  endloop
endfacet
facet normal -0.0 -0.9419235053873707 0.33582750036107567
  outer loop
    vertex 8.000000000000004 81.3042444967317 10.544099861938221
    vertex 10.000000000000004 81.39191306646151 10.789991238979775
    vertex 8.000000000000004 81.39191306646151 10.789991238979775
  endloop
endfacet
facet normal -0.0 -0.8229096872797694 0.5681721980008458
  outer loop
    vertex 10.000000000000004 81.3042444967317 10.544099861938221
    vertex 8.000000000000004 81.155921789671 10.329277325894978
    vertex 10.000000000000004 81.155921789671 10.329277325894978
  endloop
endfacet
facet normal -0.0 -0.8229096872797694 0.5681721980008458
  outer loop
    vertex 8.000000000000004 81.155921789671 10.329277325894978
    vertex 10.000000000000004 81.3042444967317 10.544099861938221
    vertex 8.000000000000004 81.3042444967317 10.544099861938221
  endloop
endfacet
facet normal -0.0 -0.6478159339066047 0.7617968992958121
  outer loop
    vertex 10.000000000000004 80.95705289265075 10.160163431670364
    vertex 8.000000000000004 81.155921789671 10.329277325894978
    vertex 8.000000000000004 80.95705289265075 10.160163431670364
  endloop
endfacet
facet normal -0.0 -0.6478159339066047 0.7617968992958121
  outer loop
    vertex 8.000000000000004 81.155921789671 10.329277325894978
    vertex 10.000000000000004 80.95705289265075 10.160163431670364
    vertex 10.000000000000004 81.155921789671 10.329277325894978
  endloop
endfacet
facet normal -0.0 -0.42857459520417257 0.9035064008326558
  outer loop
    vertex 10.000000000000004 80.72119039235649 10.048283011681864
    vertex 8.000000000000004 80.95705289265075 10.160163431670364
    vertex 8.000000000000004 80.72119039235649 10.048283011681864
  endloop
endfacet
facet normal -0.0 -0.42857459520417257 0.9035064008326558
  outer loop
    vertex 8.000000000000004 80.95705289265075 10.160163431670364
    vertex 10.000000000000004 80.72119039235649 10.048283011681864
    vertex 10.000000000000004 80.95705289265075 10.160163431670364
  endloop
endfacet
facet normal -0.0 -0.18012660609156297 0.98364343426769
  outer loop
    vertex 10.000000000000004 80.46440792840205 10.00126053166056
    vertex 8.000000000000004 80.72119039235649 10.048283011681864
    vertex 8.000000000000004 80.46440792840205 10.00126053166056
  endloop
endfacet
facet normal -0.0 -0.18012660609156297 0.98364343426769
  outer loop
    vertex 8.000000000000004 80.72119039235649 10.048283011681864
    vertex 10.000000000000004 80.46440792840205 10.00126053166056
    vertex 10.000000000000004 80.72119039235649 10.048283011681864
  endloop
endfacet
facet normal 0.0 0.08059671355289015 0.9967467932050113
  outer loop
    vertex 10.000000000000004 80.20420480135287 10.022300495911576
    vertex 8.000000000000004 80.46440792840205 10.00126053166056
    vertex 8.000000000000004 80.20420480135287 10.022300495911576
  endloop
endfacet
facet normal 0.0 0.08059671355289015 0.9967467932050113
  outer loop
    vertex 8.000000000000004 80.46440792840205 10.00126053166056
    vertex 10.000000000000004 80.20420480135287 10.022300495911576
    vertex 10.000000000000004 80.46440792840205 10.00126053166056
  endloop
endfacet
facet normal 0.0 0.3358275003610705 0.9419235053873724
  outer loop
    vertex 10.000000000000004 79.95831342431131 10.109969065641394
    vertex 8.000000000000004 80.20420480135287 10.022300495911576
    vertex 8.000000000000004 79.95831342431131 10.109969065641394
  endloop
endfacet
facet normal 0.0 0.3358275003610705 0.9419235053873724
  outer loop
    vertex 8.000000000000004 80.20420480135287 10.022300495911576
    vertex 10.000000000000004 79.95831342431131 10.109969065641394
    vertex 10.000000000000004 80.20420480135287 10.022300495911576
  endloop
endfacet
facet normal 0.0 0.5681721980008433 0.822909687279771
  outer loop
    vertex 10.000000000000004 79.74349088826807 10.25829177270209
    vertex 8.000000000000004 79.95831342431131 10.109969065641394
    vertex 8.000000000000004 79.74349088826807 10.25829177270209
  endloop
endfacet
facet normal 0.0 0.5681721980008433 0.822909687279771
  outer loop
    vertex 8.000000000000004 79.95831342431131 10.109969065641394
    vertex 10.000000000000004 79.74349088826807 10.25829177270209
    vertex 10.000000000000004 79.95831342431131 10.109969065641394
  endloop
endfacet
facet normal 0.0 0.7617968992958079 0.6478159339066095
  outer loop
    vertex 8.000000000000004 79.57437699404345 10.457160669722336
    vertex 10.000000000000004 79.74349088826807 10.25829177270209
    vertex 8.000000000000004 79.74349088826807 10.25829177270209
  endloop
endfacet
facet normal 0.0 0.7617968992958079 0.6478159339066095
  outer loop
    vertex 10.000000000000004 79.74349088826807 10.25829177270209
    vertex 8.000000000000004 79.57437699404345 10.457160669722336
    vertex 10.000000000000004 79.57437699404345 10.457160669722336
  endloop
endfacet
facet normal 0.0 0.903506400832664 0.4285745952041552
  outer loop
    vertex 8.000000000000004 79.46249657405495 10.693023170016598
    vertex 10.000000000000004 79.57437699404345 10.457160669722336
    vertex 8.000000000000004 79.57437699404345 10.457160669722336
  endloop
endfacet
facet normal 0.0 0.903506400832664 0.4285745952041552
  outer loop
    vertex 10.000000000000004 79.57437699404345 10.457160669722336
    vertex 8.000000000000004 79.46249657405495 10.693023170016598
    vertex 10.000000000000004 79.46249657405495 10.693023170016598
  endloop
endfacet
facet normal 0.0 0.9836434342676891 0.18012660609156722
  outer loop
    vertex 8.000000000000004 79.41547409403366 10.949805633971032
    vertex 10.000000000000004 79.46249657405495 10.693023170016598
    vertex 8.000000000000004 79.46249657405495 10.693023170016598
  endloop
endfacet
facet normal 0.0 0.9836434342676891 0.18012660609156722
  outer loop
    vertex 10.000000000000004 79.46249657405495 10.693023170016598
    vertex 8.000000000000004 79.41547409403366 10.949805633971032
    vertex 10.000000000000004 79.41547409403366 10.949805633971032
  endloop
endfacet
facet normal -0.0 0.9967467932050069 -0.08059671355294364
  outer loop
    vertex 8.000000000000004 79.41953279878032 11.000000000000002
    vertex 10.000000000000004 79.41547409403366 10.949805633971032
    vertex 8.000000000000004 79.41547409403366 10.949805633971032
  endloop
endfacet
facet normal -0.0 0.9967467932050069 -0.08059671355294364
  outer loop
    vertex 10.000000000000004 79.41547409403366 10.949805633971032
    vertex 8.000000000000004 79.41953279878032 11.000000000000002
    vertex 10.000000000000004 79.41953279878032 11.000000000000002
  endloop
endfacet
facet normal -0.0 0.9967467932050135 -0.08059671355286246
  outer loop
    vertex 8.000000000000004 79.43651405828466 11.210008761020227
    vertex 10.000000000000004 79.41953279878032 11.000000000000002
    vertex 8.000000000000004 79.41953279878032 11.000000000000002
  endloop
endfacet
facet normal -0.0 0.9967467932050135 -0.08059671355286246
  outer loop
    vertex 10.000000000000004 79.41953279878032 11.000000000000002
    vertex 8.000000000000004 79.43651405828466 11.210008761020227
    vertex 10.000000000000004 79.43651405828466 11.210008761020227
  endloop
endfacet
facet normal -0.0 0.9419235053873699 -0.33582750036107734
  outer loop
    vertex 8.000000000000004 79.52418262801449 11.455900138061779
    vertex 10.000000000000004 79.43651405828466 11.210008761020227
    vertex 8.000000000000004 79.43651405828466 11.210008761020227
  endloop
endfacet
facet normal -0.0 0.9419235053873699 -0.33582750036107734
  outer loop
    vertex 10.000000000000004 79.43651405828466 11.210008761020227
    vertex 8.000000000000004 79.52418262801449 11.455900138061779
    vertex 10.000000000000004 79.52418262801449 11.455900138061779
  endloop
endfacet
facet normal -0.0 0.822909687279771 -0.5681721980008433
  outer loop
    vertex 8.000000000000004 79.67250533507517 11.670722674105024
    vertex 10.000000000000004 79.52418262801449 11.455900138061779
    vertex 8.000000000000004 79.52418262801449 11.455900138061779
  endloop
endfacet
facet normal -0.0 0.822909687279771 -0.5681721980008433
  outer loop
    vertex 10.000000000000004 79.52418262801449 11.455900138061779
    vertex 8.000000000000004 79.67250533507517 11.670722674105024
    vertex 10.000000000000004 79.67250533507517 11.670722674105024
  endloop
endfacet
facet normal -0.0 0.6478159339066079 -0.7617968992958095
  outer loop
    vertex 10.000000000000004 79.87137423209543 11.83983656832964
    vertex 8.000000000000004 79.67250533507517 11.670722674105024
    vertex 8.000000000000004 79.87137423209543 11.83983656832964
  endloop
endfacet
facet normal -0.0 0.6478159339066079 -0.7617968992958095
  outer loop
    vertex 8.000000000000004 79.67250533507517 11.670722674105024
    vertex 10.000000000000004 79.87137423209543 11.83983656832964
    vertex 10.000000000000004 79.67250533507517 11.670722674105024
  endloop
endfacet
facet normal -0.0 0.4285745952041682 -0.9035064008326579
  outer loop
    vertex 10.000000000000004 80.1072367323897 11.951716988318138
    vertex 8.000000000000004 79.87137423209543 11.83983656832964
    vertex 8.000000000000004 80.1072367323897 11.951716988318138
  endloop
endfacet
facet normal -0.0 0.4285745952041682 -0.9035064008326579
  outer loop
    vertex 8.000000000000004 79.87137423209543 11.83983656832964
    vertex 10.000000000000004 80.1072367323897 11.951716988318138
    vertex 10.000000000000004 79.87137423209543 11.83983656832964
  endloop
endfacet
facet normal -0.0 0.18012660609156297 -0.98364343426769
  outer loop
    vertex 10.000000000000004 80.36401919634412 11.998739468339444
    vertex 8.000000000000004 80.1072367323897 11.951716988318138
    vertex 8.000000000000004 80.36401919634412 11.998739468339444
  endloop
endfacet
facet normal -0.0 0.18012660609156297 -0.98364343426769
  outer loop
    vertex 8.000000000000004 80.1072367323897 11.951716988318138
    vertex 10.000000000000004 80.36401919634412 11.998739468339444
    vertex 10.000000000000004 80.1072367323897 11.951716988318138
  endloop
endfacet
facet normal -0.0 -0.08059671355288801 -0.9967467932050116
  outer loop
    vertex 10.000000000000004 80.41421356237309 11.994680763592777
    vertex 8.000000000000004 80.36401919634412 11.998739468339444
    vertex 8.000000000000004 80.41421356237309 11.994680763592777
  endloop
endfacet
facet normal -0.0 -0.08059671355288801 -0.9967467932050116
  outer loop
    vertex 8.000000000000004 80.36401919634412 11.998739468339444
    vertex 10.000000000000004 80.41421356237309 11.994680763592777
    vertex 10.000000000000004 80.36401919634412 11.998739468339444
  endloop
endfacet
facet normal -0.0 -0.08059671355289068 -0.9967467932050113
  outer loop
    vertex 10.000000000000004 80.62422232339331 11.977699504088426
    vertex 8.000000000000004 80.41421356237309 11.994680763592777
    vertex 8.000000000000004 80.62422232339331 11.977699504088426
  endloop
endfacet
facet normal -0.0 -0.08059671355289068 -0.9967467932050113
  outer loop
    vertex 8.000000000000004 80.41421356237309 11.994680763592777
    vertex 10.000000000000004 80.62422232339331 11.977699504088426
    vertex 10.000000000000004 80.41421356237309 11.994680763592777
  endloop
endfacet
facet normal -0.0 -0.3358275003610705 -0.9419235053873724
  outer loop
    vertex 10.000000000000004 80.87011370043487 11.890030934358608
    vertex 8.000000000000004 80.62422232339331 11.977699504088426
    vertex 8.000000000000004 80.87011370043487 11.890030934358608
  endloop
endfacet
facet normal -0.0 -0.3358275003610705 -0.9419235053873724
  outer loop
    vertex 8.000000000000004 80.62422232339331 11.977699504088426
    vertex 10.000000000000004 80.87011370043487 11.890030934358608
    vertex 10.000000000000004 80.62422232339331 11.977699504088426
  endloop
endfacet
facet normal -0.0 -0.5681721980008433 -0.822909687279771
  outer loop
    vertex 10.000000000000004 81.08493623647811 11.741708227297913
    vertex 8.000000000000004 80.87011370043487 11.890030934358608
    vertex 8.000000000000004 81.08493623647811 11.741708227297913
  endloop
endfacet
facet normal -0.0 -0.5681721980008433 -0.822909687279771
  outer loop
    vertex 8.000000000000004 80.87011370043487 11.890030934358608
    vertex 10.000000000000004 81.08493623647811 11.741708227297913
    vertex 10.000000000000004 80.87011370043487 11.890030934358608
  endloop
endfacet
facet normal -0.0 -0.7617968992958103 -0.647815933906607
  outer loop
    vertex 10.000000000000004 81.08493623647811 11.741708227297913
    vertex 8.000000000000004 81.25405013070272 11.542839330277664
    vertex 10.000000000000004 81.25405013070272 11.542839330277664
  endloop
endfacet
facet normal -0.0 -0.7617968992958103 -0.647815933906607
  outer loop
    vertex 8.000000000000004 81.25405013070272 11.542839330277664
    vertex 10.000000000000004 81.08493623647811 11.741708227297913
    vertex 8.000000000000004 81.08493623647811 11.741708227297913
  endloop
endfacet
facet normal -0.0 -0.9035064008326631 -0.4285745952041573
  outer loop
    vertex 10.000000000000004 81.25405013070272 11.542839330277664
    vertex 8.000000000000004 81.36593055069122 11.306976829983403
    vertex 10.000000000000004 81.36593055069122 11.306976829983403
  endloop
endfacet
facet normal -0.0 -0.9035064008326631 -0.4285745952041573
  outer loop
    vertex 8.000000000000004 81.36593055069122 11.306976829983403
    vertex 10.000000000000004 81.25405013070272 11.542839330277664
    vertex 8.000000000000004 81.25405013070272 11.542839330277664
  endloop
endfacet
facet normal -0.0 -0.9836434342676893 -0.18012660609156628
  outer loop
    vertex 10.000000000000004 81.36593055069122 11.306976829983403
    vertex 8.000000000000004 81.41295303071253 11.05019436602897
    vertex 10.000000000000004 81.41295303071253 11.05019436602897
  endloop
endfacet
facet normal -0.0 -0.9836434342676893 -0.18012660609156628
  outer loop
    vertex 8.000000000000004 81.41295303071253 11.05019436602897
    vertex 10.000000000000004 81.36593055069122 11.306976829983403
    vertex 8.000000000000004 81.36593055069122 11.306976829983403
  endloop
endfacet
facet normal -0.0 -0.9963404804683393 -0.08547307751636793
  outer loop
    vertex 10.000000000000004 91.59798051775314 11.214790372559655
    vertex 8.000000000000004 91.61640674304807 11.000000000000002
    vertex 10.000000000000004 91.61640674304807 11.000000000000002
  endloop
endfacet
facet normal -0.0 -0.9963404804683393 -0.08547307751636793
  outer loop
    vertex 8.000000000000004 91.61640674304807 11.000000000000002
    vertex 10.000000000000004 91.59798051775314 11.214790372559655
    vertex 8.000000000000004 91.59798051775314 11.214790372559655
  endloop
endfacet
facet normal -0.0 -0.9963404804683422 -0.08547307751633398
  outer loop
    vertex 10.000000000000004 91.61640674304807 11.000000000000002
    vertex 8.000000000000004 91.62029346844423 10.954693314419197
    vertex 10.000000000000004 91.62029346844423 10.954693314419197
  endloop
endfacet
facet normal -0.0 -0.9963404804683422 -0.08547307751633398
  outer loop
    vertex 8.000000000000004 91.62029346844423 10.954693314419197
    vertex 10.000000000000004 91.61640674304807 11.000000000000002
    vertex 8.000000000000004 91.61640674304807 11.000000000000002
  endloop
endfacet
facet normal -0.0 -0.9845130621663941 0.17531123872630036
  outer loop
    vertex 10.000000000000004 91.62029346844423 10.954693314419197
    vertex 8.000000000000004 91.57452805155557 10.697683832028234
    vertex 10.000000000000004 91.57452805155557 10.697683832028234
  endloop
endfacet
facet normal -0.0 -0.9845130621663941 0.17531123872630036
  outer loop
    vertex 8.000000000000004 91.57452805155557 10.697683832028234
    vertex 10.000000000000004 91.62029346844423 10.954693314419197
    vertex 8.000000000000004 91.62029346844423 10.954693314419197
  endloop
endfacet
facet normal -0.0 -0.9055927056625674 0.4241483837653407
  outer loop
    vertex 10.000000000000004 91.57452805155557 10.697683832028234
    vertex 8.000000000000004 91.46380310461723 10.461276696883457
    vertex 10.000000000000004 91.46380310461723 10.461276696883457
  endloop
endfacet
facet normal -0.0 -0.9055927056625674 0.4241483837653407
  outer loop
    vertex 8.000000000000004 91.46380310461723 10.461276696883457
    vertex 10.000000000000004 91.57452805155557 10.697683832028234
    vertex 8.000000000000004 91.57452805155557 10.697683832028234
  endloop
endfacet
facet normal -0.0 -0.7649577028305442 0.6440805173891049
  outer loop
    vertex 10.000000000000004 91.46380310461723 10.461276696883457
    vertex 8.000000000000004 91.29566434978138 10.26158266456372
    vertex 10.000000000000004 91.29566434978138 10.26158266456372
  endloop
endfacet
facet normal -0.0 -0.7649577028305442 0.6440805173891049
  outer loop
    vertex 8.000000000000004 91.29566434978138 10.26158266456372
    vertex 10.000000000000004 91.46380310461723 10.461276696883457
    vertex 8.000000000000004 91.46380310461723 10.461276696883457
  endloop
endfacet
facet normal -0.0 -0.5721920967030036 0.8201196281461751
  outer loop
    vertex 10.000000000000004 91.08157016532769 10.11221055336162
    vertex 8.000000000000004 91.29566434978138 10.26158266456372
    vertex 8.000000000000004 91.08157016532769 10.11221055336162
  endloop
endfacet
facet normal -0.0 -0.5721920967030036 0.8201196281461751
  outer loop
    vertex 8.000000000000004 91.29566434978138 10.26158266456372
    vertex 10.000000000000004 91.08157016532769 10.11221055336162
    vertex 10.000000000000004 91.29566434978138 10.26158266456372
  endloop
endfacet
facet normal -0.0 -0.34043254477728374 0.9402689415568626
  outer loop
    vertex 10.000000000000004 90.83611071611931 10.023339825806499
    vertex 8.000000000000004 91.08157016532769 10.11221055336162
    vertex 8.000000000000004 90.83611071611931 10.023339825806499
  endloop
endfacet
facet normal -0.0 -0.34043254477728374 0.9402689415568626
  outer loop
    vertex 8.000000000000004 91.08157016532769 10.11221055336162
    vertex 10.000000000000004 90.83611071611931 10.023339825806499
    vertex 10.000000000000004 91.08157016532769 10.11221055336162
  endloop
endfacet
facet normal -0.0 -0.08547307751638883 0.9963404804683376
  outer loop
    vertex 10.000000000000004 90.57601365797885 10.00102687511541
    vertex 8.000000000000004 90.83611071611931 10.023339825806499
    vertex 8.000000000000004 90.57601365797885 10.00102687511541
  endloop
endfacet
facet normal -0.0 -0.08547307751638883 0.9963404804683376
  outer loop
    vertex 8.000000000000004 90.83611071611931 10.023339825806499
    vertex 10.000000000000004 90.57601365797885 10.00102687511541
    vertex 10.000000000000004 90.83611071611931 10.023339825806499
  endloop
endfacet
facet normal 0.0 0.17531123872631235 0.984513062166392
  outer loop
    vertex 10.000000000000004 90.31900417558788 10.046792292004065
    vertex 8.000000000000004 90.57601365797885 10.00102687511541
    vertex 8.000000000000004 90.31900417558788 10.046792292004065
  endloop
endfacet
facet normal 0.0 0.17531123872631235 0.984513062166392
  outer loop
    vertex 8.000000000000004 90.57601365797885 10.00102687511541
    vertex 10.000000000000004 90.31900417558788 10.046792292004065
    vertex 10.000000000000004 90.57601365797885 10.00102687511541
  endloop
endfacet
facet normal 0.0 0.424148383765343 0.9055927056625662
  outer loop
    vertex 10.000000000000004 90.0825970404431 10.157517238942424
    vertex 8.000000000000004 90.31900417558788 10.046792292004065
    vertex 8.000000000000004 90.0825970404431 10.157517238942424
  endloop
endfacet
facet normal 0.0 0.424148383765343 0.9055927056625662
  outer loop
    vertex 8.000000000000004 90.31900417558788 10.046792292004065
    vertex 10.000000000000004 90.0825970404431 10.157517238942424
    vertex 10.000000000000004 90.31900417558788 10.046792292004065
  endloop
endfacet
facet normal 0.0 0.6440805173890968 0.764957702830551
  outer loop
    vertex 10.000000000000004 89.88290300812335 10.325655993778264
    vertex 8.000000000000004 90.0825970404431 10.157517238942424
    vertex 8.000000000000004 89.88290300812335 10.325655993778264
  endloop
endfacet
facet normal 0.0 0.6440805173890968 0.764957702830551
  outer loop
    vertex 8.000000000000004 90.0825970404431 10.157517238942424
    vertex 10.000000000000004 89.88290300812335 10.325655993778264
    vertex 10.000000000000004 90.0825970404431 10.157517238942424
  endloop
endfacet
facet normal 0.0 0.8201196281462008 0.572192096702967
  outer loop
    vertex 8.000000000000004 89.73353089692127 10.539750178231955
    vertex 10.000000000000004 89.88290300812335 10.325655993778264
    vertex 8.000000000000004 89.88290300812335 10.325655993778264
  endloop
endfacet
facet normal 0.0 0.8201196281462008 0.572192096702967
  outer loop
    vertex 10.000000000000004 89.88290300812335 10.325655993778264
    vertex 8.000000000000004 89.73353089692127 10.539750178231955
    vertex 10.000000000000004 89.73353089692127 10.539750178231955
  endloop
endfacet
facet normal 0.0 0.9402689415568541 0.34043254477730767
  outer loop
    vertex 8.000000000000004 89.64466016936613 10.785209627440345
    vertex 10.000000000000004 89.73353089692127 10.539750178231955
    vertex 8.000000000000004 89.73353089692127 10.539750178231955
  endloop
endfacet
facet normal 0.0 0.9402689415568541 0.34043254477730767
  outer loop
    vertex 10.000000000000004 89.73353089692127 10.539750178231955
    vertex 8.000000000000004 89.64466016936613 10.785209627440345
    vertex 10.000000000000004 89.64466016936613 10.785209627440345
  endloop
endfacet
facet normal 0.0 0.9963404804683349 0.0854730775164193
  outer loop
    vertex 8.000000000000004 89.6262339440712 11.000000000000002
    vertex 10.000000000000004 89.64466016936613 10.785209627440345
    vertex 8.000000000000004 89.64466016936613 10.785209627440345
  endloop
endfacet
facet normal 0.0 0.9963404804683349 0.0854730775164193
  outer loop
    vertex 10.000000000000004 89.64466016936613 10.785209627440345
    vertex 8.000000000000004 89.6262339440712 11.000000000000002
    vertex 10.000000000000004 89.6262339440712 11.000000000000002
  endloop
endfacet
facet normal 0.0 0.9963404804683422 0.08547307751633398
  outer loop
    vertex 8.000000000000004 89.62234721867505 11.045306685580805
    vertex 10.000000000000004 89.6262339440712 11.000000000000002
    vertex 8.000000000000004 89.6262339440712 11.000000000000002
  endloop
endfacet
facet normal 0.0 0.9963404804683422 0.08547307751633398
  outer loop
    vertex 10.000000000000004 89.6262339440712 11.000000000000002
    vertex 8.000000000000004 89.62234721867505 11.045306685580805
    vertex 10.000000000000004 89.62234721867505 11.045306685580805
  endloop
endfacet
facet normal -0.0 0.9845130621663866 -0.1753112387263432
  outer loop
    vertex 8.000000000000004 89.6681126355637 11.302316167971767
    vertex 10.000000000000004 89.62234721867505 11.045306685580805
    vertex 8.000000000000004 89.62234721867505 11.045306685580805
  endloop
endfacet
facet normal -0.0 0.9845130621663866 -0.1753112387263432
  outer loop
    vertex 10.000000000000004 89.62234721867505 11.045306685580805
    vertex 8.000000000000004 89.6681126355637 11.302316167971767
    vertex 10.000000000000004 89.6681126355637 11.302316167971767
  endloop
endfacet
facet normal -0.0 0.9055927056625683 -0.4241483837653386
  outer loop
    vertex 8.000000000000004 89.77883758250206 11.538723303116544
    vertex 10.000000000000004 89.6681126355637 11.302316167971767
    vertex 8.000000000000004 89.6681126355637 11.302316167971767
  endloop
endfacet
facet normal -0.0 0.9055927056625683 -0.4241483837653386
  outer loop
    vertex 10.000000000000004 89.6681126355637 11.302316167971767
    vertex 8.000000000000004 89.77883758250206 11.538723303116544
    vertex 10.000000000000004 89.77883758250206 11.538723303116544
  endloop
endfacet
facet normal -0.0 0.7649577028305442 -0.6440805173891049
  outer loop
    vertex 8.000000000000004 89.9469763373379 11.738417335436282
    vertex 10.000000000000004 89.77883758250206 11.538723303116544
    vertex 8.000000000000004 89.77883758250206 11.538723303116544
  endloop
endfacet
facet normal -0.0 0.7649577028305442 -0.6440805173891049
  outer loop
    vertex 10.000000000000004 89.77883758250206 11.538723303116544
    vertex 8.000000000000004 89.9469763373379 11.738417335436282
    vertex 10.000000000000004 89.9469763373379 11.738417335436282
  endloop
endfacet
facet normal -0.0 0.5721920967030036 -0.8201196281461751
  outer loop
    vertex 10.000000000000004 90.1610705217916 11.887789446638381
    vertex 8.000000000000004 89.9469763373379 11.738417335436282
    vertex 8.000000000000004 90.1610705217916 11.887789446638381
  endloop
endfacet
facet normal -0.0 0.5721920967030036 -0.8201196281461751
  outer loop
    vertex 8.000000000000004 89.9469763373379 11.738417335436282
    vertex 10.000000000000004 90.1610705217916 11.887789446638381
    vertex 10.000000000000004 89.9469763373379 11.738417335436282
  endloop
endfacet
facet normal -0.0 0.34043254477728374 -0.9402689415568626
  outer loop
    vertex 10.000000000000004 90.40652997099998 11.976660174193503
    vertex 8.000000000000004 90.1610705217916 11.887789446638381
    vertex 8.000000000000004 90.40652997099998 11.976660174193503
  endloop
endfacet
facet normal -0.0 0.34043254477728374 -0.9402689415568626
  outer loop
    vertex 8.000000000000004 90.1610705217916 11.887789446638381
    vertex 10.000000000000004 90.40652997099998 11.976660174193503
    vertex 10.000000000000004 90.1610705217916 11.887789446638381
  endloop
endfacet
facet normal -0.0 0.08547307751639166 -0.9963404804683372
  outer loop
    vertex 10.000000000000004 90.62132034355965 11.995086399488432
    vertex 8.000000000000004 90.40652997099998 11.976660174193503
    vertex 8.000000000000004 90.62132034355965 11.995086399488432
  endloop
endfacet
facet normal -0.0 0.08547307751639166 -0.9963404804683372
  outer loop
    vertex 8.000000000000004 90.40652997099998 11.976660174193503
    vertex 10.000000000000004 90.62132034355965 11.995086399488432
    vertex 10.000000000000004 90.40652997099998 11.976660174193503
  endloop
endfacet
facet normal -0.0 0.08547307751637533 -0.9963404804683387
  outer loop
    vertex 10.000000000000004 90.66662702914044 11.998973124884591
    vertex 8.000000000000004 90.62132034355965 11.995086399488432
    vertex 8.000000000000004 90.66662702914044 11.998973124884591
  endloop
endfacet
facet normal -0.0 0.08547307751637533 -0.9963404804683387
  outer loop
    vertex 8.000000000000004 90.62132034355965 11.995086399488432
    vertex 10.000000000000004 90.66662702914044 11.998973124884591
    vertex 10.000000000000004 90.62132034355965 11.995086399488432
  endloop
endfacet
facet normal -0.0 -0.17531123872631235 -0.984513062166392
  outer loop
    vertex 10.000000000000004 90.92363651153141 11.953207707995938
    vertex 8.000000000000004 90.66662702914044 11.998973124884591
    vertex 8.000000000000004 90.92363651153141 11.953207707995938
  endloop
endfacet
facet normal -0.0 -0.17531123872631235 -0.984513062166392
  outer loop
    vertex 8.000000000000004 90.66662702914044 11.998973124884591
    vertex 10.000000000000004 90.92363651153141 11.953207707995938
    vertex 10.000000000000004 90.66662702914044 11.998973124884591
  endloop
endfacet
facet normal -0.0 -0.424148383765343 -0.9055927056625662
  outer loop
    vertex 10.000000000000004 91.16004364667619 11.842482761057578
    vertex 8.000000000000004 90.92363651153141 11.953207707995938
    vertex 8.000000000000004 91.16004364667619 11.842482761057578
  endloop
endfacet
facet normal -0.0 -0.424148383765343 -0.9055927056625662
  outer loop
    vertex 8.000000000000004 90.92363651153141 11.953207707995938
    vertex 10.000000000000004 91.16004364667619 11.842482761057578
    vertex 10.000000000000004 90.92363651153141 11.953207707995938
  endloop
endfacet
facet normal -0.0 -0.6440805173890968 -0.764957702830551
  outer loop
    vertex 10.000000000000004 91.35973767899593 11.674344006221737
    vertex 8.000000000000004 91.16004364667619 11.842482761057578
    vertex 8.000000000000004 91.35973767899593 11.674344006221737
  endloop
endfacet
facet normal -0.0 -0.6440805173890968 -0.764957702830551
  outer loop
    vertex 8.000000000000004 91.16004364667619 11.842482761057578
    vertex 10.000000000000004 91.35973767899593 11.674344006221737
    vertex 10.000000000000004 91.16004364667619 11.842482761057578
  endloop
endfacet
facet normal -0.0 -0.8201196281461804 -0.572192096702996
  outer loop
    vertex 10.000000000000004 91.35973767899593 11.674344006221737
    vertex 8.000000000000004 91.50910979019802 11.460249821768047
    vertex 10.000000000000004 91.50910979019802 11.460249821768047
  endloop
endfacet
facet normal -0.0 -0.8201196281461804 -0.572192096702996
  outer loop
    vertex 8.000000000000004 91.50910979019802 11.460249821768047
    vertex 10.000000000000004 91.35973767899593 11.674344006221737
    vertex 8.000000000000004 91.35973767899593 11.674344006221737
  endloop
endfacet
facet normal -0.0 -0.9402689415568685 -0.34043254477726764
  outer loop
    vertex 10.000000000000004 91.50910979019802 11.460249821768047
    vertex 8.000000000000004 91.59798051775314 11.214790372559655
    vertex 10.000000000000004 91.59798051775314 11.214790372559655
  endloop
endfacet
facet normal -0.0 -0.9402689415568685 -0.34043254477726764
  outer loop
    vertex 8.000000000000004 91.59798051775314 11.214790372559655
    vertex 10.000000000000004 91.50910979019802 11.460249821768047
    vertex 8.000000000000004 91.50910979019802 11.460249821768047
  endloop
endfacet
facet normal -0.0 -0.9999342367812319 -0.01146830906172358
  outer loop
    vertex 112.0 30.989882746055468 11.141887804485402
    vertex 110.0 30.99151006626721 11.000000000000002
    vertex 112.0 30.99151006626721 11.000000000000002
  endloop
endfacet
facet normal -0.0 -0.9999342367812319 -0.01146830906172358
  outer loop
    vertex 110.0 30.99151006626721 11.000000000000002
    vertex 112.0 30.989882746055468 11.141887804485402
    vertex 110.0 30.989882746055468 11.141887804485402
  endloop
endfacet
facet normal -0.0 -0.9999342367812323 -0.011468309061701456
  outer loop
    vertex 112.0 30.99151006626721 11.000000000000002
    vertex 110.0 30.992876575481525 10.880852587690367
    vertex 112.0 30.992876575481525 10.880852587690367
  endloop
endfacet
facet normal -0.0 -0.9999342367812323 -0.011468309061701456
  outer loop
    vertex 110.0 30.992876575481525 10.880852587690367
    vertex 112.0 30.99151006626721 11.000000000000002
    vertex 110.0 30.99151006626721 11.000000000000002
  endloop
endfacet
facet normal -0.0 -0.9688305206979362 0.24772448842245287
  outer loop
    vertex 112.0 30.992876575481525 10.880852587690367
    vertex 110.0 30.928207507094637 10.627937070143822
    vertex 112.0 30.928207507094637 10.627937070143822
  endloop
endfacet
facet normal -0.0 -0.9688305206979362 0.24772448842245287
  outer loop
    vertex 110.0 30.928207507094637 10.627937070143822
    vertex 112.0 30.992876575481525 10.880852587690367
    vertex 110.0 30.992876575481525 10.880852587690367
  endloop
endfacet
facet normal -0.0 -0.8717026056972075 0.4900352714047213
  outer loop
    vertex 112.0 30.928207507094637 10.627937070143822
    vertex 110.0 30.800282631034683 10.400377026403916
    vertex 112.0 30.800282631034683 10.400377026403916
  endloop
endfacet
facet normal -0.0 -0.8717026056972075 0.4900352714047213
  outer loop
    vertex 110.0 30.800282631034683 10.400377026403916
    vertex 112.0 30.928207507094637 10.627937070143822
    vertex 110.0 30.928207507094637 10.627937070143822
  endloop
endfacet
facet normal -0.0 -0.7151695986748877 0.6989509604623204
  outer loop
    vertex 112.0 30.800282631034683 10.400377026403916
    vertex 110.0 30.617819816199294 10.213680297390765
    vertex 112.0 30.617819816199294 10.213680297390765
  endloop
endfacet
facet normal -0.0 -0.7151695986748877 0.6989509604623204
  outer loop
    vertex 110.0 30.617819816199294 10.213680297390765
    vertex 112.0 30.800282631034683 10.400377026403916
    vertex 110.0 30.800282631034683 10.400377026403916
  endloop
endfacet
facet normal -0.0 -0.509898965376511 0.8602342966354944
  outer loop
    vertex 112.0 30.39325360188544 10.080569956655685
    vertex 110.0 30.617819816199294 10.213680297390765
    vertex 110.0 30.39325360188544 10.080569956655685
  endloop
endfacet
facet normal -0.0 -0.509898965376511 0.8602342966354944
  outer loop
    vertex 110.0 30.617819816199294 10.213680297390765
    vertex 112.0 30.39325360188544 10.080569956655685
    vertex 112.0 30.617819816199294 10.213680297390765
  endloop
endfacet
facet normal -0.0 -0.26987956023560994 0.9628940870973475
  outer loop
    vertex 112.0 30.141887804485407 10.010117253944534
    vertex 110.0 30.39325360188544 10.080569956655685
    vertex 110.0 30.141887804485407 10.010117253944534
  endloop
endfacet
facet normal -0.0 -0.26987956023560994 0.9628940870973475
  outer loop
    vertex 110.0 30.39325360188544 10.080569956655685
    vertex 112.0 30.141887804485407 10.010117253944534
    vertex 112.0 30.39325360188544 10.080569956655685
  endloop
endfacet
facet normal -0.0 -0.011468309061718635 0.9999342367812319
  outer loop
    vertex 112.0 29.880852587690363 10.007123424518475
    vertex 110.0 30.141887804485407 10.010117253944534
    vertex 110.0 29.880852587690363 10.007123424518475
  endloop
endfacet
facet normal -0.0 -0.011468309061718635 0.9999342367812319
  outer loop
    vertex 110.0 30.141887804485407 10.010117253944534
    vertex 112.0 29.880852587690363 10.007123424518475
    vertex 112.0 30.141887804485407 10.010117253944534
  endloop
endfacet
facet normal 0.0 0.24772448842246428 0.9688305206979332
  outer loop
    vertex 112.0 29.627937070143822 10.071792492905365
    vertex 110.0 29.880852587690363 10.007123424518475
    vertex 110.0 29.627937070143822 10.071792492905365
  endloop
endfacet
facet normal 0.0 0.24772448842246428 0.9688305206979332
  outer loop
    vertex 110.0 29.880852587690363 10.007123424518475
    vertex 112.0 29.627937070143822 10.071792492905365
    vertex 112.0 29.880852587690363 10.007123424518475
  endloop
endfacet
facet normal 0.0 0.49003527140471903 0.8717026056972088
  outer loop
    vertex 112.0 29.400377026403913 10.19971736896532
    vertex 110.0 29.627937070143822 10.071792492905365
    vertex 110.0 29.400377026403913 10.19971736896532
  endloop
endfacet
facet normal 0.0 0.49003527140471903 0.8717026056972088
  outer loop
    vertex 110.0 29.627937070143822 10.071792492905365
    vertex 112.0 29.400377026403913 10.19971736896532
    vertex 112.0 29.627937070143822 10.071792492905365
  endloop
endfacet
facet normal 0.0 0.698950960462334 0.7151695986748745
  outer loop
    vertex 112.0 29.21368029739077 10.38218018380071
    vertex 110.0 29.400377026403913 10.19971736896532
    vertex 110.0 29.21368029739077 10.38218018380071
  endloop
endfacet
facet normal 0.0 0.698950960462334 0.7151695986748745
  outer loop
    vertex 110.0 29.400377026403913 10.19971736896532
    vertex 112.0 29.21368029739077 10.38218018380071
    vertex 112.0 29.400377026403913 10.19971736896532
  endloop
endfacet
facet normal 0.0 0.8602342966354929 0.5098989653765134
  outer loop
    vertex 110.0 29.080569956655687 10.60674639811456
    vertex 112.0 29.21368029739077 10.38218018380071
    vertex 110.0 29.21368029739077 10.38218018380071
  endloop
endfacet
facet normal 0.0 0.8602342966354929 0.5098989653765134
  outer loop
    vertex 112.0 29.21368029739077 10.38218018380071
    vertex 110.0 29.080569956655687 10.60674639811456
    vertex 112.0 29.080569956655687 10.60674639811456
  endloop
endfacet
facet normal 0.0 0.9628940870973468 0.2698795602356121
  outer loop
    vertex 110.0 29.010117253944536 10.8581121955146
    vertex 112.0 29.080569956655687 10.60674639811456
    vertex 110.0 29.080569956655687 10.60674639811456
  endloop
endfacet
facet normal 0.0 0.9628940870973468 0.2698795602356121
  outer loop
    vertex 112.0 29.080569956655687 10.60674639811456
    vertex 110.0 29.010117253944536 10.8581121955146
    vertex 112.0 29.010117253944536 10.8581121955146
  endloop
endfacet
facet normal 0.0 0.9999342367812319 0.01146830906172358
  outer loop
    vertex 110.0 29.008489933732793 11.000000000000002
    vertex 112.0 29.010117253944536 10.8581121955146
    vertex 110.0 29.010117253944536 10.8581121955146
  endloop
endfacet
facet normal 0.0 0.9999342367812319 0.01146830906172358
  outer loop
    vertex 112.0 29.010117253944536 10.8581121955146
    vertex 110.0 29.008489933732793 11.000000000000002
    vertex 112.0 29.008489933732793 11.000000000000002
  endloop
endfacet
facet normal 0.0 0.9999342367812323 0.011468309061701456
  outer loop
    vertex 110.0 29.00712342451848 11.119147412309635
    vertex 112.0 29.008489933732793 11.000000000000002
    vertex 110.0 29.008489933732793 11.000000000000002
  endloop
endfacet
facet normal 0.0 0.9999342367812323 0.011468309061701456
  outer loop
    vertex 112.0 29.008489933732793 11.000000000000002
    vertex 110.0 29.00712342451848 11.119147412309635
    vertex 112.0 29.00712342451848 11.119147412309635
  endloop
endfacet
facet normal -0.0 0.9688305206979358 -0.24772448842245418
  outer loop
    vertex 110.0 29.071792492905367 11.372062929856178
    vertex 112.0 29.00712342451848 11.119147412309635
    vertex 110.0 29.00712342451848 11.119147412309635
  endloop
endfacet
facet normal -0.0 0.9688305206979358 -0.24772448842245418
  outer loop
    vertex 112.0 29.00712342451848 11.119147412309635
    vertex 110.0 29.071792492905367 11.372062929856178
    vertex 112.0 29.071792492905367 11.372062929856178
  endloop
endfacet
facet normal -0.0 0.8717026056972088 -0.49003527140471903
  outer loop
    vertex 110.0 29.19971736896532 11.599622973596086
    vertex 112.0 29.071792492905367 11.372062929856178
    vertex 110.0 29.071792492905367 11.372062929856178
  endloop
endfacet
facet normal -0.0 0.8717026056972088 -0.49003527140471903
  outer loop
    vertex 112.0 29.071792492905367 11.372062929856178
    vertex 110.0 29.19971736896532 11.599622973596086
    vertex 112.0 29.19971736896532 11.599622973596086
  endloop
endfacet
facet normal -0.0 0.7151695986748877 -0.6989509604623204
  outer loop
    vertex 110.0 29.38218018380071 11.786319702609237
    vertex 112.0 29.19971736896532 11.599622973596086
    vertex 110.0 29.19971736896532 11.599622973596086
  endloop
endfacet
facet normal -0.0 0.7151695986748877 -0.6989509604623204
  outer loop
    vertex 112.0 29.19971736896532 11.599622973596086
    vertex 110.0 29.38218018380071 11.786319702609237
    vertex 112.0 29.38218018380071 11.786319702609237
  endloop
endfacet
facet normal -0.0 0.509898965376511 -0.8602342966354944
  outer loop
    vertex 112.0 29.60674639811456 11.919430043344317
    vertex 110.0 29.38218018380071 11.786319702609237
    vertex 110.0 29.60674639811456 11.919430043344317
  endloop
endfacet
facet normal -0.0 0.509898965376511 -0.8602342966354944
  outer loop
    vertex 110.0 29.38218018380071 11.786319702609237
    vertex 112.0 29.60674639811456 11.919430043344317
    vertex 112.0 29.38218018380071 11.786319702609237
  endloop
endfacet
facet normal -0.0 0.26987956023561493 -0.962894087097346
  outer loop
    vertex 112.0 29.858112195514597 11.98988274605547
    vertex 110.0 29.60674639811456 11.919430043344317
    vertex 110.0 29.858112195514597 11.98988274605547
  endloop
endfacet
facet normal -0.0 0.26987956023561493 -0.962894087097346
  outer loop
    vertex 110.0 29.60674639811456 11.919430043344317
    vertex 112.0 29.858112195514597 11.98988274605547
    vertex 112.0 29.60674639811456 11.919430043344317
  endloop
endfacet
facet normal -0.0 0.011468309061713417 -0.9999342367812322
  outer loop
    vertex 112.0 30.0 11.991510066267212
    vertex 110.0 29.858112195514597 11.98988274605547
    vertex 110.0 30.0 11.991510066267212
  endloop
endfacet
facet normal -0.0 0.011468309061713417 -0.9999342367812322
  outer loop
    vertex 110.0 29.858112195514597 11.98988274605547
    vertex 112.0 30.0 11.991510066267212
    vertex 112.0 29.858112195514597 11.98988274605547
  endloop
endfacet
facet normal -0.0 0.011468309061713016 -0.999934236781232
  outer loop
    vertex 112.0 30.11914741230964 11.992876575481526
    vertex 110.0 30.0 11.991510066267212
    vertex 110.0 30.11914741230964 11.992876575481526
  endloop
endfacet
facet normal -0.0 0.011468309061713016 -0.999934236781232
  outer loop
    vertex 110.0 30.0 11.991510066267212
    vertex 112.0 30.11914741230964 11.992876575481526
    vertex 112.0 30.0 11.991510066267212
  endloop
endfacet
facet normal -0.0 -0.24772448842246428 -0.9688305206979332
  outer loop
    vertex 112.0 30.37206292985618 11.928207507094637
    vertex 110.0 30.11914741230964 11.992876575481526
    vertex 110.0 30.37206292985618 11.928207507094637
  endloop
endfacet
facet normal -0.0 -0.24772448842246428 -0.9688305206979332
  outer loop
    vertex 110.0 30.11914741230964 11.992876575481526
    vertex 112.0 30.37206292985618 11.928207507094637
    vertex 112.0 30.11914741230964 11.992876575481526
  endloop
endfacet
facet normal -0.0 -0.49003527140471903 -0.8717026056972088
  outer loop
    vertex 112.0 30.599622973596087 11.800282631034682
    vertex 110.0 30.37206292985618 11.928207507094637
    vertex 110.0 30.599622973596087 11.800282631034682
  endloop
endfacet
facet normal -0.0 -0.49003527140471903 -0.8717026056972088
  outer loop
    vertex 110.0 30.37206292985618 11.928207507094637
    vertex 112.0 30.599622973596087 11.800282631034682
    vertex 112.0 30.37206292985618 11.928207507094637
  endloop
endfacet
facet normal -0.0 -0.6989509604623231 -0.715169598674885
  outer loop
    vertex 112.0 30.78631970260924 11.617819816199292
    vertex 110.0 30.599622973596087 11.800282631034682
    vertex 110.0 30.78631970260924 11.617819816199292
  endloop
endfacet
facet normal -0.0 -0.6989509604623231 -0.715169598674885
  outer loop
    vertex 110.0 30.599622973596087 11.800282631034682
    vertex 112.0 30.78631970260924 11.617819816199292
    vertex 112.0 30.599622973596087 11.800282631034682
  endloop
endfacet
facet normal -0.0 -0.8602342966354944 -0.509898965376511
  outer loop
    vertex 112.0 30.78631970260924 11.617819816199292
    vertex 110.0 30.91943004334432 11.39325360188544
    vertex 112.0 30.91943004334432 11.39325360188544
  endloop
endfacet
facet normal -0.0 -0.8602342966354944 -0.509898965376511
  outer loop
    vertex 110.0 30.91943004334432 11.39325360188544
    vertex 112.0 30.78631970260924 11.617819816199292
    vertex 110.0 30.78631970260924 11.617819816199292
  endloop
endfacet
facet normal -0.0 -0.9628940870973519 -0.26987956023559345
  outer loop
    vertex 112.0 30.91943004334432 11.39325360188544
    vertex 110.0 30.989882746055468 11.141887804485402
    vertex 112.0 30.989882746055468 11.141887804485402
  endloop
endfacet
facet normal -0.0 -0.9628940870973519 -0.26987956023559345
  outer loop
    vertex 110.0 30.989882746055468 11.141887804485402
    vertex 112.0 30.91943004334432 11.39325360188544
    vertex 110.0 30.91943004334432 11.39325360188544
  endloop
endfacet
facet normal -0.0 0.9995439479191707 -0.030197618749799145
  outer loop
    vertex 110.0 39.00810278183588 11.000000000000002
    vertex 112.0 39.005065708928726 10.899472608456758
    vertex 110.0 39.005065708928726 10.899472608456758
  endloop
endfacet
facet normal -0.0 0.9995439479191707 -0.030197618749799145
  outer loop
    vertex 112.0 39.005065708928726 10.899472608456758
    vertex 110.0 39.00810278183588 11.000000000000002
    vertex 112.0 39.00810278183588 11.000000000000002
  endloop
endfacet
facet normal -0.0 0.9995439479191696 -0.030197618749841594
  outer loop
    vertex 110.0 39.01294886930778 11.160405939413732
    vertex 112.0 39.00810278183588 11.000000000000002
    vertex 110.0 39.00810278183588 11.000000000000002
  endloop
endfacet
facet normal -0.0 0.9995439479191696 -0.030197618749841594
  outer loop
    vertex 112.0 39.00810278183588 11.000000000000002
    vertex 110.0 39.01294886930778 11.160405939413732
    vertex 112.0 39.01294886930778 11.160405939413732
  endloop
endfacet
facet normal -0.0 0.9576695949568605 -0.28786966998133506
  outer loop
    vertex 110.0 39.08809793306439 11.410407870683008
    vertex 112.0 39.01294886930778 11.160405939413732
    vertex 110.0 39.01294886930778 11.160405939413732
  endloop
endfacet
facet normal -0.0 0.9576695949568605 -0.28786966998133506
  outer loop
    vertex 112.0 39.01294886930778 11.160405939413732
    vertex 110.0 39.08809793306439 11.410407870683008
    vertex 112.0 39.08809793306439 11.410407870683008
  endloop
endfacet
facet normal -0.0 0.8505316417220765 -0.5259238789307338
  outer loop
    vertex 110.0 39.22539161569325 11.632441183796313
    vertex 112.0 39.08809793306439 11.410407870683008
    vertex 110.0 39.08809793306439 11.410407870683008
  endloop
endfacet
facet normal -0.0 0.8505316417220765 -0.5259238789307338
  outer loop
    vertex 112.0 39.08809793306439 11.410407870683008
    vertex 110.0 39.22539161569325 11.632441183796313
    vertex 112.0 39.22539161569325 11.632441183796313
  endloop
endfacet
facet normal -0.0 0.685431362673928 -0.7281372446613086
  outer loop
    vertex 112.0 39.415473579611735 11.811374675392372
    vertex 110.0 39.22539161569325 11.632441183796313
    vertex 110.0 39.415473579611735 11.811374675392372
  endloop
endfacet
facet normal -0.0 0.685431362673928 -0.7281372446613086
  outer loop
    vertex 110.0 39.22539161569325 11.632441183796313
    vertex 112.0 39.415473579611735 11.811374675392372
    vertex 112.0 39.22539161569325 11.632441183796313
  endloop
endfacet
facet normal -0.0 0.47362006898843784 -0.8807292604719045
  outer loop
    vertex 112.0 39.64539005310409 11.93501432372049
    vertex 110.0 39.415473579611735 11.811374675392372
    vertex 110.0 39.64539005310409 11.93501432372049
  endloop
endfacet
facet normal -0.0 0.47362006898843784 -0.8807292604719045
  outer loop
    vertex 110.0 39.415473579611735 11.811374675392372
    vertex 112.0 39.64539005310409 11.93501432372049
    vertex 112.0 39.415473579611735 11.811374675392372
  endloop
endfacet
facet normal -0.0 0.2295323502955486 -0.9733010326552631
  outer loop
    vertex 112.0 39.89947260845676 11.994934291071283
    vertex 110.0 39.64539005310409 11.93501432372049
    vertex 110.0 39.89947260845676 11.994934291071283
  endloop
endfacet
facet normal -0.0 0.2295323502955486 -0.9733010326552631
  outer loop
    vertex 110.0 39.64539005310409 11.93501432372049
    vertex 112.0 39.89947260845676 11.994934291071283
    vertex 112.0 39.64539005310409 11.93501432372049
  endloop
endfacet
facet normal -0.0 -0.03019761874982759 -0.99954394791917
  outer loop
    vertex 112.0 40.00000000000001 11.991897218164127
    vertex 110.0 39.89947260845676 11.994934291071283
    vertex 110.0 40.00000000000001 11.991897218164127
  endloop
endfacet
facet normal -0.0 -0.03019761874982759 -0.99954394791917
  outer loop
    vertex 110.0 39.89947260845676 11.994934291071283
    vertex 112.0 40.00000000000001 11.991897218164127
    vertex 112.0 39.89947260845676 11.994934291071283
  endloop
endfacet
facet normal -0.0 -0.030197618749832282 -0.9995439479191697
  outer loop
    vertex 112.0 40.16040593941374 11.987051130692228
    vertex 110.0 40.00000000000001 11.991897218164127
    vertex 110.0 40.16040593941374 11.987051130692228
  endloop
endfacet
facet normal -0.0 -0.030197618749832282 -0.9995439479191697
  outer loop
    vertex 110.0 40.00000000000001 11.991897218164127
    vertex 112.0 40.16040593941374 11.987051130692228
    vertex 112.0 40.00000000000001 11.991897218164127
  endloop
endfacet
facet normal -0.0 -0.28786966998133806 -0.9576695949568597
  outer loop
    vertex 112.0 40.41040787068301 11.911902066935614
    vertex 110.0 40.16040593941374 11.987051130692228
    vertex 110.0 40.41040787068301 11.911902066935614
  endloop
endfacet
facet normal -0.0 -0.28786966998133806 -0.9576695949568597
  outer loop
    vertex 110.0 40.16040593941374 11.987051130692228
    vertex 112.0 40.41040787068301 11.911902066935614
    vertex 112.0 40.16040593941374 11.987051130692228
  endloop
endfacet
facet normal -0.0 -0.5259238789307362 -0.8505316417220752
  outer loop
    vertex 112.0 40.63244118379632 11.774608384306758
    vertex 110.0 40.41040787068301 11.911902066935614
    vertex 110.0 40.63244118379632 11.774608384306758
  endloop
endfacet
facet normal -0.0 -0.5259238789307362 -0.8505316417220752
  outer loop
    vertex 110.0 40.41040787068301 11.911902066935614
    vertex 112.0 40.63244118379632 11.774608384306758
    vertex 112.0 40.41040787068301 11.911902066935614
  endloop
endfacet
facet normal -0.0 -0.7281372446613031 -0.6854313626739337
  outer loop
    vertex 112.0 40.63244118379632 11.774608384306758
    vertex 110.0 40.81137467539238 11.584526420388276
    vertex 112.0 40.81137467539238 11.584526420388276
  endloop
endfacet
facet normal -0.0 -0.7281372446613031 -0.6854313626739337
  outer loop
    vertex 110.0 40.81137467539238 11.584526420388276
    vertex 112.0 40.63244118379632 11.774608384306758
    vertex 110.0 40.63244118379632 11.774608384306758
  endloop
endfacet
facet normal -0.0 -0.8807292604719124 -0.47362006898842296
  outer loop
    vertex 112.0 40.81137467539238 11.584526420388276
    vertex 110.0 40.93501432372049 11.354609946895916
    vertex 112.0 40.93501432372049 11.354609946895916
  endloop
endfacet
facet normal -0.0 -0.8807292604719124 -0.47362006898842296
  outer loop
    vertex 110.0 40.93501432372049 11.354609946895916
    vertex 112.0 40.81137467539238 11.584526420388276
    vertex 110.0 40.81137467539238 11.584526420388276
  endloop
endfacet
facet normal -0.0 -0.9733010326552614 -0.2295323502955561
  outer loop
    vertex 112.0 40.93501432372049 11.354609946895916
    vertex 110.0 40.99493429107129 11.100527391543244
    vertex 112.0 40.99493429107129 11.100527391543244
  endloop
endfacet
facet normal -0.0 -0.9733010326552614 -0.2295323502955561
  outer loop
    vertex 110.0 40.99493429107129 11.100527391543244
    vertex 112.0 40.93501432372049 11.354609946895916
    vertex 110.0 40.93501432372049 11.354609946895916
  endloop
endfacet
facet normal -0.0 -0.9995439479191707 0.030197618749799145
  outer loop
    vertex 112.0 40.99493429107129 11.100527391543244
    vertex 110.0 40.991897218164134 11.000000000000002
    vertex 112.0 40.991897218164134 11.000000000000002
  endloop
endfacet
facet normal -0.0 -0.9995439479191707 0.030197618749799145
  outer loop
    vertex 110.0 40.991897218164134 11.000000000000002
    vertex 112.0 40.99493429107129 11.100527391543244
    vertex 110.0 40.99493429107129 11.100527391543244
  endloop
endfacet
facet normal -0.0 -0.9995439479191696 0.030197618749841594
  outer loop
    vertex 112.0 40.991897218164134 11.000000000000002
    vertex 110.0 40.98705113069223 10.83959406058627
    vertex 112.0 40.98705113069223 10.83959406058627
  endloop
endfacet
facet normal -0.0 -0.9995439479191696 0.030197618749841594
  outer loop
    vertex 110.0 40.98705113069223 10.83959406058627
    vertex 112.0 40.991897218164134 11.000000000000002
    vertex 110.0 40.991897218164134 11.000000000000002
  endloop
endfacet
facet normal -0.0 -0.957669594956861 0.28786966998133356
  outer loop
    vertex 112.0 40.98705113069223 10.83959406058627
    vertex 110.0 40.91190206693562 10.589592129316992
    vertex 112.0 40.91190206693562 10.589592129316992
  endloop
endfacet
facet normal -0.0 -0.957669594956861 0.28786966998133356
  outer loop
    vertex 110.0 40.91190206693562 10.589592129316992
    vertex 112.0 40.98705113069223 10.83959406058627
    vertex 110.0 40.98705113069223 10.83959406058627
  endloop
endfacet
facet normal -0.0 -0.8505316417220752 0.5259238789307362
  outer loop
    vertex 112.0 40.91190206693562 10.589592129316992
    vertex 110.0 40.77460838430676 10.36755881620369
    vertex 112.0 40.77460838430676 10.36755881620369
  endloop
endfacet
facet normal -0.0 -0.8505316417220752 0.5259238789307362
  outer loop
    vertex 110.0 40.77460838430676 10.36755881620369
    vertex 112.0 40.91190206693562 10.589592129316992
    vertex 110.0 40.91190206693562 10.589592129316992
  endloop
endfacet
facet normal -0.0 -0.685431362673928 0.7281372446613086
  outer loop
    vertex 112.0 40.58452642038828 10.18862532460763
    vertex 110.0 40.77460838430676 10.36755881620369
    vertex 110.0 40.58452642038828 10.18862532460763
  endloop
endfacet
facet normal -0.0 -0.685431362673928 0.7281372446613086
  outer loop
    vertex 110.0 40.77460838430676 10.36755881620369
    vertex 112.0 40.58452642038828 10.18862532460763
    vertex 112.0 40.77460838430676 10.36755881620369
  endloop
endfacet
facet normal -0.0 -0.47362006898843784 0.8807292604719045
  outer loop
    vertex 112.0 40.35460994689592 10.064985676279514
    vertex 110.0 40.58452642038828 10.18862532460763
    vertex 110.0 40.35460994689592 10.064985676279514
  endloop
endfacet
facet normal -0.0 -0.47362006898843784 0.8807292604719045
  outer loop
    vertex 110.0 40.58452642038828 10.18862532460763
    vertex 112.0 40.35460994689592 10.064985676279514
    vertex 112.0 40.58452642038828 10.18862532460763
  endloop
endfacet
facet normal -0.0 -0.2295323502955486 0.9733010326552631
  outer loop
    vertex 112.0 40.100527391543245 10.005065708928718
    vertex 110.0 40.35460994689592 10.064985676279514
    vertex 110.0 40.100527391543245 10.005065708928718
  endloop
endfacet
facet normal -0.0 -0.2295323502955486 0.9733010326552631
  outer loop
    vertex 110.0 40.35460994689592 10.064985676279514
    vertex 112.0 40.100527391543245 10.005065708928718
    vertex 112.0 40.35460994689592 10.064985676279514
  endloop
endfacet
facet normal 0.0 0.030197618749831123 0.9995439479191698
  outer loop
    vertex 112.0 39.83959406058628 10.012948869307776
    vertex 110.0 40.100527391543245 10.005065708928718
    vertex 110.0 39.83959406058628 10.012948869307776
  endloop
endfacet
facet normal 0.0 0.030197618749831123 0.9995439479191698
  outer loop
    vertex 110.0 40.100527391543245 10.005065708928718
    vertex 112.0 39.83959406058628 10.012948869307776
    vertex 112.0 40.100527391543245 10.005065708928718
  endloop
endfacet
facet normal 0.0 0.2878696699813321 0.9576695949568615
  outer loop
    vertex 112.0 39.589592129317 10.088097933064388
    vertex 110.0 39.83959406058628 10.012948869307776
    vertex 110.0 39.589592129317 10.088097933064388
  endloop
endfacet
facet normal 0.0 0.2878696699813321 0.9576695949568615
  outer loop
    vertex 110.0 39.83959406058628 10.012948869307776
    vertex 112.0 39.589592129317 10.088097933064388
    vertex 112.0 39.83959406058628 10.012948869307776
  endloop
endfacet
facet normal 0.0 0.5259238789307362 0.8505316417220752
  outer loop
    vertex 112.0 39.3675588162037 10.225391615693244
    vertex 110.0 39.589592129317 10.088097933064388
    vertex 110.0 39.3675588162037 10.225391615693244
  endloop
endfacet
facet normal 0.0 0.5259238789307362 0.8505316417220752
  outer loop
    vertex 110.0 39.589592129317 10.088097933064388
    vertex 112.0 39.3675588162037 10.225391615693244
    vertex 112.0 39.589592129317 10.088097933064388
  endloop
endfacet
facet normal 0.0 0.7281372446613031 0.6854313626739337
  outer loop
    vertex 110.0 39.188625324607635 10.415473579611728
    vertex 112.0 39.3675588162037 10.225391615693244
    vertex 110.0 39.3675588162037 10.225391615693244
  endloop
endfacet
facet normal 0.0 0.7281372446613031 0.6854313626739337
  outer loop
    vertex 112.0 39.3675588162037 10.225391615693244
    vertex 110.0 39.188625324607635 10.415473579611728
    vertex 112.0 39.188625324607635 10.415473579611728
  endloop
endfacet
facet normal 0.0 0.8807292604719124 0.47362006898842296
  outer loop
    vertex 110.0 39.06498567627952 10.645390053104087
    vertex 112.0 39.188625324607635 10.415473579611728
    vertex 110.0 39.188625324607635 10.415473579611728
  endloop
endfacet
facet normal 0.0 0.8807292604719124 0.47362006898842296
  outer loop
    vertex 112.0 39.188625324607635 10.415473579611728
    vertex 110.0 39.06498567627952 10.645390053104087
    vertex 112.0 39.06498567627952 10.645390053104087
  endloop
endfacet
facet normal 0.0 0.9733010326552614 0.2295323502955561
  outer loop
    vertex 110.0 39.005065708928726 10.899472608456758
    vertex 112.0 39.06498567627952 10.645390053104087
    vertex 110.0 39.06498567627952 10.645390053104087
  endloop
endfacet
facet normal 0.0 0.9733010326552614 0.2295323502955561
  outer loop
    vertex 112.0 39.06498567627952 10.645390053104087
    vertex 110.0 39.005065708928726 10.899472608456758
    vertex 112.0 39.005065708928726 10.899472608456758
  endloop
endfacet
facet normal 0.0 0.9914448613738104 0.13052619222005216
  outer loop
    vertex 110.0 49.00000000000001 11.000000000000002
    vertex 112.0 49.03407417371094 10.741180954897482
    vertex 110.0 49.03407417371094 10.741180954897482
  endloop
endfacet
facet normal 0.0 0.9914448613738104 0.13052619222005216
  outer loop
    vertex 112.0 49.03407417371094 10.741180954897482
    vertex 110.0 49.00000000000001 11.000000000000002
    vertex 112.0 49.00000000000001 11.000000000000002
  endloop
endfacet
facet normal -0.0 0.9914448613738105 -0.13052619222005143
  outer loop
    vertex 110.0 49.03407417371094 11.258819045102522
    vertex 112.0 49.00000000000001 11.000000000000002
    vertex 110.0 49.00000000000001 11.000000000000002
  endloop
endfacet
facet normal -0.0 0.9914448613738105 -0.13052619222005143
  outer loop
    vertex 112.0 49.00000000000001 11.000000000000002
    vertex 110.0 49.03407417371094 11.258819045102522
    vertex 112.0 49.03407417371094 11.258819045102522
  endloop
endfacet
facet normal -0.0 0.9238795325112892 -0.382683432365084
  outer loop
    vertex 110.0 49.133974596215566 11.5
    vertex 112.0 49.03407417371094 11.258819045102522
    vertex 110.0 49.03407417371094 11.258819045102522
  endloop
endfacet
facet normal -0.0 0.9238795325112892 -0.382683432365084
  outer loop
    vertex 112.0 49.03407417371094 11.258819045102522
    vertex 110.0 49.133974596215566 11.5
    vertex 112.0 49.133974596215566 11.5
  endloop
endfacet
facet normal -0.0 0.7933533402912268 -0.6087614290087315
  outer loop
    vertex 110.0 49.29289321881346 11.707106781186548
    vertex 112.0 49.133974596215566 11.5
    vertex 110.0 49.133974596215566 11.5
  endloop
endfacet
facet normal -0.0 0.7933533402912268 -0.6087614290087315
  outer loop
    vertex 112.0 49.133974596215566 11.5
    vertex 110.0 49.29289321881346 11.707106781186548
    vertex 112.0 49.29289321881346 11.707106781186548
  endloop
endfacet
facet normal -0.0 0.6087614290087265 -0.7933533402912307
  outer loop
    vertex 112.0 49.50000000000001 11.86602540378444
    vertex 110.0 49.29289321881346 11.707106781186548
    vertex 110.0 49.50000000000001 11.86602540378444
  endloop
endfacet
facet normal -0.0 0.6087614290087265 -0.7933533402912307
  outer loop
    vertex 110.0 49.29289321881346 11.707106781186548
    vertex 112.0 49.50000000000001 11.86602540378444
    vertex 112.0 49.29289321881346 11.707106781186548
  endloop
endfacet
facet normal -0.0 0.38268343236508295 -0.9238795325112897
  outer loop
    vertex 112.0 49.74118095489749 11.965925826289068
    vertex 110.0 49.50000000000001 11.86602540378444
    vertex 110.0 49.74118095489749 11.965925826289068
  endloop
endfacet
facet normal -0.0 0.38268343236508295 -0.9238795325112897
  outer loop
    vertex 110.0 49.50000000000001 11.86602540378444
    vertex 112.0 49.74118095489749 11.965925826289068
    vertex 112.0 49.50000000000001 11.86602540378444
  endloop
endfacet
facet normal -0.0 0.13052619222005354 -0.9914448613738103
  outer loop
    vertex 112.0 50.00000000000001 12.0
    vertex 110.0 49.74118095489749 11.965925826289068
    vertex 110.0 50.00000000000001 12.0
  endloop
endfacet
facet normal -0.0 0.13052619222005354 -0.9914448613738103
  outer loop
    vertex 110.0 49.74118095489749 11.965925826289068
    vertex 112.0 50.00000000000001 12.0
    vertex 112.0 49.74118095489749 11.965925826289068
  endloop
endfacet
facet normal -0.0 -0.13052619222005077 -0.9914448613738106
  outer loop
    vertex 112.0 50.25881904510253 11.965925826289068
    vertex 110.0 50.00000000000001 12.0
    vertex 110.0 50.25881904510253 11.965925826289068
  endloop
endfacet
facet normal -0.0 -0.13052619222005077 -0.9914448613738106
  outer loop
    vertex 110.0 50.00000000000001 12.0
    vertex 112.0 50.25881904510253 11.965925826289068
    vertex 112.0 50.00000000000001 12.0
  endloop
endfacet
facet normal -0.0 -0.3826834323650951 -0.9238795325112845
  outer loop
    vertex 112.0 50.5 11.866025403784437
    vertex 110.0 50.25881904510253 11.965925826289068
    vertex 110.0 50.5 11.866025403784437
  endloop
endfacet
facet normal -0.0 -0.3826834323650951 -0.9238795325112845
  outer loop
    vertex 110.0 50.25881904510253 11.965925826289068
    vertex 112.0 50.5 11.866025403784437
    vertex 112.0 50.25881904510253 11.965925826289068
  endloop
endfacet
facet normal -0.0 -0.6087614290087128 -0.7933533402912413
  outer loop
    vertex 112.0 50.70710678118655 11.707106781186548
    vertex 110.0 50.5 11.866025403784437
    vertex 110.0 50.70710678118655 11.707106781186548
  endloop
endfacet
facet normal -0.0 -0.6087614290087128 -0.7933533402912413
  outer loop
    vertex 110.0 50.5 11.866025403784437
    vertex 112.0 50.70710678118655 11.707106781186548
    vertex 112.0 50.5 11.866025403784437
  endloop
endfacet
facet normal -0.0 -0.7933533402912372 -0.6087614290087179
  outer loop
    vertex 112.0 50.70710678118655 11.707106781186548
    vertex 110.0 50.86602540378444 11.5
    vertex 112.0 50.86602540378444 11.5
  endloop
endfacet
facet normal -0.0 -0.7933533402912372 -0.6087614290087179
  outer loop
    vertex 110.0 50.86602540378444 11.5
    vertex 112.0 50.70710678118655 11.707106781186548
    vertex 110.0 50.70710678118655 11.707106781186548
  endloop
endfacet
facet normal -0.0 -0.92387953251129 -0.38268343236508207
  outer loop
    vertex 112.0 50.86602540378444 11.5
    vertex 110.0 50.96592582628907 11.258819045102522
    vertex 112.0 50.96592582628907 11.258819045102522
  endloop
endfacet
facet normal -0.0 -0.92387953251129 -0.38268343236508207
  outer loop
    vertex 110.0 50.96592582628907 11.258819045102522
    vertex 112.0 50.86602540378444 11.5
    vertex 110.0 50.86602540378444 11.5
  endloop
endfacet
facet normal -0.0 -0.9914448613738132 -0.13052619222003092
  outer loop
    vertex 112.0 50.96592582628907 11.258819045102522
    vertex 110.0 51.0 11.000000000000002
    vertex 112.0 51.0 11.000000000000002
  endloop
endfacet
facet normal -0.0 -0.9914448613738132 -0.13052619222003092
  outer loop
    vertex 110.0 51.0 11.000000000000002
    vertex 112.0 50.96592582628907 11.258819045102522
    vertex 110.0 50.96592582628907 11.258819045102522
  endloop
endfacet
facet normal -0.0 -0.9914448613738132 0.13052619222003092
  outer loop
    vertex 112.0 51.0 11.000000000000002
    vertex 110.0 50.96592582628907 10.741180954897482
    vertex 112.0 50.96592582628907 10.741180954897482
  endloop
endfacet
facet normal -0.0 -0.9914448613738132 0.13052619222003092
  outer loop
    vertex 110.0 50.96592582628907 10.741180954897482
    vertex 112.0 51.0 11.000000000000002
    vertex 110.0 51.0 11.000000000000002
  endloop
endfacet
facet normal -0.0 -0.92387953251129 0.38268343236508207
  outer loop
    vertex 112.0 50.96592582628907 10.741180954897482
    vertex 110.0 50.86602540378444 10.500000000000002
    vertex 112.0 50.86602540378444 10.500000000000002
  endloop
endfacet
facet normal -0.0 -0.92387953251129 0.38268343236508207
  outer loop
    vertex 110.0 50.86602540378444 10.500000000000002
    vertex 112.0 50.96592582628907 10.741180954897482
    vertex 110.0 50.96592582628907 10.741180954897482
  endloop
endfacet
facet normal -0.0 -0.7933533402912268 0.6087614290087315
  outer loop
    vertex 112.0 50.86602540378444 10.500000000000002
    vertex 110.0 50.707106781186546 10.292893218813454
    vertex 112.0 50.707106781186546 10.292893218813454
  endloop
endfacet
facet normal -0.0 -0.7933533402912268 0.6087614290087315
  outer loop
    vertex 110.0 50.707106781186546 10.292893218813454
    vertex 112.0 50.86602540378444 10.500000000000002
    vertex 110.0 50.86602540378444 10.500000000000002
  endloop
endfacet
facet normal -0.0 -0.6087614290087265 0.7933533402912307
  outer loop
    vertex 112.0 50.5 10.133974596215563
    vertex 110.0 50.707106781186546 10.292893218813454
    vertex 110.0 50.5 10.133974596215563
  endloop
endfacet
facet normal -0.0 -0.6087614290087265 0.7933533402912307
  outer loop
    vertex 110.0 50.707106781186546 10.292893218813454
    vertex 112.0 50.5 10.133974596215563
    vertex 112.0 50.707106781186546 10.292893218813454
  endloop
endfacet
facet normal -0.0 -0.38268343236509056 0.9238795325112865
  outer loop
    vertex 112.0 50.25881904510253 10.034074173710934
    vertex 110.0 50.5 10.133974596215563
    vertex 110.0 50.25881904510253 10.034074173710934
  endloop
endfacet
facet normal -0.0 -0.38268343236509056 0.9238795325112865
  outer loop
    vertex 110.0 50.5 10.133974596215563
    vertex 112.0 50.25881904510253 10.034074173710934
    vertex 112.0 50.5 10.133974596215563
  endloop
endfacet
facet normal -0.0 -0.13052619222005077 0.9914448613738106
  outer loop
    vertex 112.0 50.00000000000001 10.000000000000004
    vertex 110.0 50.25881904510253 10.034074173710934
    vertex 110.0 50.00000000000001 10.000000000000004
  endloop
endfacet
facet normal -0.0 -0.13052619222005077 0.9914448613738106
  outer loop
    vertex 110.0 50.25881904510253 10.034074173710934
    vertex 112.0 50.00000000000001 10.000000000000004
    vertex 112.0 50.25881904510253 10.034074173710934
  endloop
endfacet
facet normal 0.0 0.13052619222005077 0.9914448613738106
  outer loop
    vertex 112.0 49.74118095489748 10.034074173710934
    vertex 110.0 50.00000000000001 10.000000000000004
    vertex 110.0 49.74118095489748 10.034074173710934
  endloop
endfacet
facet normal 0.0 0.13052619222005077 0.9914448613738106
  outer loop
    vertex 110.0 50.00000000000001 10.000000000000004
    vertex 112.0 49.74118095489748 10.034074173710934
    vertex 112.0 50.00000000000001 10.000000000000004
  endloop
endfacet
facet normal 0.0 0.38268343236509056 0.9238795325112865
  outer loop
    vertex 112.0 49.50000000000001 10.133974596215563
    vertex 110.0 49.74118095489748 10.034074173710934
    vertex 110.0 49.50000000000001 10.133974596215563
  endloop
endfacet
facet normal 0.0 0.38268343236509056 0.9238795325112865
  outer loop
    vertex 110.0 49.74118095489748 10.034074173710934
    vertex 112.0 49.50000000000001 10.133974596215563
    vertex 112.0 49.74118095489748 10.034074173710934
  endloop
endfacet
facet normal 0.0 0.6087614290087265 0.7933533402912307
  outer loop
    vertex 112.0 49.29289321881346 10.292893218813454
    vertex 110.0 49.50000000000001 10.133974596215563
    vertex 110.0 49.29289321881346 10.292893218813454
  endloop
endfacet
facet normal 0.0 0.6087614290087265 0.7933533402912307
  outer loop
    vertex 110.0 49.50000000000001 10.133974596215563
    vertex 112.0 49.29289321881346 10.292893218813454
    vertex 112.0 49.50000000000001 10.133974596215563
  endloop
endfacet
facet normal 0.0 0.7933533402912268 0.6087614290087315
  outer loop
    vertex 110.0 49.133974596215566 10.500000000000002
    vertex 112.0 49.29289321881346 10.292893218813454
    vertex 110.0 49.29289321881346 10.292893218813454
  endloop
endfacet
facet normal 0.0 0.7933533402912268 0.6087614290087315
  outer loop
    vertex 112.0 49.29289321881346 10.292893218813454
    vertex 110.0 49.133974596215566 10.500000000000002
    vertex 112.0 49.133974596215566 10.500000000000002
  endloop
endfacet
facet normal 0.0 0.92387953251129 0.38268343236508207
  outer loop
    vertex 110.0 49.03407417371094 10.741180954897482
    vertex 112.0 49.133974596215566 10.500000000000002
    vertex 110.0 49.133974596215566 10.500000000000002
  endloop
endfacet
facet normal 0.0 0.92387953251129 0.38268343236508207
  outer loop
    vertex 112.0 49.133974596215566 10.500000000000002
    vertex 110.0 49.03407417371094 10.741180954897482
    vertex 112.0 49.03407417371094 10.741180954897482
  endloop
endfacet
facet normal -0.0 -0.9914448613738132 -0.13052619222003092
  outer loop
    vertex 112.0 60.96592582628907 11.258819045102522
    vertex 110.0 61.0 11.000000000000002
    vertex 112.0 61.0 11.000000000000002
  endloop
endfacet
facet normal -0.0 -0.9914448613738132 -0.13052619222003092
  outer loop
    vertex 110.0 61.0 11.000000000000002
    vertex 112.0 60.96592582628907 11.258819045102522
    vertex 110.0 60.96592582628907 11.258819045102522
  endloop
endfacet
facet normal -0.0 -0.9914448613738077 0.13052619222007342
  outer loop
    vertex 112.0 61.0 11.000000000000002
    vertex 110.0 60.965925826289066 10.741180954897482
    vertex 112.0 60.965925826289066 10.741180954897482
  endloop
endfacet
facet normal -0.0 -0.9914448613738077 0.13052619222007342
  outer loop
    vertex 110.0 60.965925826289066 10.741180954897482
    vertex 112.0 61.0 11.000000000000002
    vertex 110.0 61.0 11.000000000000002
  endloop
endfacet
facet normal -0.0 -0.92387953251129 0.38268343236508207
  outer loop
    vertex 112.0 60.965925826289066 10.741180954897482
    vertex 110.0 60.866025403784434 10.500000000000002
    vertex 112.0 60.866025403784434 10.500000000000002
  endloop
endfacet
facet normal -0.0 -0.92387953251129 0.38268343236508207
  outer loop
    vertex 110.0 60.866025403784434 10.500000000000002
    vertex 112.0 60.965925826289066 10.741180954897482
    vertex 110.0 60.965925826289066 10.741180954897482
  endloop
endfacet
facet normal -0.0 -0.7933533402912477 0.6087614290087043
  outer loop
    vertex 112.0 60.866025403784434 10.500000000000002
    vertex 110.0 60.70710678118655 10.292893218813454
    vertex 112.0 60.70710678118655 10.292893218813454
  endloop
endfacet
facet normal -0.0 -0.7933533402912477 0.6087614290087043
  outer loop
    vertex 110.0 60.70710678118655 10.292893218813454
    vertex 112.0 60.866025403784434 10.500000000000002
    vertex 110.0 60.866025403784434 10.500000000000002
  endloop
endfacet
facet normal -0.0 -0.6087614290087162 0.7933533402912388
  outer loop
    vertex 112.0 60.5 10.133974596215563
    vertex 110.0 60.70710678118655 10.292893218813454
    vertex 110.0 60.5 10.133974596215563
  endloop
endfacet
facet normal -0.0 -0.6087614290087162 0.7933533402912388
  outer loop
    vertex 110.0 60.70710678118655 10.292893218813454
    vertex 112.0 60.5 10.133974596215563
    vertex 112.0 60.70710678118655 10.292893218813454
  endloop
endfacet
facet normal -0.0 -0.38268343236509056 0.9238795325112865
  outer loop
    vertex 112.0 60.25881904510253 10.034074173710934
    vertex 110.0 60.5 10.133974596215563
    vertex 110.0 60.25881904510253 10.034074173710934
  endloop
endfacet
facet normal -0.0 -0.38268343236509056 0.9238795325112865
  outer loop
    vertex 110.0 60.5 10.133974596215563
    vertex 112.0 60.25881904510253 10.034074173710934
    vertex 112.0 60.5 10.133974596215563
  endloop
endfacet
facet normal -0.0 -0.13052619222005077 0.9914448613738106
  outer loop
    vertex 112.0 60.0 10.000000000000004
    vertex 110.0 60.25881904510253 10.034074173710934
    vertex 110.0 60.0 10.000000000000004
  endloop
endfacet
facet normal -0.0 -0.13052619222005077 0.9914448613738106
  outer loop
    vertex 110.0 60.25881904510253 10.034074173710934
    vertex 112.0 60.0 10.000000000000004
    vertex 112.0 60.25881904510253 10.034074173710934
  endloop
endfacet
facet normal 0.0 0.13052619222005077 0.9914448613738106
  outer loop
    vertex 112.0 59.74118095489748 10.034074173710934
    vertex 110.0 60.0 10.000000000000004
    vertex 110.0 59.74118095489748 10.034074173710934
  endloop
endfacet
facet normal 0.0 0.13052619222005077 0.9914448613738106
  outer loop
    vertex 110.0 60.0 10.000000000000004
    vertex 112.0 59.74118095489748 10.034074173710934
    vertex 112.0 60.0 10.000000000000004
  endloop
endfacet
facet normal 0.0 0.38268343236509056 0.9238795325112865
  outer loop
    vertex 112.0 59.50000000000001 10.133974596215563
    vertex 110.0 59.74118095489748 10.034074173710934
    vertex 110.0 59.50000000000001 10.133974596215563
  endloop
endfacet
facet normal 0.0 0.38268343236509056 0.9238795325112865
  outer loop
    vertex 110.0 59.74118095489748 10.034074173710934
    vertex 112.0 59.50000000000001 10.133974596215563
    vertex 112.0 59.74118095489748 10.034074173710934
  endloop
endfacet
facet normal 0.0 0.6087614290087162 0.7933533402912388
  outer loop
    vertex 112.0 59.292893218813454 10.292893218813454
    vertex 110.0 59.50000000000001 10.133974596215563
    vertex 110.0 59.292893218813454 10.292893218813454
  endloop
endfacet
facet normal 0.0 0.6087614290087162 0.7933533402912388
  outer loop
    vertex 110.0 59.50000000000001 10.133974596215563
    vertex 112.0 59.292893218813454 10.292893218813454
    vertex 112.0 59.50000000000001 10.133974596215563
  endloop
endfacet
facet normal 0.0 0.7933533402912477 0.6087614290087043
  outer loop
    vertex 110.0 59.133974596215566 10.500000000000002
    vertex 112.0 59.292893218813454 10.292893218813454
    vertex 110.0 59.292893218813454 10.292893218813454
  endloop
endfacet
facet normal 0.0 0.7933533402912477 0.6087614290087043
  outer loop
    vertex 112.0 59.292893218813454 10.292893218813454
    vertex 110.0 59.133974596215566 10.500000000000002
    vertex 112.0 59.133974596215566 10.500000000000002
  endloop
endfacet
facet normal 0.0 0.9238795325112747 0.382683432365119
  outer loop
    vertex 110.0 59.034074173710934 10.741180954897482
    vertex 112.0 59.133974596215566 10.500000000000002
    vertex 110.0 59.133974596215566 10.500000000000002
  endloop
endfacet
facet normal 0.0 0.9238795325112747 0.382683432365119
  outer loop
    vertex 112.0 59.133974596215566 10.500000000000002
    vertex 110.0 59.034074173710934 10.741180954897482
    vertex 112.0 59.034074173710934 10.741180954897482
  endloop
endfacet
facet normal 0.0 0.9914448613738132 0.13052619222003092
  outer loop
    vertex 110.0 59.00000000000001 11.000000000000002
    vertex 112.0 59.034074173710934 10.741180954897482
    vertex 110.0 59.034074173710934 10.741180954897482
  endloop
endfacet
facet normal 0.0 0.9914448613738132 0.13052619222003092
  outer loop
    vertex 112.0 59.034074173710934 10.741180954897482
    vertex 110.0 59.00000000000001 11.000000000000002
    vertex 112.0 59.00000000000001 11.000000000000002
  endloop
endfacet
facet normal -0.0 0.9914448613738077 -0.1305261922200727
  outer loop
    vertex 110.0 59.03407417371094 11.258819045102522
    vertex 112.0 59.00000000000001 11.000000000000002
    vertex 110.0 59.00000000000001 11.000000000000002
  endloop
endfacet
facet normal -0.0 0.9914448613738077 -0.1305261922200727
  outer loop
    vertex 112.0 59.00000000000001 11.000000000000002
    vertex 110.0 59.03407417371094 11.258819045102522
    vertex 112.0 59.03407417371094 11.258819045102522
  endloop
endfacet
facet normal -0.0 0.9238795325112892 -0.382683432365084
  outer loop
    vertex 110.0 59.133974596215566 11.5
    vertex 112.0 59.03407417371094 11.258819045102522
    vertex 110.0 59.03407417371094 11.258819045102522
  endloop
endfacet
facet normal -0.0 0.9238795325112892 -0.382683432365084
  outer loop
    vertex 112.0 59.03407417371094 11.258819045102522
    vertex 110.0 59.133974596215566 11.5
    vertex 112.0 59.133974596215566 11.5
  endloop
endfacet
facet normal -0.0 0.7933533402912477 -0.6087614290087043
  outer loop
    vertex 110.0 59.292893218813454 11.707106781186548
    vertex 112.0 59.133974596215566 11.5
    vertex 110.0 59.133974596215566 11.5
  endloop
endfacet
facet normal -0.0 0.7933533402912477 -0.6087614290087043
  outer loop
    vertex 112.0 59.133974596215566 11.5
    vertex 110.0 59.292893218813454 11.707106781186548
    vertex 112.0 59.292893218813454 11.707106781186548
  endloop
endfacet
facet normal -0.0 0.6087614290087162 -0.7933533402912388
  outer loop
    vertex 112.0 59.50000000000001 11.86602540378444
    vertex 110.0 59.292893218813454 11.707106781186548
    vertex 110.0 59.50000000000001 11.86602540378444
  endloop
endfacet
facet normal -0.0 0.6087614290087162 -0.7933533402912388
  outer loop
    vertex 110.0 59.292893218813454 11.707106781186548
    vertex 112.0 59.50000000000001 11.86602540378444
    vertex 112.0 59.292893218813454 11.707106781186548
  endloop
endfacet
facet normal -0.0 0.38268343236509056 -0.9238795325112865
  outer loop
    vertex 112.0 59.74118095489748 11.965925826289068
    vertex 110.0 59.50000000000001 11.86602540378444
    vertex 110.0 59.74118095489748 11.965925826289068
  endloop
endfacet
facet normal -0.0 0.38268343236509056 -0.9238795325112865
  outer loop
    vertex 110.0 59.50000000000001 11.86602540378444
    vertex 112.0 59.74118095489748 11.965925826289068
    vertex 112.0 59.50000000000001 11.86602540378444
  endloop
endfacet
facet normal -0.0 0.13052619222005077 -0.9914448613738106
  outer loop
    vertex 112.0 60.0 12.0
    vertex 110.0 59.74118095489748 11.965925826289068
    vertex 110.0 60.0 12.0
  endloop
endfacet
facet normal -0.0 0.13052619222005077 -0.9914448613738106
  outer loop
    vertex 110.0 59.74118095489748 11.965925826289068
    vertex 112.0 60.0 12.0
    vertex 112.0 59.74118095489748 11.965925826289068
  endloop
endfacet
facet normal -0.0 -0.13052619222005077 -0.9914448613738106
  outer loop
    vertex 112.0 60.25881904510253 11.965925826289068
    vertex 110.0 60.0 12.0
    vertex 110.0 60.25881904510253 11.965925826289068
  endloop
endfacet
facet normal -0.0 -0.13052619222005077 -0.9914448613738106
  outer loop
    vertex 110.0 60.0 12.0
    vertex 112.0 60.25881904510253 11.965925826289068
    vertex 112.0 60.0 12.0
  endloop
endfacet
facet normal -0.0 -0.3826834323650951 -0.9238795325112845
  outer loop
    vertex 112.0 60.5 11.866025403784437
    vertex 110.0 60.25881904510253 11.965925826289068
    vertex 110.0 60.5 11.866025403784437
  endloop
endfacet
facet normal -0.0 -0.3826834323650951 -0.9238795325112845
  outer loop
    vertex 110.0 60.25881904510253 11.965925826289068
    vertex 112.0 60.5 11.866025403784437
    vertex 112.0 60.25881904510253 11.965925826289068
  endloop
endfacet
facet normal -0.0 -0.6087614290087128 -0.7933533402912413
  outer loop
    vertex 112.0 60.70710678118655 11.707106781186548
    vertex 110.0 60.5 11.866025403784437
    vertex 110.0 60.70710678118655 11.707106781186548
  endloop
endfacet
facet normal -0.0 -0.6087614290087128 -0.7933533402912413
  outer loop
    vertex 110.0 60.5 11.866025403784437
    vertex 112.0 60.70710678118655 11.707106781186548
    vertex 112.0 60.5 11.866025403784437
  endloop
endfacet
facet normal -0.0 -0.7933533402912477 -0.6087614290087043
  outer loop
    vertex 112.0 60.70710678118655 11.707106781186548
    vertex 110.0 60.866025403784434 11.5
    vertex 112.0 60.866025403784434 11.5
  endloop
endfacet
facet normal -0.0 -0.7933533402912477 -0.6087614290087043
  outer loop
    vertex 110.0 60.866025403784434 11.5
    vertex 112.0 60.70710678118655 11.707106781186548
    vertex 110.0 60.70710678118655 11.707106781186548
  endloop
endfacet
facet normal -0.0 -0.9238795325112747 -0.382683432365119
  outer loop
    vertex 112.0 60.866025403784434 11.5
    vertex 110.0 60.96592582628907 11.258819045102522
    vertex 112.0 60.96592582628907 11.258819045102522
  endloop
endfacet
facet normal -0.0 -0.9238795325112747 -0.382683432365119
  outer loop
    vertex 110.0 60.96592582628907 11.258819045102522
    vertex 112.0 60.866025403784434 11.5
    vertex 110.0 60.866025403784434 11.5
  endloop
endfacet
facet normal -0.0 -0.9914448613738132 -0.13052619222003092
  outer loop
    vertex 112.0 70.96592582628908 11.258819045102522
    vertex 110.0 71.0 11.000000000000002
    vertex 112.0 71.0 11.000000000000002
  endloop
endfacet
facet normal -0.0 -0.9914448613738132 -0.13052619222003092
  outer loop
    vertex 110.0 71.0 11.000000000000002
    vertex 112.0 70.96592582628908 11.258819045102522
    vertex 110.0 70.96592582628908 11.258819045102522
  endloop
endfacet
facet normal -0.0 -0.9914448613738077 0.13052619222007342
  outer loop
    vertex 112.0 71.0 11.000000000000002
    vertex 110.0 70.96592582628907 10.741180954897482
    vertex 112.0 70.96592582628907 10.741180954897482
  endloop
endfacet
facet normal -0.0 -0.9914448613738077 0.13052619222007342
  outer loop
    vertex 110.0 70.96592582628907 10.741180954897482
    vertex 112.0 71.0 11.000000000000002
    vertex 110.0 71.0 11.000000000000002
  endloop
endfacet
facet normal -0.0 -0.92387953251129 0.38268343236508207
  outer loop
    vertex 112.0 70.96592582628907 10.741180954897482
    vertex 110.0 70.86602540378443 10.500000000000002
    vertex 112.0 70.86602540378443 10.500000000000002
  endloop
endfacet
facet normal -0.0 -0.92387953251129 0.38268343236508207
  outer loop
    vertex 110.0 70.86602540378443 10.500000000000002
    vertex 112.0 70.96592582628907 10.741180954897482
    vertex 110.0 70.96592582628907 10.741180954897482
  endloop
endfacet
facet normal -0.0 -0.7933533402912477 0.6087614290087043
  outer loop
    vertex 112.0 70.86602540378443 10.500000000000002
    vertex 110.0 70.70710678118655 10.292893218813454
    vertex 112.0 70.70710678118655 10.292893218813454
  endloop
endfacet
facet normal -0.0 -0.7933533402912477 0.6087614290087043
  outer loop
    vertex 110.0 70.70710678118655 10.292893218813454
    vertex 112.0 70.86602540378443 10.500000000000002
    vertex 110.0 70.86602540378443 10.500000000000002
  endloop
endfacet
facet normal -0.0 -0.6087614290087162 0.7933533402912388
  outer loop
    vertex 112.0 70.5 10.133974596215563
    vertex 110.0 70.70710678118655 10.292893218813454
    vertex 110.0 70.5 10.133974596215563
  endloop
endfacet
facet normal -0.0 -0.6087614290087162 0.7933533402912388
  outer loop
    vertex 110.0 70.70710678118655 10.292893218813454
    vertex 112.0 70.5 10.133974596215563
    vertex 112.0 70.70710678118655 10.292893218813454
  endloop
endfacet
facet normal -0.0 -0.38268343236509056 0.9238795325112865
  outer loop
    vertex 112.0 70.25881904510253 10.034074173710934
    vertex 110.0 70.5 10.133974596215563
    vertex 110.0 70.25881904510253 10.034074173710934
  endloop
endfacet
facet normal -0.0 -0.38268343236509056 0.9238795325112865
  outer loop
    vertex 110.0 70.5 10.133974596215563
    vertex 112.0 70.25881904510253 10.034074173710934
    vertex 112.0 70.5 10.133974596215563
  endloop
endfacet
facet normal -0.0 -0.13052619222005077 0.9914448613738106
  outer loop
    vertex 112.0 70.0 10.000000000000004
    vertex 110.0 70.25881904510253 10.034074173710934
    vertex 110.0 70.0 10.000000000000004
  endloop
endfacet
facet normal -0.0 -0.13052619222005077 0.9914448613738106
  outer loop
    vertex 110.0 70.25881904510253 10.034074173710934
    vertex 112.0 70.0 10.000000000000004
    vertex 112.0 70.25881904510253 10.034074173710934
  endloop
endfacet
facet normal 0.0 0.13052619222005077 0.9914448613738106
  outer loop
    vertex 112.0 69.74118095489749 10.034074173710934
    vertex 110.0 70.0 10.000000000000004
    vertex 110.0 69.74118095489749 10.034074173710934
  endloop
endfacet
facet normal 0.0 0.13052619222005077 0.9914448613738106
  outer loop
    vertex 110.0 70.0 10.000000000000004
    vertex 112.0 69.74118095489749 10.034074173710934
    vertex 112.0 70.0 10.000000000000004
  endloop
endfacet
facet normal 0.0 0.38268343236509056 0.9238795325112865
  outer loop
    vertex 112.0 69.50000000000001 10.133974596215563
    vertex 110.0 69.74118095489749 10.034074173710934
    vertex 110.0 69.50000000000001 10.133974596215563
  endloop
endfacet
facet normal 0.0 0.38268343236509056 0.9238795325112865
  outer loop
    vertex 110.0 69.74118095489749 10.034074173710934
    vertex 112.0 69.50000000000001 10.133974596215563
    vertex 112.0 69.74118095489749 10.034074173710934
  endloop
endfacet
facet normal 0.0 0.6087614290087162 0.7933533402912388
  outer loop
    vertex 112.0 69.29289321881346 10.292893218813454
    vertex 110.0 69.50000000000001 10.133974596215563
    vertex 110.0 69.29289321881346 10.292893218813454
  endloop
endfacet
facet normal 0.0 0.6087614290087162 0.7933533402912388
  outer loop
    vertex 110.0 69.50000000000001 10.133974596215563
    vertex 112.0 69.29289321881346 10.292893218813454
    vertex 112.0 69.50000000000001 10.133974596215563
  endloop
endfacet
facet normal 0.0 0.7933533402912477 0.6087614290087043
  outer loop
    vertex 110.0 69.13397459621558 10.500000000000002
    vertex 112.0 69.29289321881346 10.292893218813454
    vertex 110.0 69.29289321881346 10.292893218813454
  endloop
endfacet
facet normal 0.0 0.7933533402912477 0.6087614290087043
  outer loop
    vertex 112.0 69.29289321881346 10.292893218813454
    vertex 110.0 69.13397459621558 10.500000000000002
    vertex 112.0 69.13397459621558 10.500000000000002
  endloop
endfacet
facet normal 0.0 0.9238795325112747 0.382683432365119
  outer loop
    vertex 110.0 69.03407417371093 10.741180954897482
    vertex 112.0 69.13397459621558 10.500000000000002
    vertex 110.0 69.13397459621558 10.500000000000002
  endloop
endfacet
facet normal 0.0 0.9238795325112747 0.382683432365119
  outer loop
    vertex 112.0 69.13397459621558 10.500000000000002
    vertex 110.0 69.03407417371093 10.741180954897482
    vertex 112.0 69.03407417371093 10.741180954897482
  endloop
endfacet
facet normal 0.0 0.9914448613738132 0.13052619222003092
  outer loop
    vertex 110.0 69.00000000000001 11.000000000000002
    vertex 112.0 69.03407417371093 10.741180954897482
    vertex 110.0 69.03407417371093 10.741180954897482
  endloop
endfacet
facet normal 0.0 0.9914448613738132 0.13052619222003092
  outer loop
    vertex 112.0 69.03407417371093 10.741180954897482
    vertex 110.0 69.00000000000001 11.000000000000002
    vertex 112.0 69.00000000000001 11.000000000000002
  endloop
endfacet
facet normal -0.0 0.9914448613738077 -0.1305261922200727
  outer loop
    vertex 110.0 69.03407417371095 11.258819045102522
    vertex 112.0 69.00000000000001 11.000000000000002
    vertex 110.0 69.00000000000001 11.000000000000002
  endloop
endfacet
facet normal -0.0 0.9914448613738077 -0.1305261922200727
  outer loop
    vertex 112.0 69.00000000000001 11.000000000000002
    vertex 110.0 69.03407417371095 11.258819045102522
    vertex 112.0 69.03407417371095 11.258819045102522
  endloop
endfacet
facet normal -0.0 0.9238795325112892 -0.382683432365084
  outer loop
    vertex 110.0 69.13397459621558 11.5
    vertex 112.0 69.03407417371095 11.258819045102522
    vertex 110.0 69.03407417371095 11.258819045102522
  endloop
endfacet
facet normal -0.0 0.9238795325112892 -0.382683432365084
  outer loop
    vertex 112.0 69.03407417371095 11.258819045102522
    vertex 110.0 69.13397459621558 11.5
    vertex 112.0 69.13397459621558 11.5
  endloop
endfacet
facet normal -0.0 0.7933533402912477 -0.6087614290087043
  outer loop
    vertex 110.0 69.29289321881346 11.707106781186548
    vertex 112.0 69.13397459621558 11.5
    vertex 110.0 69.13397459621558 11.5
  endloop
endfacet
facet normal -0.0 0.7933533402912477 -0.6087614290087043
  outer loop
    vertex 112.0 69.13397459621558 11.5
    vertex 110.0 69.29289321881346 11.707106781186548
    vertex 112.0 69.29289321881346 11.707106781186548
  endloop
endfacet
facet normal -0.0 0.6087614290087162 -0.7933533402912388
  outer loop
    vertex 112.0 69.50000000000001 11.86602540378444
    vertex 110.0 69.29289321881346 11.707106781186548
    vertex 110.0 69.50000000000001 11.86602540378444
  endloop
endfacet
facet normal -0.0 0.6087614290087162 -0.7933533402912388
  outer loop
    vertex 110.0 69.29289321881346 11.707106781186548
    vertex 112.0 69.50000000000001 11.86602540378444
    vertex 112.0 69.29289321881346 11.707106781186548
  endloop
endfacet
facet normal -0.0 0.38268343236509056 -0.9238795325112865
  outer loop
    vertex 112.0 69.74118095489749 11.965925826289068
    vertex 110.0 69.50000000000001 11.86602540378444
    vertex 110.0 69.74118095489749 11.965925826289068
  endloop
endfacet
facet normal -0.0 0.38268343236509056 -0.9238795325112865
  outer loop
    vertex 110.0 69.50000000000001 11.86602540378444
    vertex 112.0 69.74118095489749 11.965925826289068
    vertex 112.0 69.50000000000001 11.86602540378444
  endloop
endfacet
facet normal -0.0 0.13052619222005077 -0.9914448613738106
  outer loop
    vertex 112.0 70.0 12.0
    vertex 110.0 69.74118095489749 11.965925826289068
    vertex 110.0 70.0 12.0
  endloop
endfacet
facet normal -0.0 0.13052619222005077 -0.9914448613738106
  outer loop
    vertex 110.0 69.74118095489749 11.965925826289068
    vertex 112.0 70.0 12.0
    vertex 112.0 69.74118095489749 11.965925826289068
  endloop
endfacet
facet normal -0.0 -0.13052619222005077 -0.9914448613738106
  outer loop
    vertex 112.0 70.25881904510253 11.965925826289068
    vertex 110.0 70.0 12.0
    vertex 110.0 70.25881904510253 11.965925826289068
  endloop
endfacet
facet normal -0.0 -0.13052619222005077 -0.9914448613738106
  outer loop
    vertex 110.0 70.0 12.0
    vertex 112.0 70.25881904510253 11.965925826289068
    vertex 112.0 70.0 12.0
  endloop
endfacet
facet normal -0.0 -0.3826834323650951 -0.9238795325112845
  outer loop
    vertex 112.0 70.5 11.866025403784437
    vertex 110.0 70.25881904510253 11.965925826289068
    vertex 110.0 70.5 11.866025403784437
  endloop
endfacet
facet normal -0.0 -0.3826834323650951 -0.9238795325112845
  outer loop
    vertex 110.0 70.25881904510253 11.965925826289068
    vertex 112.0 70.5 11.866025403784437
    vertex 112.0 70.25881904510253 11.965925826289068
  endloop
endfacet
facet normal -0.0 -0.6087614290087128 -0.7933533402912413
  outer loop
    vertex 112.0 70.70710678118655 11.707106781186548
    vertex 110.0 70.5 11.866025403784437
    vertex 110.0 70.70710678118655 11.707106781186548
  endloop
endfacet
facet normal -0.0 -0.6087614290087128 -0.7933533402912413
  outer loop
    vertex 110.0 70.5 11.866025403784437
    vertex 112.0 70.70710678118655 11.707106781186548
    vertex 112.0 70.5 11.866025403784437
  endloop
endfacet
facet normal -0.0 -0.7933533402912477 -0.6087614290087043
  outer loop
    vertex 112.0 70.70710678118655 11.707106781186548
    vertex 110.0 70.86602540378443 11.5
    vertex 112.0 70.86602540378443 11.5
  endloop
endfacet
facet normal -0.0 -0.7933533402912477 -0.6087614290087043
  outer loop
    vertex 110.0 70.86602540378443 11.5
    vertex 112.0 70.70710678118655 11.707106781186548
    vertex 110.0 70.70710678118655 11.707106781186548
  endloop
endfacet
facet normal -0.0 -0.9238795325112747 -0.382683432365119
  outer loop
    vertex 112.0 70.86602540378443 11.5
    vertex 110.0 70.96592582628908 11.258819045102522
    vertex 112.0 70.96592582628908 11.258819045102522
  endloop
endfacet
facet normal -0.0 -0.9238795325112747 -0.382683432365119
  outer loop
    vertex 110.0 70.96592582628908 11.258819045102522
    vertex 112.0 70.86602540378443 11.5
    vertex 110.0 70.86602540378443 11.5
  endloop
endfacet
facet normal -0.0 -0.9914448613738132 -0.13052619222003092
  outer loop
    vertex 112.0 80.96592582628907 11.258819045102522
    vertex 110.0 81.0 11.000000000000002
    vertex 112.0 81.0 11.000000000000002
  endloop
endfacet
facet normal -0.0 -0.9914448613738132 -0.13052619222003092
  outer loop
    vertex 110.0 81.0 11.000000000000002
    vertex 112.0 80.96592582628907 11.258819045102522
    vertex 110.0 80.96592582628907 11.258819045102522
  endloop
endfacet
facet normal -0.0 -0.9914448613738132 0.13052619222003092
  outer loop
    vertex 112.0 81.0 11.000000000000002
    vertex 110.0 80.96592582628907 10.741180954897482
    vertex 112.0 80.96592582628907 10.741180954897482
  endloop
endfacet
facet normal -0.0 -0.9914448613738132 0.13052619222003092
  outer loop
    vertex 110.0 80.96592582628907 10.741180954897482
    vertex 112.0 81.0 11.000000000000002
    vertex 110.0 81.0 11.000000000000002
  endloop
endfacet
facet normal -0.0 -0.9238795325112747 0.382683432365119
  outer loop
    vertex 112.0 80.96592582628907 10.741180954897482
    vertex 110.0 80.86602540378443 10.500000000000002
    vertex 112.0 80.86602540378443 10.500000000000002
  endloop
endfacet
facet normal -0.0 -0.9238795325112747 0.382683432365119
  outer loop
    vertex 110.0 80.86602540378443 10.500000000000002
    vertex 112.0 80.96592582628907 10.741180954897482
    vertex 110.0 80.96592582628907 10.741180954897482
  endloop
endfacet
facet normal -0.0 -0.7933533402912477 0.6087614290087043
  outer loop
    vertex 112.0 80.86602540378443 10.500000000000002
    vertex 110.0 80.70710678118655 10.292893218813454
    vertex 112.0 80.70710678118655 10.292893218813454
  endloop
endfacet
facet normal -0.0 -0.7933533402912477 0.6087614290087043
  outer loop
    vertex 110.0 80.70710678118655 10.292893218813454
    vertex 112.0 80.86602540378443 10.500000000000002
    vertex 110.0 80.86602540378443 10.500000000000002
  endloop
endfacet
facet normal -0.0 -0.6087614290087162 0.7933533402912388
  outer loop
    vertex 112.0 80.5 10.133974596215563
    vertex 110.0 80.70710678118655 10.292893218813454
    vertex 110.0 80.5 10.133974596215563
  endloop
endfacet
facet normal -0.0 -0.6087614290087162 0.7933533402912388
  outer loop
    vertex 110.0 80.70710678118655 10.292893218813454
    vertex 112.0 80.5 10.133974596215563
    vertex 112.0 80.70710678118655 10.292893218813454
  endloop
endfacet
facet normal -0.0 -0.38268343236509056 0.9238795325112865
  outer loop
    vertex 112.0 80.25881904510253 10.034074173710934
    vertex 110.0 80.5 10.133974596215563
    vertex 110.0 80.25881904510253 10.034074173710934
  endloop
endfacet
facet normal -0.0 -0.38268343236509056 0.9238795325112865
  outer loop
    vertex 110.0 80.5 10.133974596215563
    vertex 112.0 80.25881904510253 10.034074173710934
    vertex 112.0 80.5 10.133974596215563
  endloop
endfacet
facet normal -0.0 -0.13052619222005077 0.9914448613738106
  outer loop
    vertex 112.0 80.0 10.000000000000004
    vertex 110.0 80.25881904510253 10.034074173710934
    vertex 110.0 80.0 10.000000000000004
  endloop
endfacet
facet normal -0.0 -0.13052619222005077 0.9914448613738106
  outer loop
    vertex 110.0 80.25881904510253 10.034074173710934
    vertex 112.0 80.0 10.000000000000004
    vertex 112.0 80.25881904510253 10.034074173710934
  endloop
endfacet
facet normal 0.0 0.13052619222005077 0.9914448613738106
  outer loop
    vertex 112.0 79.74118095489747 10.034074173710934
    vertex 110.0 80.0 10.000000000000004
    vertex 110.0 79.74118095489747 10.034074173710934
  endloop
endfacet
facet normal 0.0 0.13052619222005077 0.9914448613738106
  outer loop
    vertex 110.0 80.0 10.000000000000004
    vertex 112.0 79.74118095489747 10.034074173710934
    vertex 112.0 80.0 10.000000000000004
  endloop
endfacet
facet normal 0.0 0.38268343236509056 0.9238795325112865
  outer loop
    vertex 112.0 79.5 10.133974596215563
    vertex 110.0 79.74118095489747 10.034074173710934
    vertex 110.0 79.5 10.133974596215563
  endloop
endfacet
facet normal 0.0 0.38268343236509056 0.9238795325112865
  outer loop
    vertex 110.0 79.74118095489747 10.034074173710934
    vertex 112.0 79.5 10.133974596215563
    vertex 112.0 79.74118095489747 10.034074173710934
  endloop
endfacet
facet normal 0.0 0.6087614290087162 0.7933533402912388
  outer loop
    vertex 112.0 79.29289321881345 10.292893218813454
    vertex 110.0 79.5 10.133974596215563
    vertex 110.0 79.29289321881345 10.292893218813454
  endloop
endfacet
facet normal 0.0 0.6087614290087162 0.7933533402912388
  outer loop
    vertex 110.0 79.5 10.133974596215563
    vertex 112.0 79.29289321881345 10.292893218813454
    vertex 112.0 79.5 10.133974596215563
  endloop
endfacet
facet normal 0.0 0.7933533402912477 0.6087614290087043
  outer loop
    vertex 110.0 79.13397459621557 10.500000000000002
    vertex 112.0 79.29289321881345 10.292893218813454
    vertex 110.0 79.29289321881345 10.292893218813454
  endloop
endfacet
facet normal 0.0 0.7933533402912477 0.6087614290087043
  outer loop
    vertex 112.0 79.29289321881345 10.292893218813454
    vertex 110.0 79.13397459621557 10.500000000000002
    vertex 112.0 79.13397459621557 10.500000000000002
  endloop
endfacet
facet normal 0.0 0.9238795325112747 0.382683432365119
  outer loop
    vertex 110.0 79.03407417371093 10.741180954897482
    vertex 112.0 79.13397459621557 10.500000000000002
    vertex 110.0 79.13397459621557 10.500000000000002
  endloop
endfacet
facet normal 0.0 0.9238795325112747 0.382683432365119
  outer loop
    vertex 112.0 79.13397459621557 10.500000000000002
    vertex 110.0 79.03407417371093 10.741180954897482
    vertex 112.0 79.03407417371093 10.741180954897482
  endloop
endfacet
facet normal 0.0 0.9914448613738132 0.13052619222003092
  outer loop
    vertex 110.0 79.0 11.000000000000002
    vertex 112.0 79.03407417371093 10.741180954897482
    vertex 110.0 79.03407417371093 10.741180954897482
  endloop
endfacet
facet normal 0.0 0.9914448613738132 0.13052619222003092
  outer loop
    vertex 112.0 79.03407417371093 10.741180954897482
    vertex 110.0 79.0 11.000000000000002
    vertex 112.0 79.0 11.000000000000002
  endloop
endfacet
facet normal -0.0 0.9914448613738077 -0.1305261922200727
  outer loop
    vertex 110.0 79.03407417371093 11.258819045102522
    vertex 112.0 79.0 11.000000000000002
    vertex 110.0 79.0 11.000000000000002
  endloop
endfacet
facet normal -0.0 0.9914448613738077 -0.1305261922200727
  outer loop
    vertex 112.0 79.0 11.000000000000002
    vertex 110.0 79.03407417371093 11.258819045102522
    vertex 112.0 79.03407417371093 11.258819045102522
  endloop
endfacet
facet normal -0.0 0.9238795325112892 -0.382683432365084
  outer loop
    vertex 110.0 79.13397459621557 11.5
    vertex 112.0 79.03407417371093 11.258819045102522
    vertex 110.0 79.03407417371093 11.258819045102522
  endloop
endfacet
facet normal -0.0 0.9238795325112892 -0.382683432365084
  outer loop
    vertex 112.0 79.03407417371093 11.258819045102522
    vertex 110.0 79.13397459621557 11.5
    vertex 112.0 79.13397459621557 11.5
  endloop
endfacet
facet normal -0.0 0.7933533402912477 -0.6087614290087043
  outer loop
    vertex 110.0 79.29289321881345 11.707106781186548
    vertex 112.0 79.13397459621557 11.5
    vertex 110.0 79.13397459621557 11.5
  endloop
endfacet
facet normal -0.0 0.7933533402912477 -0.6087614290087043
  outer loop
    vertex 112.0 79.13397459621557 11.5
    vertex 110.0 79.29289321881345 11.707106781186548
    vertex 112.0 79.29289321881345 11.707106781186548
  endloop
endfacet
facet normal -0.0 0.6087614290087162 -0.7933533402912388
  outer loop
    vertex 112.0 79.5 11.86602540378444
    vertex 110.0 79.29289321881345 11.707106781186548
    vertex 110.0 79.5 11.86602540378444
  endloop
endfacet
facet normal -0.0 0.6087614290087162 -0.7933533402912388
  outer loop
    vertex 110.0 79.29289321881345 11.707106781186548
    vertex 112.0 79.5 11.86602540378444
    vertex 112.0 79.29289321881345 11.707106781186548
  endloop
endfacet
facet normal -0.0 0.38268343236509056 -0.9238795325112865
  outer loop
    vertex 112.0 79.74118095489747 11.965925826289068
    vertex 110.0 79.5 11.86602540378444
    vertex 110.0 79.74118095489747 11.965925826289068
  endloop
endfacet
facet normal -0.0 0.38268343236509056 -0.9238795325112865
  outer loop
    vertex 110.0 79.5 11.86602540378444
    vertex 112.0 79.74118095489747 11.965925826289068
    vertex 112.0 79.5 11.86602540378444
  endloop
endfacet
facet normal -0.0 0.13052619222005077 -0.9914448613738106
  outer loop
    vertex 112.0 80.0 12.0
    vertex 110.0 79.74118095489747 11.965925826289068
    vertex 110.0 80.0 12.0
  endloop
endfacet
facet normal -0.0 0.13052619222005077 -0.9914448613738106
  outer loop
    vertex 110.0 79.74118095489747 11.965925826289068
    vertex 112.0 80.0 12.0
    vertex 112.0 79.74118095489747 11.965925826289068
  endloop
endfacet
facet normal -0.0 -0.13052619222005077 -0.9914448613738106
  outer loop
    vertex 112.0 80.25881904510253 11.965925826289068
    vertex 110.0 80.0 12.0
    vertex 110.0 80.25881904510253 11.965925826289068
  endloop
endfacet
facet normal -0.0 -0.13052619222005077 -0.9914448613738106
  outer loop
    vertex 110.0 80.0 12.0
    vertex 112.0 80.25881904510253 11.965925826289068
    vertex 112.0 80.0 12.0
  endloop
endfacet
facet normal -0.0 -0.3826834323650951 -0.9238795325112845
  outer loop
    vertex 112.0 80.5 11.866025403784437
    vertex 110.0 80.25881904510253 11.965925826289068
    vertex 110.0 80.5 11.866025403784437
  endloop
endfacet
facet normal -0.0 -0.3826834323650951 -0.9238795325112845
  outer loop
    vertex 110.0 80.25881904510253 11.965925826289068
    vertex 112.0 80.5 11.866025403784437
    vertex 112.0 80.25881904510253 11.965925826289068
  endloop
endfacet
facet normal -0.0 -0.6087614290087128 -0.7933533402912413
  outer loop
    vertex 112.0 80.70710678118655 11.707106781186548
    vertex 110.0 80.5 11.866025403784437
    vertex 110.0 80.70710678118655 11.707106781186548
  endloop
endfacet
facet normal -0.0 -0.6087614290087128 -0.7933533402912413
  outer loop
    vertex 110.0 80.5 11.866025403784437
    vertex 112.0 80.70710678118655 11.707106781186548
    vertex 112.0 80.5 11.866025403784437
  endloop
endfacet
facet normal -0.0 -0.7933533402912477 -0.6087614290087043
  outer loop
    vertex 112.0 80.70710678118655 11.707106781186548
    vertex 110.0 80.86602540378443 11.5
    vertex 112.0 80.86602540378443 11.5
  endloop
endfacet
facet normal -0.0 -0.7933533402912477 -0.6087614290087043
  outer loop
    vertex 110.0 80.86602540378443 11.5
    vertex 112.0 80.70710678118655 11.707106781186548
    vertex 110.0 80.70710678118655 11.707106781186548
  endloop
endfacet
facet normal -0.0 -0.9238795325112747 -0.382683432365119
  outer loop
    vertex 112.0 80.86602540378443 11.5
    vertex 110.0 80.96592582628907 11.258819045102522
    vertex 112.0 80.96592582628907 11.258819045102522
  endloop
endfacet
facet normal -0.0 -0.9238795325112747 -0.382683432365119
  outer loop
    vertex 110.0 80.96592582628907 11.258819045102522
    vertex 112.0 80.86602540378443 11.5
    vertex 110.0 80.86602540378443 11.5
  endloop
endfacet
facet normal -0.0 -0.9998911984296573 -0.014750976337300551
  outer loop
    vertex 112.0 90.98941160184313 11.145136770455249
    vertex 110.0 90.9915527438694 11.000000000000002
    vertex 112.0 90.9915527438694 11.000000000000002
  endloop
endfacet
facet normal -0.0 -0.9998911984296573 -0.014750976337300551
  outer loop
    vertex 110.0 90.9915527438694 11.000000000000002
    vertex 112.0 90.98941160184313 11.145136770455249
    vertex 110.0 90.98941160184313 11.145136770455249
  endloop
endfacet
facet normal -0.0 -0.9998911984296571 -0.014750976337315086
  outer loop
    vertex 112.0 90.9915527438694 11.000000000000002
    vertex 110.0 90.99326237938881 10.884112788924515
    vertex 112.0 90.99326237938881 10.884112788924515
  endloop
endfacet
facet normal -0.0 -0.9998911984296571 -0.014750976337315086
  outer loop
    vertex 110.0 90.99326237938881 10.884112788924515
    vertex 112.0 90.9915527438694 11.000000000000002
    vertex 110.0 90.9915527438694 11.000000000000002
  endloop
endfacet
facet normal -0.0 -0.9696385656522892 0.2445425361767795
  outer loop
    vertex 112.0 90.99326237938881 10.884112788924515
    vertex 110.0 90.92942396722283 10.630986329315904
    vertex 112.0 90.92942396722283 10.630986329315904
  endloop
endfacet
facet normal -0.0 -0.9696385656522892 0.2445425361767795
  outer loop
    vertex 110.0 90.92942396722283 10.630986329315904
    vertex 112.0 90.99326237938881 10.884112788924515
    vertex 110.0 90.99326237938881 10.884112788924515
  endloop
endfacet
facet normal -0.0 -0.8733066670292152 0.48717087897607714
  outer loop
    vertex 112.0 90.92942396722283 10.630986329315904
    vertex 110.0 90.80224684763635 10.40300754154049
    vertex 112.0 90.80224684763635 10.40300754154049
  endloop
endfacet
facet normal -0.0 -0.8733066670292152 0.48717087897607714
  outer loop
    vertex 110.0 90.80224684763635 10.40300754154049
    vertex 112.0 90.92942396722283 10.630986329315904
    vertex 110.0 90.92942396722283 10.630986329315904
  endloop
endfacet
facet normal -0.0 -0.717460362255588 0.696599331461121
  outer loop
    vertex 112.0 90.80224684763635 10.40300754154049
    vertex 110.0 90.62039793115903 10.215712803232405
    vertex 112.0 90.62039793115903 10.215712803232405
  endloop
endfacet
facet normal -0.0 -0.717460362255588 0.696599331461121
  outer loop
    vertex 110.0 90.62039793115903 10.215712803232405
    vertex 112.0 90.80224684763635 10.40300754154049
    vertex 110.0 90.80224684763635 10.40300754154049
  endloop
endfacet
facet normal -0.0 -0.5127203194535778 0.8585556906918859
  outer loop
    vertex 112.0 90.3962699209293 10.08186594128816
    vertex 110.0 90.62039793115903 10.215712803232405
    vertex 110.0 90.3962699209293 10.08186594128816
  endloop
endfacet
facet normal -0.0 -0.5127203194535778 0.8585556906918859
  outer loop
    vertex 110.0 90.62039793115903 10.215712803232405
    vertex 112.0 90.3962699209293 10.08186594128816
    vertex 112.0 90.62039793115903 10.215712803232405
  endloop
endfacet
facet normal -0.0 -0.2730392341911718 0.9620028984323792
  outer loop
    vertex 112.0 90.14513677045524 10.010588398156855
    vertex 110.0 90.3962699209293 10.08186594128816
    vertex 110.0 90.14513677045524 10.010588398156855
  endloop
endfacet
facet normal -0.0 -0.2730392341911718 0.9620028984323792
  outer loop
    vertex 110.0 90.3962699209293 10.08186594128816
    vertex 112.0 90.14513677045524 10.010588398156855
    vertex 112.0 90.3962699209293 10.08186594128816
  endloop
endfacet
facet normal -0.0 -0.014750976337317886 0.9998911984296572
  outer loop
    vertex 112.0 89.88411278892451 10.00673762061118
    vertex 110.0 90.14513677045524 10.010588398156855
    vertex 110.0 89.88411278892451 10.00673762061118
  endloop
endfacet
facet normal -0.0 -0.014750976337317886 0.9998911984296572
  outer loop
    vertex 110.0 90.14513677045524 10.010588398156855
    vertex 112.0 89.88411278892451 10.00673762061118
    vertex 112.0 90.14513677045524 10.010588398156855
  endloop
endfacet
facet normal 0.0 0.24454253617677563 0.9696385656522901
  outer loop
    vertex 112.0 89.63098632931589 10.070576032777158
    vertex 110.0 89.88411278892451 10.00673762061118
    vertex 110.0 89.63098632931589 10.070576032777158
  endloop
endfacet
facet normal 0.0 0.24454253617677563 0.9696385656522901
  outer loop
    vertex 110.0 89.88411278892451 10.00673762061118
    vertex 112.0 89.63098632931589 10.070576032777158
    vertex 112.0 89.88411278892451 10.00673762061118
  endloop
endfacet
facet normal 0.0 0.48717087897608485 0.8733066670292109
  outer loop
    vertex 112.0 89.40300754154048 10.197753152363646
    vertex 110.0 89.63098632931589 10.070576032777158
    vertex 110.0 89.40300754154048 10.197753152363646
  endloop
endfacet
facet normal 0.0 0.48717087897608485 0.8733066670292109
  outer loop
    vertex 110.0 89.63098632931589 10.070576032777158
    vertex 112.0 89.40300754154048 10.197753152363646
    vertex 112.0 89.63098632931589 10.070576032777158
  endloop
endfacet
facet normal 0.0 0.6965993314611315 0.7174603622555777
  outer loop
    vertex 112.0 89.2157128032324 10.379602068840953
    vertex 110.0 89.40300754154048 10.197753152363646
    vertex 110.0 89.2157128032324 10.379602068840953
  endloop
endfacet
facet normal 0.0 0.6965993314611315 0.7174603622555777
  outer loop
    vertex 110.0 89.40300754154048 10.197753152363646
    vertex 112.0 89.2157128032324 10.379602068840953
    vertex 112.0 89.40300754154048 10.197753152363646
  endloop
endfacet
facet normal 0.0 0.8585556906918869 0.5127203194535762
  outer loop
    vertex 110.0 89.08186594128816 10.60373007907069
    vertex 112.0 89.2157128032324 10.379602068840953
    vertex 110.0 89.2157128032324 10.379602068840953
  endloop
endfacet
facet normal 0.0 0.8585556906918869 0.5127203194535762
  outer loop
    vertex 112.0 89.2157128032324 10.379602068840953
    vertex 110.0 89.08186594128816 10.60373007907069
    vertex 112.0 89.08186594128816 10.60373007907069
  endloop
endfacet
facet normal 0.0 0.9620028984323789 0.27303923419117326
  outer loop
    vertex 110.0 89.01058839815686 10.854863229544753
    vertex 112.0 89.08186594128816 10.60373007907069
    vertex 110.0 89.08186594128816 10.60373007907069
  endloop
endfacet
facet normal 0.0 0.9620028984323789 0.27303923419117326
  outer loop
    vertex 112.0 89.08186594128816 10.60373007907069
    vertex 110.0 89.01058839815686 10.854863229544753
    vertex 112.0 89.01058839815686 10.854863229544753
  endloop
endfacet
facet normal 0.0 0.9998911984296573 0.014750976337300551
  outer loop
    vertex 110.0 89.00844725613058 11.000000000000002
    vertex 112.0 89.01058839815686 10.854863229544753
    vertex 110.0 89.01058839815686 10.854863229544753
  endloop
endfacet
facet normal 0.0 0.9998911984296573 0.014750976337300551
  outer loop
    vertex 112.0 89.01058839815686 10.854863229544753
    vertex 110.0 89.00844725613058 11.000000000000002
    vertex 112.0 89.00844725613058 11.000000000000002
  endloop
endfacet
facet normal 0.0 0.9998911984296571 0.014750976337315086
  outer loop
    vertex 110.0 89.00673762061118 11.115887211075487
    vertex 112.0 89.00844725613058 11.000000000000002
    vertex 110.0 89.00844725613058 11.000000000000002
  endloop
endfacet
facet normal 0.0 0.9998911984296571 0.014750976337315086
  outer loop
    vertex 112.0 89.00844725613058 11.000000000000002
    vertex 110.0 89.00673762061118 11.115887211075487
    vertex 112.0 89.00673762061118 11.115887211075487
  endloop
endfacet
facet normal -0.0 0.9696385656522892 -0.2445425361767795
  outer loop
    vertex 110.0 89.07057603277715 11.369013670684097
    vertex 112.0 89.00673762061118 11.115887211075487
    vertex 110.0 89.00673762061118 11.115887211075487
  endloop
endfacet
facet normal -0.0 0.9696385656522892 -0.2445425361767795
  outer loop
    vertex 112.0 89.00673762061118 11.115887211075487
    vertex 110.0 89.07057603277715 11.369013670684097
    vertex 112.0 89.07057603277715 11.369013670684097
  endloop
endfacet
facet normal -0.0 0.8733066670292152 -0.48717087897607714
  outer loop
    vertex 110.0 89.19775315236363 11.596992458459512
    vertex 112.0 89.07057603277715 11.369013670684097
    vertex 110.0 89.07057603277715 11.369013670684097
  endloop
endfacet
facet normal -0.0 0.8733066670292152 -0.48717087897607714
  outer loop
    vertex 112.0 89.07057603277715 11.369013670684097
    vertex 110.0 89.19775315236363 11.596992458459512
    vertex 112.0 89.19775315236363 11.596992458459512
  endloop
endfacet
facet normal -0.0 0.717460362255588 -0.696599331461121
  outer loop
    vertex 110.0 89.37960206884095 11.784287196767597
    vertex 112.0 89.19775315236363 11.596992458459512
    vertex 110.0 89.19775315236363 11.596992458459512
  endloop
endfacet
facet normal -0.0 0.717460362255588 -0.696599331461121
  outer loop
    vertex 112.0 89.19775315236363 11.596992458459512
    vertex 110.0 89.37960206884095 11.784287196767597
    vertex 112.0 89.37960206884095 11.784287196767597
  endloop
endfacet
facet normal -0.0 0.5127203194535778 -0.8585556906918859
  outer loop
    vertex 112.0 89.60373007907069 11.918134058711841
    vertex 110.0 89.37960206884095 11.784287196767597
    vertex 110.0 89.60373007907069 11.918134058711841
  endloop
endfacet
facet normal -0.0 0.5127203194535778 -0.8585556906918859
  outer loop
    vertex 110.0 89.37960206884095 11.784287196767597
    vertex 112.0 89.60373007907069 11.918134058711841
    vertex 112.0 89.37960206884095 11.784287196767597
  endloop
endfacet
facet normal -0.0 0.2730392341911718 -0.9620028984323792
  outer loop
    vertex 112.0 89.85486322954475 11.989411601843146
    vertex 110.0 89.60373007907069 11.918134058711841
    vertex 110.0 89.85486322954475 11.989411601843146
  endloop
endfacet
facet normal -0.0 0.2730392341911718 -0.9620028984323792
  outer loop
    vertex 110.0 89.60373007907069 11.918134058711841
    vertex 112.0 89.85486322954475 11.989411601843146
    vertex 112.0 89.60373007907069 11.918134058711841
  endloop
endfacet
facet normal -0.0 0.014750976337319973 -0.999891198429657
  outer loop
    vertex 112.0 90.0 11.991552743869422
    vertex 110.0 89.85486322954475 11.989411601843146
    vertex 110.0 90.0 11.991552743869422
  endloop
endfacet
facet normal -0.0 0.014750976337319973 -0.999891198429657
  outer loop
    vertex 110.0 89.85486322954475 11.989411601843146
    vertex 112.0 90.0 11.991552743869422
    vertex 112.0 89.85486322954475 11.989411601843146
  endloop
endfacet
facet normal -0.0 0.014750976337315267 -0.9998911984296571
  outer loop
    vertex 112.0 90.11588721107547 11.993262379388824
    vertex 110.0 90.0 11.991552743869422
    vertex 110.0 90.11588721107547 11.993262379388824
  endloop
endfacet
facet normal -0.0 0.014750976337315267 -0.9998911984296571
  outer loop
    vertex 110.0 90.0 11.991552743869422
    vertex 112.0 90.11588721107547 11.993262379388824
    vertex 112.0 90.0 11.991552743869422
  endloop
endfacet
facet normal -0.0 -0.24454253617677563 -0.9696385656522901
  outer loop
    vertex 112.0 90.3690136706841 11.929423967222846
    vertex 110.0 90.11588721107547 11.993262379388824
    vertex 110.0 90.3690136706841 11.929423967222846
  endloop
endfacet
facet normal -0.0 -0.24454253617677563 -0.9696385656522901
  outer loop
    vertex 110.0 90.11588721107547 11.993262379388824
    vertex 112.0 90.3690136706841 11.929423967222846
    vertex 112.0 90.11588721107547 11.993262379388824
  endloop
endfacet
facet normal -0.0 -0.48717087897608485 -0.8733066670292109
  outer loop
    vertex 112.0 90.59699245845951 11.802246847636356
    vertex 110.0 90.3690136706841 11.929423967222846
    vertex 110.0 90.59699245845951 11.802246847636356
  endloop
endfacet
facet normal -0.0 -0.48717087897608485 -0.8733066670292109
  outer loop
    vertex 110.0 90.3690136706841 11.929423967222846
    vertex 112.0 90.59699245845951 11.802246847636356
    vertex 112.0 90.3690136706841 11.929423967222846
  endloop
endfacet
facet normal -0.0 -0.6965993314611315 -0.7174603622555777
  outer loop
    vertex 112.0 90.78428719676758 11.62039793115905
    vertex 110.0 90.59699245845951 11.802246847636356
    vertex 110.0 90.78428719676758 11.62039793115905
  endloop
endfacet
facet normal -0.0 -0.6965993314611315 -0.7174603622555777
  outer loop
    vertex 110.0 90.59699245845951 11.802246847636356
    vertex 112.0 90.78428719676758 11.62039793115905
    vertex 112.0 90.59699245845951 11.802246847636356
  endloop
endfacet
facet normal -0.0 -0.8585556906918869 -0.5127203194535762
  outer loop
    vertex 112.0 90.78428719676758 11.62039793115905
    vertex 110.0 90.91813405871183 11.396269920929312
    vertex 112.0 90.91813405871183 11.396269920929312
  endloop
endfacet
facet normal -0.0 -0.8585556906918869 -0.5127203194535762
  outer loop
    vertex 110.0 90.91813405871183 11.396269920929312
    vertex 112.0 90.78428719676758 11.62039793115905
    vertex 110.0 90.78428719676758 11.62039793115905
  endloop
endfacet
facet normal -0.0 -0.9620028984323789 -0.27303923419117326
  outer loop
    vertex 112.0 90.91813405871183 11.396269920929312
    vertex 110.0 90.98941160184313 11.145136770455249
    vertex 112.0 90.98941160184313 11.145136770455249
  endloop
endfacet
facet normal -0.0 -0.9620028984323789 -0.27303923419117326
  outer loop
    vertex 110.0 90.98941160184313 11.145136770455249
    vertex 112.0 90.91813405871183 11.396269920929312
    vertex 110.0 90.91813405871183 11.396269920929312
  endloop
endfacet
endsolid 120fanductv1
